[10sept.2026 13:18:30.641] [main/INFO] [cpw.mods.modlauncher.Launcher/MODLAUNCHER]: ModLauncher running: args [--launchTarget, forgeserver, --fml.neoForgeVersion, 21.1.234, --fml.fmlVersion, 4.0.42, --fml.mcVersion, 1.21.1, --fml.neoFormVersion, 20240808.144430, nogui]
[10sept.2026 13:18:30.648] [main/INFO] [cpw.mods.modlauncher.Launcher/MODLAUNCHER]: JVM identified as Oracle Corporation Java HotSpot(TM) 64-Bit Server VM 21.0.11+9-LTS-211
[10sept.2026 13:18:30.650] [main/INFO] [cpw.mods.modlauncher.Launcher/MODLAUNCHER]: ModLauncher 11.0.5+main.901c6ea8 starting: java version 21.0.11 by Oracle Corporation; OS Windows 11 arch amd64 version 10.0
[10sept.2026 13:18:32.365] [main/INFO] [net.neoforged.fml.loading.ImmediateWindowHandler/]: ImmediateWindowProvider not loading because launch target is forgeserver
[10sept.2026 13:18:32.504] [main/INFO] [mixin/]: SpongePowered MIXIN Subsystem Version=0.8.7 Source=union:/C:/Users/Zakohen/Desktop/minecraft_survie_chill/libraries/net/fabricmc/sponge-mixin/0.15.2+mixin.0.8.7/sponge-mixin-0.15.2+mixin.0.8.7.jar%2373!/ Service=ModLauncher Env=SERVER
[10sept.2026 13:18:33.197] [main/INFO] [net.neoforged.fml.loading.moddiscovery.ModDiscoverer/SCAN]: Found mod file "server-1.21.1-20240808.144430-srg.jar" [locator: production server provider +net.neoforged:neoforge:21.1.234:server]
[10sept.2026 13:18:33.283] [main/INFO] [net.neoforged.fml.loading.moddiscovery.ModDiscoverer/SCAN]: Found mod file "neoforge-21.1.234-universal.jar" [locator: PathBasedLocator[name=neoforge, paths=[libraries\net\neoforged\neoforge\21.1.234\neoforge-21.1.234-universal.jar]], reader: mod manifest]
[10sept.2026 13:18:33.344] [main/INFO] [net.neoforged.fml.loading.moddiscovery.ModDiscoverer/SCAN]: Found mod file "[1.21.1] SecurityCraft v1.10.1.jar" [locator: {mods folder locator at C:\Users\Zakohen\Desktop\minecraft_survie_chill\mods}, reader: mod manifest]
[10sept.2026 13:18:33.365] [main/INFO] [net.neoforged.fml.loading.moddiscovery.ModDiscoverer/SCAN]: Found mod file "[Neoforge]ctov-3.6.3.jar" [locator: {mods folder locator at C:\Users\Zakohen\Desktop\minecraft_survie_chill\mods}, reader: mod manifest]
[10sept.2026 13:18:33.381] [main/INFO] [net.neoforged.fml.loading.moddiscovery.ModDiscoverer/SCAN]: Found mod file "addonslib-neoforge-1.21.1-1.10.jar" [locator: {mods folder locator at C:\Users\Zakohen\Desktop\minecraft_survie_chill\mods}, reader: mod manifest]
[10sept.2026 13:18:33.397] [main/INFO] [net.neoforged.fml.loading.moddiscovery.ModDiscoverer/SCAN]: Found mod file "adorable_eggs-NeoForge-1.21.1-1.0.3.jar" [locator: {mods folder locator at C:\Users\Zakohen\Desktop\minecraft_survie_chill\mods}, reader: mod manifest]
[10sept.2026 13:18:33.421] [main/INFO] [net.neoforged.fml.loading.moddiscovery.ModDiscoverer/SCAN]: Found mod file "Advanced Stands MC 1.21.1 - 1.0.0 Neoforge.jar" [locator: {mods folder locator at C:\Users\Zakohen\Desktop\minecraft_survie_chill\mods}, reader: mod manifest]
[10sept.2026 13:18:33.466] [main/INFO] [net.neoforged.fml.loading.moddiscovery.ModDiscoverer/SCAN]: Found mod file "advancednetherite-neoforge-2.3.1-1.21.1.jar" [locator: {mods folder locator at C:\Users\Zakohen\Desktop\minecraft_survie_chill\mods}, reader: mod manifest]
[10sept.2026 13:18:33.480] [main/INFO] [net.neoforged.fml.loading.moddiscovery.ModDiscoverer/SCAN]: Found mod file "AdvancementPlaques-1.21.1-neoforge-1.6.8.jar" [locator: {mods folder locator at C:\Users\Zakohen\Desktop\minecraft_survie_chill\mods}, reader: mod manifest]
[10sept.2026 13:18:33.489] [main/INFO] [net.neoforged.fml.loading.moddiscovery.ModDiscoverer/SCAN]: Found mod file "AI-Improvements-1.21-0.5.3.jar" [locator: {mods folder locator at C:\Users\Zakohen\Desktop\minecraft_survie_chill\mods}, reader: mod manifest]
[10sept.2026 13:18:33.524] [main/INFO] [net.neoforged.fml.loading.moddiscovery.ModDiscoverer/SCAN]: Found mod file "alltheleaks-1.1.9+1.21.1-neoforge.jar" [locator: {mods folder locator at C:\Users\Zakohen\Desktop\minecraft_survie_chill\mods}, reader: mod manifest]
[10sept.2026 13:18:33.536] [main/INFO] [net.neoforged.fml.loading.moddiscovery.ModDiscoverer/SCAN]: Found mod file "alternate_current-mc1.21-1.9.0.jar" [locator: {mods folder locator at C:\Users\Zakohen\Desktop\minecraft_survie_chill\mods}, reader: mod manifest]
[10sept.2026 13:18:33.550] [main/INFO] [net.neoforged.fml.loading.moddiscovery.ModDiscoverer/SCAN]: Found mod file "amendments-1.21-2.0.15-neoforge.jar" [locator: {mods folder locator at C:\Users\Zakohen\Desktop\minecraft_survie_chill\mods}, reader: mod manifest]
[10sept.2026 13:18:33.562] [main/INFO] [net.neoforged.fml.loading.moddiscovery.ModDiscoverer/SCAN]: Found mod file "animal_armor_trims-neoforge-1.21.1-2.3.1.jar" [locator: {mods folder locator at C:\Users\Zakohen\Desktop\minecraft_survie_chill\mods}, reader: mod manifest]
[10sept.2026 13:18:33.572] [main/INFO] [net.neoforged.fml.loading.moddiscovery.ModDiscoverer/SCAN]: Found mod file "appleskin-neoforge-mc1.21-3.0.9.jar" [locator: {mods folder locator at C:\Users\Zakohen\Desktop\minecraft_survie_chill\mods}, reader: mod manifest]
[10sept.2026 13:18:33.583] [main/INFO] [net.neoforged.fml.loading.moddiscovery.ModDiscoverer/SCAN]: Found mod file "Aquaculture-1.21.1-2.7.21.jar" [locator: {mods folder locator at C:\Users\Zakohen\Desktop\minecraft_survie_chill\mods}, reader: mod manifest]
[10sept.2026 13:18:33.599] [main/INFO] [net.neoforged.fml.loading.moddiscovery.ModDiscoverer/SCAN]: Found mod file "architectury-13.0.8-neoforge.jar" [locator: {mods folder locator at C:\Users\Zakohen\Desktop\minecraft_survie_chill\mods}, reader: mod manifest]
[10sept.2026 13:18:33.623] [main/INFO] [net.neoforged.fml.loading.moddiscovery.ModDiscoverer/SCAN]: Found mod file "artifacts-neoforge-13.2.1.jar" [locator: {mods folder locator at C:\Users\Zakohen\Desktop\minecraft_survie_chill\mods}, reader: mod manifest]
[10sept.2026 13:18:33.631] [main/INFO] [net.neoforged.fml.loading.moddiscovery.ModDiscoverer/SCAN]: Found mod file "athena-neoforge-1.21.1-4.0.6.jar" [locator: {mods folder locator at C:\Users\Zakohen\Desktop\minecraft_survie_chill\mods}, reader: mod manifest]
[10sept.2026 13:18:33.647] [main/INFO] [net.neoforged.fml.loading.moddiscovery.ModDiscoverer/SCAN]: Found mod file "attributefix-neoforge-1.21.1-21.1.3.jar" [locator: {mods folder locator at C:\Users\Zakohen\Desktop\minecraft_survie_chill\mods}, reader: mod manifest]
[10sept.2026 13:18:33.663] [main/INFO] [net.neoforged.fml.loading.moddiscovery.ModDiscoverer/SCAN]: Found mod file "Auto Pickup Filter - Neoforge 1.21.1-1.1.0.jar" [locator: {mods folder locator at C:\Users\Zakohen\Desktop\minecraft_survie_chill\mods}, reader: mod manifest]
[10sept.2026 13:18:33.676] [main/INFO] [net.neoforged.fml.loading.moddiscovery.ModDiscoverer/SCAN]: Found mod file "automessage-merged-1.21.1-3.0.0.jar" [locator: {mods folder locator at C:\Users\Zakohen\Desktop\minecraft_survie_chill\mods}, reader: mod manifest]
[10sept.2026 13:18:33.692] [main/INFO] [net.neoforged.fml.loading.moddiscovery.ModDiscoverer/SCAN]: Found mod file "balm-neoforge-1.21.1-21.0.59.jar" [locator: {mods folder locator at C:\Users\Zakohen\Desktop\minecraft_survie_chill\mods}, reader: mod manifest]
[10sept.2026 13:18:33.700] [main/INFO] [net.neoforged.fml.loading.moddiscovery.ModDiscoverer/SCAN]: Found mod file "beautifulcampfires-neoforge-1.21.1-1.0.2.jar" [locator: {mods folder locator at C:\Users\Zakohen\Desktop\minecraft_survie_chill\mods}, reader: mod manifest]
[10sept.2026 13:18:33.713] [main/INFO] [net.neoforged.fml.loading.moddiscovery.ModDiscoverer/SCAN]: Found mod file "BEB-NeoForge-1.21-6.0.0.jar" [locator: {mods folder locator at C:\Users\Zakohen\Desktop\minecraft_survie_chill\mods}, reader: mod manifest]
[10sept.2026 13:18:33.727] [main/INFO] [net.neoforged.fml.loading.moddiscovery.ModDiscoverer/SCAN]: Found mod file "betterarcheology-neoforge-1.21.1-1.3.4.jar" [locator: {mods folder locator at C:\Users\Zakohen\Desktop\minecraft_survie_chill\mods}, reader: mod manifest]
[10sept.2026 13:18:33.738] [main/INFO] [net.neoforged.fml.loading.moddiscovery.ModDiscoverer/SCAN]: Found mod file "betterfpsdist-1.21-6.0.jar" [locator: {mods folder locator at C:\Users\Zakohen\Desktop\minecraft_survie_chill\mods}, reader: mod manifest]
[10sept.2026 13:18:33.756] [main/INFO] [net.neoforged.fml.loading.moddiscovery.ModDiscoverer/SCAN]: Found mod file "BHMenu-NeoForge-1.21-2.4.4.jar" [locator: {mods folder locator at C:\Users\Zakohen\Desktop\minecraft_survie_chill\mods}, reader: mod manifest]
[10sept.2026 13:18:33.772] [main/INFO] [net.neoforged.fml.loading.moddiscovery.ModDiscoverer/SCAN]: Found mod file "BiomesOPlenty-neoforge-1.21.1-21.1.0.13.jar" [locator: {mods folder locator at C:\Users\Zakohen\Desktop\minecraft_survie_chill\mods}, reader: mod manifest]
[10sept.2026 13:18:33.782] [main/INFO] [net.neoforged.fml.loading.moddiscovery.ModDiscoverer/SCAN]: Found mod file "bookshelf-neoforge-1.21.1-21.1.81.jar" [locator: {mods folder locator at C:\Users\Zakohen\Desktop\minecraft_survie_chill\mods}, reader: mod manifest]
[10sept.2026 13:18:33.795] [main/INFO] [net.neoforged.fml.loading.moddiscovery.ModDiscoverer/SCAN]: Found mod file "BTP-NeoForge-1.21.1-2.0.0.jar" [locator: {mods folder locator at C:\Users\Zakohen\Desktop\minecraft_survie_chill\mods}, reader: mod manifest]
[10sept.2026 13:18:33.801] [main/INFO] [net.neoforged.fml.loading.moddiscovery.ModDiscoverer/SCAN]: Found mod file "buildinggadgets2-1.3.9.jar" [locator: {mods folder locator at C:\Users\Zakohen\Desktop\minecraft_survie_chill\mods}, reader: mod manifest]
[10sept.2026 13:18:33.815] [main/INFO] [net.neoforged.fml.loading.moddiscovery.ModDiscoverer/SCAN]: Found mod file "caelus-neoforge-7.0.1+1.21.1.jar" [locator: {mods folder locator at C:\Users\Zakohen\Desktop\minecraft_survie_chill\mods}, reader: mod manifest]
[10sept.2026 13:18:33.826] [main/INFO] [net.neoforged.fml.loading.moddiscovery.ModDiscoverer/SCAN]: Found mod file "carryon-neoforge-1.21.1-2.2.4.4.jar" [locator: {mods folder locator at C:\Users\Zakohen\Desktop\minecraft_survie_chill\mods}, reader: mod manifest]
[10sept.2026 13:18:33.834] [main/INFO] [net.neoforged.fml.loading.moddiscovery.ModDiscoverer/SCAN]: Found mod file "CerbonsAPI-NeoForge-1.21-1.3.0.jar" [locator: {mods folder locator at C:\Users\Zakohen\Desktop\minecraft_survie_chill\mods}, reader: mod manifest]
[10sept.2026 13:18:33.844] [main/INFO] [net.neoforged.fml.loading.moddiscovery.ModDiscoverer/SCAN]: Found mod file "charmofundying-neoforge-9.1.0+1.21.1.jar" [locator: {mods folder locator at C:\Users\Zakohen\Desktop\minecraft_survie_chill\mods}, reader: mod manifest]
[10sept.2026 13:18:33.891] [main/INFO] [net.neoforged.fml.loading.moddiscovery.ModDiscoverer/SCAN]: Found mod file "chipped-neoforge-1.21.1-4.0.2.jar" [locator: {mods folder locator at C:\Users\Zakohen\Desktop\minecraft_survie_chill\mods}, reader: mod manifest]
[10sept.2026 13:18:33.918] [main/INFO] [net.neoforged.fml.loading.moddiscovery.ModDiscoverer/SCAN]: Found mod file "chisel-neoforge-2.0.0+mc1.21.1.jar" [locator: {mods folder locator at C:\Users\Zakohen\Desktop\minecraft_survie_chill\mods}, reader: mod manifest]
[10sept.2026 13:18:33.928] [main/INFO] [net.neoforged.fml.loading.moddiscovery.ModDiscoverer/SCAN]: Found mod file "chunksending-1.21-2.9.jar" [locator: {mods folder locator at C:\Users\Zakohen\Desktop\minecraft_survie_chill\mods}, reader: mod manifest]
[10sept.2026 13:18:33.940] [main/INFO] [net.neoforged.fml.loading.moddiscovery.ModDiscoverer/SCAN]: Found mod file "clickadv-1.21-3.8.jar" [locator: {mods folder locator at C:\Users\Zakohen\Desktop\minecraft_survie_chill\mods}, reader: mod manifest]
[10sept.2026 13:18:33.950] [main/INFO] [net.neoforged.fml.loading.moddiscovery.ModDiscoverer/SCAN]: Found mod file "cloth-config-15.0.140-neoforge.jar" [locator: {mods folder locator at C:\Users\Zakohen\Desktop\minecraft_survie_chill\mods}, reader: mod manifest]
[10sept.2026 13:18:33.961] [main/INFO] [net.neoforged.fml.loading.moddiscovery.ModDiscoverer/SCAN]: Found mod file "Clumps-neoforge-1.21.1-19.0.0.1.jar" [locator: {mods folder locator at C:\Users\Zakohen\Desktop\minecraft_survie_chill\mods}, reader: mod manifest]
[10sept.2026 13:18:33.973] [main/INFO] [net.neoforged.fml.loading.moddiscovery.ModDiscoverer/SCAN]: Found mod file "collective-1.21.1-8.31.jar" [locator: {mods folder locator at C:\Users\Zakohen\Desktop\minecraft_survie_chill\mods}, reader: mod manifest]
[10sept.2026 13:18:33.984] [main/INFO] [net.neoforged.fml.loading.moddiscovery.ModDiscoverer/SCAN]: Found mod file "comforts-neoforge-9.0.5+1.21.1.jar" [locator: {mods folder locator at C:\Users\Zakohen\Desktop\minecraft_survie_chill\mods}, reader: mod manifest]
[10sept.2026 13:18:33.992] [main/INFO] [net.neoforged.fml.loading.moddiscovery.ModDiscoverer/SCAN]: Found mod file "configurable-3.5.1+1.21.1-neoforge.jar" [locator: {mods folder locator at C:\Users\Zakohen\Desktop\minecraft_survie_chill\mods}, reader: mod manifest]
[10sept.2026 13:18:34.009] [main/INFO] [net.neoforged.fml.loading.moddiscovery.ModDiscoverer/SCAN]: Found mod file "configured-neoforge-1.21.1-2.6.3.jar" [locator: {mods folder locator at C:\Users\Zakohen\Desktop\minecraft_survie_chill\mods}, reader: mod manifest]
[10sept.2026 13:18:34.021] [main/INFO] [net.neoforged.fml.loading.moddiscovery.ModDiscoverer/SCAN]: Found mod file "connectedglass-1.1.14-neoforge-mc1.21.jar" [locator: {mods folder locator at C:\Users\Zakohen\Desktop\minecraft_survie_chill\mods}, reader: mod manifest]
[10sept.2026 13:18:34.026] [main/INFO] [net.neoforged.fml.loading.moddiscovery.ModDiscoverer/SCAN]: Found mod file "connectivity-1.21.1-7.6.jar" [locator: {mods folder locator at C:\Users\Zakohen\Desktop\minecraft_survie_chill\mods}, reader: mod manifest]
[10sept.2026 13:18:34.037] [main/INFO] [net.neoforged.fml.loading.moddiscovery.ModDiscoverer/SCAN]: Found mod file "corpse-neoforge-1.21.1-1.1.13.jar" [locator: {mods folder locator at C:\Users\Zakohen\Desktop\minecraft_survie_chill\mods}, reader: mod manifest]
[10sept.2026 13:18:34.039] [main/INFO] [net.neoforged.fml.loading.moddiscovery.ModDiscoverer/SCAN]: Found mod file "cosmeticarmorreworked-1.21.1-v1-neoforge.jar" [locator: {mods folder locator at C:\Users\Zakohen\Desktop\minecraft_survie_chill\mods}, reader: mod manifest]
[10sept.2026 13:18:34.056] [main/INFO] [net.neoforged.fml.loading.moddiscovery.ModDiscoverer/SCAN]: Found mod file "crabclaws-1.3.0-1.21.1+neoforge.jar" [locator: {mods folder locator at C:\Users\Zakohen\Desktop\minecraft_survie_chill\mods}, reader: mod manifest]
[10sept.2026 13:18:34.075] [main/INFO] [net.neoforged.fml.loading.moddiscovery.ModDiscoverer/SCAN]: Found mod file "create-1.21.1-6.0.10.jar" [locator: {mods folder locator at C:\Users\Zakohen\Desktop\minecraft_survie_chill\mods}, reader: mod manifest]
[10sept.2026 13:18:34.088] [main/INFO] [net.neoforged.fml.loading.moddiscovery.ModDiscoverer/SCAN]: Found mod file "create-renewable-brass-1.0.2.jar" [locator: {mods folder locator at C:\Users\Zakohen\Desktop\minecraft_survie_chill\mods}, reader: mod manifest]
[10sept.2026 13:18:34.099] [main/INFO] [net.neoforged.fml.loading.moddiscovery.ModDiscoverer/SCAN]: Found mod file "create-renewable-diamonds-1.0.1.jar" [locator: {mods folder locator at C:\Users\Zakohen\Desktop\minecraft_survie_chill\mods}, reader: mod manifest]
[10sept.2026 13:18:34.103] [main/INFO] [net.neoforged.fml.loading.moddiscovery.ModDiscoverer/SCAN]: Found mod file "create-renewable-netherite-2.0.1.jar" [locator: {mods folder locator at C:\Users\Zakohen\Desktop\minecraft_survie_chill\mods}, reader: mod manifest]
[10sept.2026 13:18:34.103] [main/INFO] [net.neoforged.fml.loading.moddiscovery.ModDiscoverer/SCAN]: Found mod file "create-stones-2.0.1.jar" [locator: {mods folder locator at C:\Users\Zakohen\Desktop\minecraft_survie_chill\mods}, reader: mod manifest]
[10sept.2026 13:18:34.122] [main/INFO] [net.neoforged.fml.loading.moddiscovery.ModDiscoverer/SCAN]: Found mod file "CreativeCore_NEOFORGE_v2.13.41_mc1.21.1.jar" [locator: {mods folder locator at C:\Users\Zakohen\Desktop\minecraft_survie_chill\mods}, reader: mod manifest]
[10sept.2026 13:18:34.129] [main/INFO] [net.neoforged.fml.loading.moddiscovery.ModDiscoverer/SCAN]: Found mod file "cristellib-neoforge-1.21.1-3.1.7.jar" [locator: {mods folder locator at C:\Users\Zakohen\Desktop\minecraft_survie_chill\mods}, reader: mod manifest]
[10sept.2026 13:18:34.136] [main/INFO] [net.neoforged.fml.loading.moddiscovery.ModDiscoverer/SCAN]: Found mod file "cryonicconfig-neoforge-1.0.0+mc1.21.11.jar" [locator: {mods folder locator at C:\Users\Zakohen\Desktop\minecraft_survie_chill\mods}, reader: mod manifest]
[10sept.2026 13:18:34.149] [main/INFO] [net.neoforged.fml.loading.moddiscovery.ModDiscoverer/SCAN]: Found mod file "cupboard-1.21.1-3.8.jar" [locator: {mods folder locator at C:\Users\Zakohen\Desktop\minecraft_survie_chill\mods}, reader: mod manifest]
[10sept.2026 13:18:34.157] [main/INFO] [net.neoforged.fml.loading.moddiscovery.ModDiscoverer/SCAN]: Found mod file "curios-neoforge-9.0.15+1.21.1.jar" [locator: {mods folder locator at C:\Users\Zakohen\Desktop\minecraft_survie_chill\mods}, reader: mod manifest]
[10sept.2026 13:18:34.163] [main/INFO] [net.neoforged.fml.loading.moddiscovery.ModDiscoverer/SCAN]: Found mod file "curios-neoforge-9.5.1+1.21.1.jar" [locator: {mods folder locator at C:\Users\Zakohen\Desktop\minecraft_survie_chill\mods}, reader: mod manifest]
[10sept.2026 13:18:34.167] [main/INFO] [net.neoforged.fml.loading.moddiscovery.ModDiscoverer/SCAN]: Found mod file "Custom Nether Portals - Neoforge - MC 1.21.1- 2.0.0.jar" [locator: {mods folder locator at C:\Users\Zakohen\Desktop\minecraft_survie_chill\mods}, reader: mod manifest]
[10sept.2026 13:18:34.181] [main/INFO] [net.neoforged.fml.loading.moddiscovery.ModDiscoverer/SCAN]: Found mod file "custom-trees-from-saplings-1.21.jar" [locator: {mods folder locator at C:\Users\Zakohen\Desktop\minecraft_survie_chill\mods}, reader: mod manifest]
[10sept.2026 13:18:34.189] [main/INFO] [net.neoforged.fml.loading.moddiscovery.ModDiscoverer/SCAN]: Found mod file "customizableelytra-neoforge-2.2.8+1.21.jar" [locator: {mods folder locator at C:\Users\Zakohen\Desktop\minecraft_survie_chill\mods}, reader: mod manifest]
[10sept.2026 13:18:34.199] [main/INFO] [net.neoforged.fml.loading.moddiscovery.ModDiscoverer/SCAN]: Found mod file "DiagonalFences-v21.1.1-1.21.1-NeoForge.jar" [locator: {mods folder locator at C:\Users\Zakohen\Desktop\minecraft_survie_chill\mods}, reader: mod manifest]
[10sept.2026 13:18:34.207] [main/INFO] [net.neoforged.fml.loading.moddiscovery.ModDiscoverer/SCAN]: Found mod file "DiagonalWalls-v21.1.2-1.21.1-NeoForge.jar" [locator: {mods folder locator at C:\Users\Zakohen\Desktop\minecraft_survie_chill\mods}, reader: mod manifest]
[10sept.2026 13:18:34.213] [main/INFO] [net.neoforged.fml.loading.moddiscovery.ModDiscoverer/SCAN]: Found mod file "DiagonalWindows-v21.1.1-1.21.1-NeoForge.jar" [locator: {mods folder locator at C:\Users\Zakohen\Desktop\minecraft_survie_chill\mods}, reader: mod manifest]
[10sept.2026 13:18:34.222] [main/INFO] [net.neoforged.fml.loading.moddiscovery.ModDiscoverer/SCAN]: Found mod file "disenchanting_table-merged-1.21.1-5.0.2.jar" [locator: {mods folder locator at C:\Users\Zakohen\Desktop\minecraft_survie_chill\mods}, reader: mod manifest]
[10sept.2026 13:18:34.232] [main/INFO] [net.neoforged.fml.loading.moddiscovery.ModDiscoverer/SCAN]: Found mod file "doubledoors-1.21.1-7.2.jar" [locator: {mods folder locator at C:\Users\Zakohen\Desktop\minecraft_survie_chill\mods}, reader: mod manifest]
[10sept.2026 13:18:34.242] [main/INFO] [net.neoforged.fml.loading.moddiscovery.ModDiscoverer/SCAN]: Found mod file "dummmmmmy-1.21-2.0.12-neoforge.jar" [locator: {mods folder locator at C:\Users\Zakohen\Desktop\minecraft_survie_chill\mods}, reader: mod manifest]
[10sept.2026 13:18:34.244] [main/INFO] [net.neoforged.fml.loading.moddiscovery.ModDiscoverer/SCAN]: Found mod file "dynamiclights-v1.9.3-mc1.17-26.2.9-mod.jar" [locator: {mods folder locator at C:\Users\Zakohen\Desktop\minecraft_survie_chill\mods}, reader: mod manifest]
[10sept.2026 13:18:34.258] [main/INFO] [net.neoforged.fml.loading.moddiscovery.ModDiscoverer/SCAN]: Found mod file "easy-villagers-neoforge-1.21.1-1.1.42.jar" [locator: {mods folder locator at C:\Users\Zakohen\Desktop\minecraft_survie_chill\mods}, reader: mod manifest]
[10sept.2026 13:18:34.258] [main/INFO] [net.neoforged.fml.loading.moddiscovery.ModDiscoverer/SCAN]: Found mod file "EasyAnvils-v21.1.0-1.21.1-NeoForge.jar" [locator: {mods folder locator at C:\Users\Zakohen\Desktop\minecraft_survie_chill\mods}, reader: mod manifest]
[10sept.2026 13:18:34.276] [main/INFO] [net.neoforged.fml.loading.moddiscovery.ModDiscoverer/SCAN]: Found mod file "eat_an_omelette-merged-1.21.1-1.5.0.jar" [locator: {mods folder locator at C:\Users\Zakohen\Desktop\minecraft_survie_chill\mods}, reader: mod manifest]
[10sept.2026 13:18:34.286] [main/INFO] [net.neoforged.fml.loading.moddiscovery.ModDiscoverer/SCAN]: Found mod file "elevatorid-neoforge-1.21.1-1.11.4.jar" [locator: {mods folder locator at C:\Users\Zakohen\Desktop\minecraft_survie_chill\mods}, reader: mod manifest]
[10sept.2026 13:18:34.296] [main/INFO] [net.neoforged.fml.loading.moddiscovery.ModDiscoverer/SCAN]: Found mod file "elytraslot-neoforge-9.0.2+1.21.1.jar" [locator: {mods folder locator at C:\Users\Zakohen\Desktop\minecraft_survie_chill\mods}, reader: mod manifest]
[10sept.2026 13:18:34.305] [main/INFO] [net.neoforged.fml.loading.moddiscovery.ModDiscoverer/SCAN]: Found mod file "elytratrims-neoforge-3.10.0+1.21.1.jar" [locator: {mods folder locator at C:\Users\Zakohen\Desktop\minecraft_survie_chill\mods}, reader: mod manifest]
[10sept.2026 13:18:34.316] [main/INFO] [net.neoforged.fml.loading.moddiscovery.ModDiscoverer/SCAN]: Found mod file "enchdesc-neoforge-1.21.1-21.1.10.jar" [locator: {mods folder locator at C:\Users\Zakohen\Desktop\minecraft_survie_chill\mods}, reader: mod manifest]
[10sept.2026 13:18:34.327] [main/INFO] [net.neoforged.fml.loading.moddiscovery.ModDiscoverer/SCAN]: Found mod file "ender_pack-merged-1.21.1-2.2.0.jar" [locator: {mods folder locator at C:\Users\Zakohen\Desktop\minecraft_survie_chill\mods}, reader: mod manifest]
[10sept.2026 13:18:34.343] [main/INFO] [net.neoforged.fml.loading.moddiscovery.ModDiscoverer/SCAN]: Found mod file "endersdelight-1.3.0.jar" [locator: {mods folder locator at C:\Users\Zakohen\Desktop\minecraft_survie_chill\mods}, reader: mod manifest]
[10sept.2026 13:18:34.351] [main/INFO] [net.neoforged.fml.loading.moddiscovery.ModDiscoverer/SCAN]: Found mod file "EpheroLib-1.21.1-NEO-FORGE-1.2.0.jar" [locator: {mods folder locator at C:\Users\Zakohen\Desktop\minecraft_survie_chill\mods}, reader: mod manifest]
[10sept.2026 13:18:34.361] [main/INFO] [net.neoforged.fml.loading.moddiscovery.ModDiscoverer/SCAN]: Found mod file "epicpowerbracelets-neoforge-1.21-1.1.1.jar" [locator: {mods folder locator at C:\Users\Zakohen\Desktop\minecraft_survie_chill\mods}, reader: mod manifest]
[10sept.2026 13:18:34.369] [main/INFO] [net.neoforged.fml.loading.moddiscovery.ModDiscoverer/SCAN]: Found mod file "EW-NeoForge-1.21.1-1.0.0.jar" [locator: {mods folder locator at C:\Users\Zakohen\Desktop\minecraft_survie_chill\mods}, reader: mod manifest]
[10sept.2026 13:18:34.379] [main/INFO] [net.neoforged.fml.loading.moddiscovery.ModDiscoverer/SCAN]: Found mod file "ExplorersCompass-1.21.1-3.4.0-neoforge.jar" [locator: {mods folder locator at C:\Users\Zakohen\Desktop\minecraft_survie_chill\mods}, reader: mod manifest]
[10sept.2026 13:18:34.389] [main/INFO] [net.neoforged.fml.loading.moddiscovery.ModDiscoverer/SCAN]: Found mod file "Explorify v1.6.5.mod.jar" [locator: {mods folder locator at C:\Users\Zakohen\Desktop\minecraft_survie_chill\mods}, reader: mod manifest]
[10sept.2026 13:18:34.395] [main/INFO] [net.neoforged.fml.loading.moddiscovery.ModDiscoverer/SCAN]: Found mod file "FarmersDelight-1.21.1-1.3.2.jar" [locator: {mods folder locator at C:\Users\Zakohen\Desktop\minecraft_survie_chill\mods}, reader: mod manifest]
[10sept.2026 13:18:34.407] [main/INFO] [net.neoforged.fml.loading.moddiscovery.ModDiscoverer/SCAN]: Found mod file "FarmersStructures-1.0.6-1.21.1_neoforge.jar" [locator: {mods folder locator at C:\Users\Zakohen\Desktop\minecraft_survie_chill\mods}, reader: mod manifest]
[10sept.2026 13:18:34.416] [main/INFO] [net.neoforged.fml.loading.moddiscovery.ModDiscoverer/SCAN]: Found mod file "fastasyncworldsave-1.21-2.6.jar" [locator: {mods folder locator at C:\Users\Zakohen\Desktop\minecraft_survie_chill\mods}, reader: mod manifest]
[10sept.2026 13:18:34.430] [main/INFO] [net.neoforged.fml.loading.moddiscovery.ModDiscoverer/SCAN]: Found mod file "fastleafdecay-35.jar" [locator: {mods folder locator at C:\Users\Zakohen\Desktop\minecraft_survie_chill\mods}, reader: mod manifest]
[10sept.2026 13:18:34.434] [main/INFO] [net.neoforged.fml.loading.moddiscovery.ModDiscoverer/SCAN]: Found mod file "fastpaintings-1.21-1.3.0-neoforge.jar" [locator: {mods folder locator at C:\Users\Zakohen\Desktop\minecraft_survie_chill\mods}, reader: mod manifest]
[10sept.2026 13:18:34.456] [main/INFO] [net.neoforged.fml.loading.moddiscovery.ModDiscoverer/SCAN]: Found mod file "ferritecore-7.0.3-neoforge.jar" [locator: {mods folder locator at C:\Users\Zakohen\Desktop\minecraft_survie_chill\mods}, reader: mod manifest]
[10sept.2026 13:18:34.470] [main/INFO] [net.neoforged.fml.loading.moddiscovery.ModDiscoverer/SCAN]: Found mod file "framework-neoforge-1.21.1-0.13.11.jar" [locator: {mods folder locator at C:\Users\Zakohen\Desktop\minecraft_survie_chill\mods}, reader: mod manifest]
[10sept.2026 13:18:34.478] [main/INFO] [net.neoforged.fml.loading.moddiscovery.ModDiscoverer/SCAN]: Found mod file "ftb-library-neoforge-2101.1.32.jar" [locator: {mods folder locator at C:\Users\Zakohen\Desktop\minecraft_survie_chill\mods}, reader: mod manifest]
[10sept.2026 13:18:34.489] [main/INFO] [net.neoforged.fml.loading.moddiscovery.ModDiscoverer/SCAN]: Found mod file "ftb-quests-neoforge-2101.1.27.jar" [locator: {mods folder locator at C:\Users\Zakohen\Desktop\minecraft_survie_chill\mods}, reader: mod manifest]
[10sept.2026 13:18:34.504] [main/INFO] [net.neoforged.fml.loading.moddiscovery.ModDiscoverer/SCAN]: Found mod file "ftb-teams-neoforge-2101.1.10.jar" [locator: {mods folder locator at C:\Users\Zakohen\Desktop\minecraft_survie_chill\mods}, reader: mod manifest]
[10sept.2026 13:18:34.524] [main/INFO] [net.neoforged.fml.loading.moddiscovery.ModDiscoverer/SCAN]: Found mod file "fusion-1.2.12-neoforge-mc1.21.1.jar" [locator: {mods folder locator at C:\Users\Zakohen\Desktop\minecraft_survie_chill\mods}, reader: mod manifest]
[10sept.2026 13:18:34.538] [main/INFO] [net.neoforged.fml.loading.moddiscovery.ModDiscoverer/SCAN]: Found mod file "geckolib-neoforge-1.21.1-4.9.1.jar" [locator: {mods folder locator at C:\Users\Zakohen\Desktop\minecraft_survie_chill\mods}, reader: mod manifest]
[10sept.2026 13:18:34.546] [main/INFO] [net.neoforged.fml.loading.moddiscovery.ModDiscoverer/SCAN]: Found mod file "Geophilic v3.6.mod.jar" [locator: {mods folder locator at C:\Users\Zakohen\Desktop\minecraft_survie_chill\mods}, reader: mod manifest]
[10sept.2026 13:18:34.554] [main/INFO] [net.neoforged.fml.loading.moddiscovery.ModDiscoverer/SCAN]: Found mod file "GlitchCore-neoforge-1.21.1-2.1.0.2.jar" [locator: {mods folder locator at C:\Users\Zakohen\Desktop\minecraft_survie_chill\mods}, reader: mod manifest]
[10sept.2026 13:18:34.560] [main/INFO] [net.neoforged.fml.loading.moddiscovery.ModDiscoverer/SCAN]: Found mod file "goblintraders-neoforge-1.21.1-1.11.2.jar" [locator: {mods folder locator at C:\Users\Zakohen\Desktop\minecraft_survie_chill\mods}, reader: mod manifest]
[10sept.2026 13:18:34.566] [main/INFO] [net.neoforged.fml.loading.moddiscovery.ModDiscoverer/SCAN]: Found mod file "golden_foods-merged-1.21.1-2.4.0.jar" [locator: {mods folder locator at C:\Users\Zakohen\Desktop\minecraft_survie_chill\mods}, reader: mod manifest]
[10sept.2026 13:18:34.576] [main/INFO] [net.neoforged.fml.loading.moddiscovery.ModDiscoverer/SCAN]: Found mod file "guardvillagers-2.4.10-1.21.1.jar" [locator: {mods folder locator at C:\Users\Zakohen\Desktop\minecraft_survie_chill\mods}, reader: mod manifest]
[10sept.2026 13:18:34.594] [main/INFO] [net.neoforged.fml.loading.moddiscovery.ModDiscoverer/SCAN]: Found mod file "handcrafted-neoforge-1.21.1-4.0.3.jar" [locator: {mods folder locator at C:\Users\Zakohen\Desktop\minecraft_survie_chill\mods}, reader: mod manifest]
[10sept.2026 13:18:34.599] [main/INFO] [net.neoforged.fml.loading.moddiscovery.ModDiscoverer/SCAN]: Found mod file "healthy_water-merged-1.21.1-1.0.1.jar" [locator: {mods folder locator at C:\Users\Zakohen\Desktop\minecraft_survie_chill\mods}, reader: mod manifest]
[10sept.2026 13:18:34.607] [main/INFO] [net.neoforged.fml.loading.moddiscovery.ModDiscoverer/SCAN]: Found mod file "Iceberg-1.21.1-neoforge-1.3.2.jar" [locator: {mods folder locator at C:\Users\Zakohen\Desktop\minecraft_survie_chill\mods}, reader: mod manifest]
[10sept.2026 13:18:34.619] [main/INFO] [net.neoforged.fml.loading.moddiscovery.ModDiscoverer/SCAN]: Found mod file "ironchest-1.21-neoforge-16.0.7.jar" [locator: {mods folder locator at C:\Users\Zakohen\Desktop\minecraft_survie_chill\mods}, reader: mod manifest]
[10sept.2026 13:18:34.630] [main/INFO] [net.neoforged.fml.loading.moddiscovery.ModDiscoverer/SCAN]: Found mod file "ironfurnaces-neoforge-1.21.1-4.3.2.jar" [locator: {mods folder locator at C:\Users\Zakohen\Desktop\minecraft_survie_chill\mods}, reader: mod manifest]
[10sept.2026 13:18:34.639] [main/INFO] [net.neoforged.fml.loading.moddiscovery.ModDiscoverer/SCAN]: Found mod file "irons_lib-1.21.1-1.1.0.jar" [locator: {mods folder locator at C:\Users\Zakohen\Desktop\minecraft_survie_chill\mods}, reader: mod manifest]
[10sept.2026 13:18:34.647] [main/INFO] [net.neoforged.fml.loading.moddiscovery.ModDiscoverer/SCAN]: Found mod file "irons_spellbooks-1.21.1-3.16.1.jar" [locator: {mods folder locator at C:\Users\Zakohen\Desktop\minecraft_survie_chill\mods}, reader: mod manifest]
[10sept.2026 13:18:34.660] [main/INFO] [net.neoforged.fml.loading.moddiscovery.ModDiscoverer/SCAN]: Found mod file "Jade-1.21.1-NeoForge-15.10.5.jar" [locator: {mods folder locator at C:\Users\Zakohen\Desktop\minecraft_survie_chill\mods}, reader: mod manifest]
[10sept.2026 13:18:34.668] [main/INFO] [net.neoforged.fml.loading.moddiscovery.ModDiscoverer/SCAN]: Found mod file "JadeAddons-1.21.1-NeoForge-6.1.0.jar" [locator: {mods folder locator at C:\Users\Zakohen\Desktop\minecraft_survie_chill\mods}, reader: mod manifest]
[10sept.2026 13:18:34.676] [main/INFO] [net.neoforged.fml.loading.moddiscovery.ModDiscoverer/SCAN]: Found mod file "jakes-build-tools-2.0.1.5.jar" [locator: {mods folder locator at C:\Users\Zakohen\Desktop\minecraft_survie_chill\mods}, reader: mod manifest]
[10sept.2026 13:18:34.686] [main/INFO] [net.neoforged.fml.loading.moddiscovery.ModDiscoverer/SCAN]: Found mod file "jamlib-neoforge-1.3.6+1.21.1.jar" [locator: {mods folder locator at C:\Users\Zakohen\Desktop\minecraft_survie_chill\mods}, reader: mod manifest]
[10sept.2026 13:18:34.691] [main/INFO] [net.neoforged.fml.loading.moddiscovery.ModDiscoverer/SCAN]: Found mod file "jearchaeology-1.21.1-1.2.0.jar" [locator: {mods folder locator at C:\Users\Zakohen\Desktop\minecraft_survie_chill\mods}, reader: mod manifest]
[10sept.2026 13:18:34.698] [main/INFO] [net.neoforged.fml.loading.moddiscovery.ModDiscoverer/SCAN]: Found mod file "jei-1.21.1-neoforge-19.27.0.343.jar" [locator: {mods folder locator at C:\Users\Zakohen\Desktop\minecraft_survie_chill\mods}, reader: mod manifest]
[10sept.2026 13:18:34.702] [main/INFO] [net.neoforged.fml.loading.moddiscovery.ModDiscoverer/SCAN]: Found mod file "jmi-neoforge-1.21.1-1.9.jar" [locator: {mods folder locator at C:\Users\Zakohen\Desktop\minecraft_survie_chill\mods}, reader: mod manifest]
[10sept.2026 13:18:34.712] [main/INFO] [net.neoforged.fml.loading.moddiscovery.ModDiscoverer/SCAN]: Found mod file "journeymap-neoforge-1.21.1-6.0.0-beta.88.jar" [locator: {mods folder locator at C:\Users\Zakohen\Desktop\minecraft_survie_chill\mods}, reader: mod manifest]
[10sept.2026 13:18:34.719] [main/INFO] [net.neoforged.fml.loading.moddiscovery.ModDiscoverer/SCAN]: Found mod file "Kiwi-1.21.1-NeoForge-15.8.4.jar" [locator: {mods folder locator at C:\Users\Zakohen\Desktop\minecraft_survie_chill\mods}, reader: mod manifest]
[10sept.2026 13:18:34.733] [main/INFO] [net.neoforged.fml.loading.moddiscovery.ModDiscoverer/SCAN]: Found mod file "kleeslabs-neoforge-1.21.1-21.1.11.jar" [locator: {mods folder locator at C:\Users\Zakohen\Desktop\minecraft_survie_chill\mods}, reader: mod manifest]
[10sept.2026 13:18:34.745] [main/INFO] [net.neoforged.fml.loading.moddiscovery.ModDiscoverer/SCAN]: Found mod file "konkrete_neoforge_1.9.9_MC_1.21.jar" [locator: {mods folder locator at C:\Users\Zakohen\Desktop\minecraft_survie_chill\mods}, reader: mod manifest]
[10sept.2026 13:18:34.761] [main/INFO] [net.neoforged.fml.loading.moddiscovery.ModDiscoverer/SCAN]: Found library file "kotlinforforge-5.11.0-all.jar" [locator: {mods folder locator at C:\Users\Zakohen\Desktop\minecraft_survie_chill\mods}, reader: mod manifest]
[10sept.2026 13:18:34.765] [main/INFO] [net.neoforged.fml.loading.moddiscovery.ModDiscoverer/SCAN]: Found mod file "lithostitched-1.7.9-neoforge-21.1.jar" [locator: {mods folder locator at C:\Users\Zakohen\Desktop\minecraft_survie_chill\mods}, reader: mod manifest]
[10sept.2026 13:18:34.780] [main/INFO] [net.neoforged.fml.loading.moddiscovery.ModDiscoverer/SCAN]: Found mod file "longer_following_time-merged-1.21.1-1.1.0.jar" [locator: {mods folder locator at C:\Users\Zakohen\Desktop\minecraft_survie_chill\mods}, reader: mod manifest]
[10sept.2026 13:18:34.788] [main/INFO] [net.neoforged.fml.loading.moddiscovery.ModDiscoverer/SCAN]: Found mod file "lootr-neoforge-1.21.1-1.11.37.120.jar" [locator: {mods folder locator at C:\Users\Zakohen\Desktop\minecraft_survie_chill\mods}, reader: mod manifest]
[10sept.2026 13:18:34.796] [main/INFO] [net.neoforged.fml.loading.moddiscovery.ModDiscoverer/SCAN]: Found mod file "mcw-bridges-3.1.2-mc1.21.1neoforge.jar" [locator: {mods folder locator at C:\Users\Zakohen\Desktop\minecraft_survie_chill\mods}, reader: mod manifest]
[10sept.2026 13:18:34.805] [main/INFO] [net.neoforged.fml.loading.moddiscovery.ModDiscoverer/SCAN]: Found mod file "mcw-doors-1.1.5-mc1.21.1neoforge.jar" [locator: {mods folder locator at C:\Users\Zakohen\Desktop\minecraft_survie_chill\mods}, reader: mod manifest]
[10sept.2026 13:18:34.817] [main/INFO] [net.neoforged.fml.loading.moddiscovery.ModDiscoverer/SCAN]: Found mod file "mcw-furniture-3.4.1-mc1.21.1neoforge.jar" [locator: {mods folder locator at C:\Users\Zakohen\Desktop\minecraft_survie_chill\mods}, reader: mod manifest]
[10sept.2026 13:18:34.832] [main/INFO] [net.neoforged.fml.loading.moddiscovery.ModDiscoverer/SCAN]: Found mod file "mcw-lights-1.1.5-mc1.21.1neoforge.jar" [locator: {mods folder locator at C:\Users\Zakohen\Desktop\minecraft_survie_chill\mods}, reader: mod manifest]
[10sept.2026 13:18:34.882] [main/INFO] [net.neoforged.fml.loading.moddiscovery.ModDiscoverer/SCAN]: Found mod file "mcw-mcwfences-1.2.1-mc1.21.1neoforge.jar" [locator: {mods folder locator at C:\Users\Zakohen\Desktop\minecraft_survie_chill\mods}, reader: mod manifest]
[10sept.2026 13:18:34.896] [main/INFO] [net.neoforged.fml.loading.moddiscovery.ModDiscoverer/SCAN]: Found mod file "mcw-mcwwindows-2.4.2-mc1.21.1neoforge.jar" [locator: {mods folder locator at C:\Users\Zakohen\Desktop\minecraft_survie_chill\mods}, reader: mod manifest]
[10sept.2026 13:18:34.908] [main/INFO] [net.neoforged.fml.loading.moddiscovery.ModDiscoverer/SCAN]: Found mod file "mcw-roofs-2.3.2-mc1.21.1neoforge.jar" [locator: {mods folder locator at C:\Users\Zakohen\Desktop\minecraft_survie_chill\mods}, reader: mod manifest]
[10sept.2026 13:18:34.916] [main/INFO] [net.neoforged.fml.loading.moddiscovery.ModDiscoverer/SCAN]: Found mod file "mcw-trapdoors-1.1.5-mc1.21.1neoforge.jar" [locator: {mods folder locator at C:\Users\Zakohen\Desktop\minecraft_survie_chill\mods}, reader: mod manifest]
[10sept.2026 13:18:34.929] [main/INFO] [net.neoforged.fml.loading.moddiscovery.ModDiscoverer/SCAN]: Found mod file "medieval_buildings-1.21.1-1.1.1-neoforge.jar" [locator: {mods folder locator at C:\Users\Zakohen\Desktop\minecraft_survie_chill\mods}, reader: mod manifest]
[10sept.2026 13:18:34.941] [main/INFO] [net.neoforged.fml.loading.moddiscovery.ModDiscoverer/SCAN]: Found mod file "medieval_buildings_end_edition-1.21.1-1.0.4-neoforge.jar" [locator: {mods folder locator at C:\Users\Zakohen\Desktop\minecraft_survie_chill\mods}, reader: mod manifest]
[10sept.2026 13:18:34.951] [main/INFO] [net.neoforged.fml.loading.moddiscovery.ModDiscoverer/SCAN]: Found mod file "medieval_buildings_nether_edition-1.21.1-1.0.2-neoforge.jar" [locator: {mods folder locator at C:\Users\Zakohen\Desktop\minecraft_survie_chill\mods}, reader: mod manifest]
[10sept.2026 13:18:34.964] [main/INFO] [net.neoforged.fml.loading.moddiscovery.ModDiscoverer/SCAN]: Found mod file "melody_neoforge_1.0.10_MC_1.21.jar" [locator: {mods folder locator at C:\Users\Zakohen\Desktop\minecraft_survie_chill\mods}, reader: mod manifest]
[10sept.2026 13:18:34.973] [main/INFO] [net.neoforged.fml.loading.moddiscovery.ModDiscoverer/SCAN]: Found mod file "modernfix-neoforge-5.27.14+mc1.21.1.jar" [locator: {mods folder locator at C:\Users\Zakohen\Desktop\minecraft_survie_chill\mods}, reader: mod manifest]
[10sept.2026 13:18:34.982] [main/INFO] [net.neoforged.fml.loading.moddiscovery.ModDiscoverer/SCAN]: Found mod file "monolib-neoforge-1.21.1-4.0.2.jar" [locator: {mods folder locator at C:\Users\Zakohen\Desktop\minecraft_survie_chill\mods}, reader: mod manifest]
[10sept.2026 13:18:34.984] [main/INFO] [net.neoforged.fml.loading.moddiscovery.ModDiscoverer/SCAN]: Found mod file "moogs_structures-neoforge-1.21.1-2.0.2.jar" [locator: {mods folder locator at C:\Users\Zakohen\Desktop\minecraft_survie_chill\mods}, reader: mod manifest]
[10sept.2026 13:18:34.998] [main/INFO] [net.neoforged.fml.loading.moddiscovery.ModDiscoverer/SCAN]: Found mod file "MoogsVoyagerStructures-1.21-5.0.11.jar" [locator: {mods folder locator at C:\Users\Zakohen\Desktop\minecraft_survie_chill\mods}, reader: mod manifest]
[10sept.2026 13:18:35.009] [main/INFO] [net.neoforged.fml.loading.moddiscovery.ModDiscoverer/SCAN]: Found mod file "moonlight-neoforge-1.21.1-3.0.19.jar" [locator: {mods folder locator at C:\Users\Zakohen\Desktop\minecraft_survie_chill\mods}, reader: mod manifest]
[10sept.2026 13:18:35.022] [main/INFO] [net.neoforged.fml.loading.moddiscovery.ModDiscoverer/SCAN]: Found mod file "more_beautiful_torches-merged-1.21-3.0.0.jar" [locator: {mods folder locator at C:\Users\Zakohen\Desktop\minecraft_survie_chill\mods}, reader: mod manifest]
[10sept.2026 13:18:35.030] [main/INFO] [net.neoforged.fml.loading.moddiscovery.ModDiscoverer/SCAN]: Found mod file "more_bows_and_arrows-merged-1.21.1-5.0.4.jar" [locator: {mods folder locator at C:\Users\Zakohen\Desktop\minecraft_survie_chill\mods}, reader: mod manifest]
[10sept.2026 13:18:35.038] [main/INFO] [net.neoforged.fml.loading.moddiscovery.ModDiscoverer/SCAN]: Found mod file "more_useful_copper-merged-1.21.1-3.0.0.jar" [locator: {mods folder locator at C:\Users\Zakohen\Desktop\minecraft_survie_chill\mods}, reader: mod manifest]
[10sept.2026 13:18:35.044] [main/INFO] [net.neoforged.fml.loading.moddiscovery.ModDiscoverer/SCAN]: Found mod file "MultiArrowEffects-Neoforge-1.21.1-1.0.0.jar" [locator: {mods folder locator at C:\Users\Zakohen\Desktop\minecraft_survie_chill\mods}, reader: mod manifest]
[10sept.2026 13:18:35.047] [main/INFO] [net.neoforged.fml.loading.moddiscovery.ModDiscoverer/SCAN]: Found mod file "MyNethersDelight-1.21.1-1.10.2.jar" [locator: {mods folder locator at C:\Users\Zakohen\Desktop\minecraft_survie_chill\mods}, reader: mod manifest]
[10sept.2026 13:18:35.059] [main/INFO] [net.neoforged.fml.loading.moddiscovery.ModDiscoverer/SCAN]: Found mod file "NaturesCompass-1.21.1-3.4.0-neoforge.jar" [locator: {mods folder locator at C:\Users\Zakohen\Desktop\minecraft_survie_chill\mods}, reader: mod manifest]
[10sept.2026 13:18:35.063] [main/INFO] [net.neoforged.fml.loading.moddiscovery.ModDiscoverer/SCAN]: Found mod file "neo_startinv-1.0.0-1.21.jar" [locator: {mods folder locator at C:\Users\Zakohen\Desktop\minecraft_survie_chill\mods}, reader: mod manifest]
[10sept.2026 13:18:35.067] [main/INFO] [net.neoforged.fml.loading.moddiscovery.ModDiscoverer/SCAN]: Found mod file "neruina-3.3.2+1.21.1-neoforge.jar" [locator: {mods folder locator at C:\Users\Zakohen\Desktop\minecraft_survie_chill\mods}, reader: mod manifest]
[10sept.2026 13:18:35.067] [main/INFO] [net.neoforged.fml.loading.moddiscovery.ModDiscoverer/SCAN]: Found mod file "netherportalfix-neoforge-1.21.1-21.1.1.jar" [locator: {mods folder locator at C:\Users\Zakohen\Desktop\minecraft_survie_chill\mods}, reader: mod manifest]
[10sept.2026 13:18:35.086] [main/INFO] [net.neoforged.fml.loading.moddiscovery.ModDiscoverer/SCAN]: Found mod file "netherracked-1.0.4.jar" [locator: {mods folder locator at C:\Users\Zakohen\Desktop\minecraft_survie_chill\mods}, reader: mod manifest]
[10sept.2026 13:18:35.092] [main/INFO] [net.neoforged.fml.loading.moddiscovery.ModDiscoverer/SCAN]: Found mod file "new_shield_variants-merged-1.21.1-2.0.0.jar" [locator: {mods folder locator at C:\Users\Zakohen\Desktop\minecraft_survie_chill\mods}, reader: mod manifest]
[10sept.2026 13:18:35.097] [main/INFO] [net.neoforged.fml.loading.moddiscovery.ModDiscoverer/SCAN]: Found mod file "new_slab_variants-merged-1.21.1-3.0.1.jar" [locator: {mods folder locator at C:\Users\Zakohen\Desktop\minecraft_survie_chill\mods}, reader: mod manifest]
[10sept.2026 13:18:35.109] [main/INFO] [net.neoforged.fml.loading.moddiscovery.ModDiscoverer/SCAN]: Found mod file "NoChatReports-NEOFORGE-1.21.1-v2.9.1.jar" [locator: {mods folder locator at C:\Users\Zakohen\Desktop\minecraft_survie_chill\mods}, reader: mod manifest]
[10sept.2026 13:18:35.114] [main/INFO] [net.neoforged.fml.loading.moddiscovery.ModDiscoverer/SCAN]: Found mod file "Nullscape_1.21.x_v1.2.14.jar" [locator: {mods folder locator at C:\Users\Zakohen\Desktop\minecraft_survie_chill\mods}, reader: mod manifest]
[10sept.2026 13:18:35.114] [main/INFO] [net.neoforged.fml.loading.moddiscovery.ModDiscoverer/SCAN]: Found mod file "ore-vein-miner-1.2.jar" [locator: {mods folder locator at C:\Users\Zakohen\Desktop\minecraft_survie_chill\mods}, reader: mod manifest]
[10sept.2026 13:18:35.130] [main/INFO] [net.neoforged.fml.loading.moddiscovery.ModDiscoverer/SCAN]: Found mod file "pamhc2foodcore-NEOFORGE-1.21.1-1.0.4.jar" [locator: {mods folder locator at C:\Users\Zakohen\Desktop\minecraft_survie_chill\mods}, reader: mod manifest]
[10sept.2026 13:18:35.130] [main/INFO] [net.neoforged.fml.loading.moddiscovery.ModDiscoverer/SCAN]: Found mod file "Placebo-1.21.1-9.9.1.jar" [locator: {mods folder locator at C:\Users\Zakohen\Desktop\minecraft_survie_chill\mods}, reader: mod manifest]
[10sept.2026 13:18:35.145] [main/INFO] [net.neoforged.fml.loading.moddiscovery.ModDiscoverer/SCAN]: Found mod file "player-animation-lib-forge-2.0.4+1.21.1.jar" [locator: {mods folder locator at C:\Users\Zakohen\Desktop\minecraft_survie_chill\mods}, reader: mod manifest]
[10sept.2026 13:18:35.149] [main/INFO] [net.neoforged.fml.loading.moddiscovery.ModDiscoverer/SCAN]: Found mod file "polymorph-neoforge-1.1.0+1.21.1.jar" [locator: {mods folder locator at C:\Users\Zakohen\Desktop\minecraft_survie_chill\mods}, reader: mod manifest]
[10sept.2026 13:18:35.158] [main/INFO] [net.neoforged.fml.loading.moddiscovery.ModDiscoverer/SCAN]: Found mod file "portablespawner-neoforge-1.21.1-1.0.0.jar" [locator: {mods folder locator at C:\Users\Zakohen\Desktop\minecraft_survie_chill\mods}, reader: mod manifest]
[10sept.2026 13:18:35.158] [main/INFO] [net.neoforged.fml.loading.moddiscovery.ModDiscoverer/SCAN]: Found mod file "potion_combiner-1.21.1-Neoforge-1.0.0.jar" [locator: {mods folder locator at C:\Users\Zakohen\Desktop\minecraft_survie_chill\mods}, reader: mod manifest]
[10sept.2026 13:18:35.158] [main/INFO] [net.neoforged.fml.loading.moddiscovery.ModDiscoverer/SCAN]: Found mod file "prickle-neoforge-1.21.1-21.1.11.jar" [locator: {mods folder locator at C:\Users\Zakohen\Desktop\minecraft_survie_chill\mods}, reader: mod manifest]
[10sept.2026 13:18:35.176] [main/INFO] [net.neoforged.fml.loading.moddiscovery.ModDiscoverer/SCAN]: Found mod file "Prism-1.21.1-neoforge-1.0.11.jar" [locator: {mods folder locator at C:\Users\Zakohen\Desktop\minecraft_survie_chill\mods}, reader: mod manifest]
[10sept.2026 13:18:35.176] [main/INFO] [net.neoforged.fml.loading.moddiscovery.ModDiscoverer/SCAN]: Found mod file "PuzzlesLib-v21.1.52-1.21.1-NeoForge.jar" [locator: {mods folder locator at C:\Users\Zakohen\Desktop\minecraft_survie_chill\mods}, reader: mod manifest]
[10sept.2026 13:18:35.190] [main/INFO] [net.neoforged.fml.loading.moddiscovery.ModDiscoverer/SCAN]: Found mod file "recipeessentials-1.21-4.0.jar" [locator: {mods folder locator at C:\Users\Zakohen\Desktop\minecraft_survie_chill\mods}, reader: mod manifest]
[10sept.2026 13:18:35.198] [main/INFO] [net.neoforged.fml.loading.moddiscovery.ModDiscoverer/SCAN]: Found mod file "refurbished_furniture-neoforge-1.21.1-1.0.22.jar" [locator: {mods folder locator at C:\Users\Zakohen\Desktop\minecraft_survie_chill\mods}, reader: mod manifest]
[10sept.2026 13:18:35.208] [main/INFO] [net.neoforged.fml.loading.moddiscovery.ModDiscoverer/SCAN]: Found mod file "resourcefulconfig-neoforge-1.21-3.0.11.jar" [locator: {mods folder locator at C:\Users\Zakohen\Desktop\minecraft_survie_chill\mods}, reader: mod manifest]
[10sept.2026 13:18:35.212] [main/INFO] [net.neoforged.fml.loading.moddiscovery.ModDiscoverer/SCAN]: Found mod file "resourcefullib-neoforge-1.21-3.0.12.jar" [locator: {mods folder locator at C:\Users\Zakohen\Desktop\minecraft_survie_chill\mods}, reader: mod manifest]
[10sept.2026 13:18:35.212] [main/INFO] [net.neoforged.fml.loading.moddiscovery.ModDiscoverer/SCAN]: Found mod file "rightclickharvest-neoforge-4.6.1+1.21.1.jar" [locator: {mods folder locator at C:\Users\Zakohen\Desktop\minecraft_survie_chill\mods}, reader: mod manifest]
[10sept.2026 13:18:35.227] [main/INFO] [net.neoforged.fml.loading.moddiscovery.ModDiscoverer/SCAN]: Found mod file "RPG Potions - Neoforge - MC 1.21.1 - 1.2.0.jar" [locator: {mods folder locator at C:\Users\Zakohen\Desktop\minecraft_survie_chill\mods}, reader: mod manifest]
[10sept.2026 13:18:35.233] [main/INFO] [net.neoforged.fml.loading.moddiscovery.ModDiscoverer/SCAN]: Found mod file "Searchables-neoforge-1.21.1-1.0.2.jar" [locator: {mods folder locator at C:\Users\Zakohen\Desktop\minecraft_survie_chill\mods}, reader: mod manifest]
[10sept.2026 13:18:35.237] [main/INFO] [net.neoforged.fml.loading.moddiscovery.ModDiscoverer/SCAN]: Found mod file "SereneSeasons-neoforge-1.21.1-10.1.0.3.jar" [locator: {mods folder locator at C:\Users\Zakohen\Desktop\minecraft_survie_chill\mods}, reader: mod manifest]
[10sept.2026 13:18:35.242] [main/INFO] [net.neoforged.fml.loading.moddiscovery.ModDiscoverer/SCAN]: Found mod file "smarterfarmers-1.21-2.2.4-neoforge.jar" [locator: {mods folder locator at C:\Users\Zakohen\Desktop\minecraft_survie_chill\mods}, reader: mod manifest]
[10sept.2026 13:18:35.251] [main/INFO] [net.neoforged.fml.loading.moddiscovery.ModDiscoverer/SCAN]: Found mod file "smoothchunk-1.21-4.1.jar" [locator: {mods folder locator at C:\Users\Zakohen\Desktop\minecraft_survie_chill\mods}, reader: mod manifest]
[10sept.2026 13:18:35.256] [main/INFO] [net.neoforged.fml.loading.moddiscovery.ModDiscoverer/SCAN]: Found mod file "SnowRealMagic-1.21.1-NeoForge-12.2.0.jar" [locator: {mods folder locator at C:\Users\Zakohen\Desktop\minecraft_survie_chill\mods}, reader: mod manifest]
[10sept.2026 13:18:35.256] [main/INFO] [net.neoforged.fml.loading.moddiscovery.ModDiscoverer/SCAN]: Found mod file "snowundertrees-1.21.1-1.5.1.jar" [locator: {mods folder locator at C:\Users\Zakohen\Desktop\minecraft_survie_chill\mods}, reader: mod manifest]
[10sept.2026 13:18:35.271] [main/INFO] [net.neoforged.fml.loading.moddiscovery.ModDiscoverer/SCAN]: Found mod file "SOB-NeoForge-1.21.1-1.0.0.jar" [locator: {mods folder locator at C:\Users\Zakohen\Desktop\minecraft_survie_chill\mods}, reader: mod manifest]
[10sept.2026 13:18:35.271] [main/INFO] [net.neoforged.fml.loading.moddiscovery.ModDiscoverer/SCAN]: Found mod file "sophisticatedbackpacks-1.21.1-3.25.64.1919.jar" [locator: {mods folder locator at C:\Users\Zakohen\Desktop\minecraft_survie_chill\mods}, reader: mod manifest]
[10sept.2026 13:18:35.284] [main/INFO] [net.neoforged.fml.loading.moddiscovery.ModDiscoverer/SCAN]: Found mod file "sophisticatedcore-1.21.1-1.4.60.2044.jar" [locator: {mods folder locator at C:\Users\Zakohen\Desktop\minecraft_survie_chill\mods}, reader: mod manifest]
[10sept.2026 13:18:35.290] [main/INFO] [net.neoforged.fml.loading.moddiscovery.ModDiscoverer/SCAN]: Found mod file "sophisticatedstorage-1.21.1-1.5.62.1858.jar" [locator: {mods folder locator at C:\Users\Zakohen\Desktop\minecraft_survie_chill\mods}, reader: mod manifest]
[10sept.2026 13:18:35.300] [main/INFO] [net.neoforged.fml.loading.moddiscovery.ModDiscoverer/SCAN]: Found mod file "sound-physics-remastered-neoforge-1.21.1-1.4.10.jar" [locator: {mods folder locator at C:\Users\Zakohen\Desktop\minecraft_survie_chill\mods}, reader: mod manifest]
[10sept.2026 13:18:35.305] [main/INFO] [net.neoforged.fml.loading.moddiscovery.ModDiscoverer/SCAN]: Found mod file "spark-1.10.124-neoforge.jar" [locator: {mods folder locator at C:\Users\Zakohen\Desktop\minecraft_survie_chill\mods}, reader: mod manifest]
[10sept.2026 13:18:35.305] [main/INFO] [net.neoforged.fml.loading.moddiscovery.ModDiscoverer/SCAN]: Found mod file "stackable_stew_and_soup-merged-1.21.1-2.0.1.jar" [locator: {mods folder locator at C:\Users\Zakohen\Desktop\minecraft_survie_chill\mods}, reader: mod manifest]
[10sept.2026 13:18:35.316] [main/INFO] [net.neoforged.fml.loading.moddiscovery.ModDiscoverer/SCAN]: Found mod file "StorageDrawers-neoforge-1.21.1-13.11.4.jar" [locator: {mods folder locator at C:\Users\Zakohen\Desktop\minecraft_survie_chill\mods}, reader: mod manifest]
[10sept.2026 13:18:35.327] [main/INFO] [net.neoforged.fml.loading.moddiscovery.ModDiscoverer/SCAN]: Found mod file "Structory_26.1_v1.3.16.jar" [locator: {mods folder locator at C:\Users\Zakohen\Desktop\minecraft_survie_chill\mods}, reader: mod manifest]
[10sept.2026 13:18:35.334] [main/INFO] [net.neoforged.fml.loading.moddiscovery.ModDiscoverer/SCAN]: Found mod file "structureessentials-1.21.1-5.0.jar" [locator: {mods folder locator at C:\Users\Zakohen\Desktop\minecraft_survie_chill\mods}, reader: mod manifest]
[10sept.2026 13:18:35.343] [main/INFO] [net.neoforged.fml.loading.moddiscovery.ModDiscoverer/SCAN]: Found mod file "supermartijn642configlib-1.1.8-neoforge-mc1.21.jar" [locator: {mods folder locator at C:\Users\Zakohen\Desktop\minecraft_survie_chill\mods}, reader: mod manifest]
[10sept.2026 13:18:35.347] [main/INFO] [net.neoforged.fml.loading.moddiscovery.ModDiscoverer/SCAN]: Found mod file "supermartijn642corelib-1.1.21-neoforge-mc1.21.jar" [locator: {mods folder locator at C:\Users\Zakohen\Desktop\minecraft_survie_chill\mods}, reader: mod manifest]
[10sept.2026 13:18:35.347] [main/INFO] [net.neoforged.fml.loading.moddiscovery.ModDiscoverer/SCAN]: Found mod file "t_and_t-neoforge-fabric-1.13.9+1.21.1.jar" [locator: {mods folder locator at C:\Users\Zakohen\Desktop\minecraft_survie_chill\mods}, reader: mod manifest]
[10sept.2026 13:18:35.363] [main/INFO] [net.neoforged.fml.loading.moddiscovery.ModDiscoverer/SCAN]: Found mod file "TaxStructureArchitect+M.1.21.1+NeoF.1.2.2.jar" [locator: {mods folder locator at C:\Users\Zakohen\Desktop\minecraft_survie_chill\mods}, reader: mod manifest]
[10sept.2026 13:18:35.365] [main/INFO] [net.neoforged.fml.loading.moddiscovery.ModDiscoverer/SCAN]: Found mod file "TaxVillageArchitect+M.1.21.1+NeoF.1.1.2.jar" [locator: {mods folder locator at C:\Users\Zakohen\Desktop\minecraft_survie_chill\mods}, reader: mod manifest]
[10sept.2026 13:18:35.365] [main/INFO] [net.neoforged.fml.loading.moddiscovery.ModDiscoverer/SCAN]: Found mod file "TerraBlender-neoforge-1.21.1-4.1.0.8.jar" [locator: {mods folder locator at C:\Users\Zakohen\Desktop\minecraft_survie_chill\mods}, reader: mod manifest]
[10sept.2026 13:18:35.379] [main/INFO] [net.neoforged.fml.loading.moddiscovery.ModDiscoverer/SCAN]: Found mod file "trashcans-1.0.18c-neoforge-mc1.21.jar" [locator: {mods folder locator at C:\Users\Zakohen\Desktop\minecraft_survie_chill\mods}, reader: mod manifest]
[10sept.2026 13:18:35.386] [main/INFO] [net.neoforged.fml.loading.moddiscovery.ModDiscoverer/SCAN]: Found mod file "trashslot-neoforge-1.21.1-21.1.11.jar" [locator: {mods folder locator at C:\Users\Zakohen\Desktop\minecraft_survie_chill\mods}, reader: mod manifest]
[10sept.2026 13:18:35.392] [main/INFO] [net.neoforged.fml.loading.moddiscovery.ModDiscoverer/SCAN]: Found mod file "tree-vein-miner-2.0.0.jar" [locator: {mods folder locator at C:\Users\Zakohen\Desktop\minecraft_survie_chill\mods}, reader: mod manifest]
[10sept.2026 13:18:35.401] [main/INFO] [net.neoforged.fml.loading.moddiscovery.ModDiscoverer/SCAN]: Found mod file "trimeffects-neoforge-mc1.21-2.1.1.jar" [locator: {mods folder locator at C:\Users\Zakohen\Desktop\minecraft_survie_chill\mods}, reader: mod manifest]
[10sept.2026 13:18:35.407] [main/INFO] [net.neoforged.fml.loading.moddiscovery.ModDiscoverer/SCAN]: Found mod file "unlocked_typing-merged-1.21.1-1.0.1.jar" [locator: {mods folder locator at C:\Users\Zakohen\Desktop\minecraft_survie_chill\mods}, reader: mod manifest]
[10sept.2026 13:18:35.415] [main/INFO] [net.neoforged.fml.loading.moddiscovery.ModDiscoverer/SCAN]: Found mod file "villagernames-1.21.1-8.5.jar" [locator: {mods folder locator at C:\Users\Zakohen\Desktop\minecraft_survie_chill\mods}, reader: mod manifest]
[10sept.2026 13:18:35.417] [main/INFO] [net.neoforged.fml.loading.moddiscovery.ModDiscoverer/SCAN]: Found mod file "Waddles-neoforge-1.21-0.11.1.jar" [locator: {mods folder locator at C:\Users\Zakohen\Desktop\minecraft_survie_chill\mods}, reader: mod manifest]
[10sept.2026 13:18:35.427] [main/INFO] [net.neoforged.fml.loading.moddiscovery.ModDiscoverer/SCAN]: Found mod file "waystones-neoforge-1.21.1-21.1.34.jar" [locator: {mods folder locator at C:\Users\Zakohen\Desktop\minecraft_survie_chill\mods}, reader: mod manifest]
[10sept.2026 13:18:35.435] [main/INFO] [net.neoforged.fml.loading.moddiscovery.ModDiscoverer/SCAN]: Found mod file "wider_ender_chests-neoforge-1.21.1-1.0.4.jar" [locator: {mods folder locator at C:\Users\Zakohen\Desktop\minecraft_survie_chill\mods}, reader: mod manifest]
[10sept.2026 13:18:35.441] [main/INFO] [net.neoforged.fml.loading.moddiscovery.ModDiscoverer/SCAN]: Found mod file "world-editor-v2.1.0.jar" [locator: {mods folder locator at C:\Users\Zakohen\Desktop\minecraft_survie_chill\mods}, reader: mod manifest]
[10sept.2026 13:18:35.447] [main/INFO] [net.neoforged.fml.loading.moddiscovery.ModDiscoverer/SCAN]: Found mod file "yeetusexperimentus-neoforge-87.0.0.jar" [locator: {mods folder locator at C:\Users\Zakohen\Desktop\minecraft_survie_chill\mods}, reader: mod manifest]
[10sept.2026 13:18:35.455] [main/INFO] [net.neoforged.fml.loading.moddiscovery.ModDiscoverer/SCAN]: Found mod file "YungsApi-1.21.1-NeoForge-5.1.6.jar" [locator: {mods folder locator at C:\Users\Zakohen\Desktop\minecraft_survie_chill\mods}, reader: mod manifest]
[10sept.2026 13:18:35.458] [main/INFO] [net.neoforged.fml.loading.moddiscovery.ModDiscoverer/SCAN]: Found mod file "YungsBetterDesertTemples-1.21.1-NeoForge-4.1.5.jar" [locator: {mods folder locator at C:\Users\Zakohen\Desktop\minecraft_survie_chill\mods}, reader: mod manifest]
[10sept.2026 13:18:35.458] [main/INFO] [net.neoforged.fml.loading.moddiscovery.ModDiscoverer/SCAN]: Found mod file "YungsBetterDungeons-1.21.1-NeoForge-5.1.4.jar" [locator: {mods folder locator at C:\Users\Zakohen\Desktop\minecraft_survie_chill\mods}, reader: mod manifest]
[10sept.2026 13:18:35.469] [main/INFO] [net.neoforged.fml.loading.moddiscovery.ModDiscoverer/SCAN]: Found mod file "YungsBetterJungleTemples-1.21.1-NeoForge-3.1.2.jar" [locator: {mods folder locator at C:\Users\Zakohen\Desktop\minecraft_survie_chill\mods}, reader: mod manifest]
[10sept.2026 13:18:35.474] [main/INFO] [net.neoforged.fml.loading.moddiscovery.ModDiscoverer/SCAN]: Found mod file "YungsBetterMineshafts-1.21.1-NeoForge-5.1.1.jar" [locator: {mods folder locator at C:\Users\Zakohen\Desktop\minecraft_survie_chill\mods}, reader: mod manifest]
[10sept.2026 13:18:35.474] [main/INFO] [net.neoforged.fml.loading.moddiscovery.ModDiscoverer/SCAN]: Found mod file "YungsBetterNetherFortresses-1.21.1-NeoForge-3.1.5.jar" [locator: {mods folder locator at C:\Users\Zakohen\Desktop\minecraft_survie_chill\mods}, reader: mod manifest]
[10sept.2026 13:18:35.490] [main/INFO] [net.neoforged.fml.loading.moddiscovery.ModDiscoverer/SCAN]: Found mod file "YungsBetterOceanMonuments-1.21.1-NeoForge-4.1.2.jar" [locator: {mods folder locator at C:\Users\Zakohen\Desktop\minecraft_survie_chill\mods}, reader: mod manifest]
[10sept.2026 13:18:35.490] [main/INFO] [net.neoforged.fml.loading.moddiscovery.ModDiscoverer/SCAN]: Found mod file "YungsBetterStrongholds-1.21.1-NeoForge-5.1.3.jar" [locator: {mods folder locator at C:\Users\Zakohen\Desktop\minecraft_survie_chill\mods}, reader: mod manifest]
[10sept.2026 13:18:35.490] [main/INFO] [net.neoforged.fml.loading.moddiscovery.ModDiscoverer/SCAN]: Found mod file "YungsBetterWitchHuts-1.21.1-NeoForge-4.1.1.jar" [locator: {mods folder locator at C:\Users\Zakohen\Desktop\minecraft_survie_chill\mods}, reader: mod manifest]
[10sept.2026 13:18:35.509] [main/INFO] [net.neoforged.fml.loading.moddiscovery.ModDiscoverer/SCAN]: Found mod file "zombie_variants-neoforge-1.0.3-1.21.1.jar" [locator: {mods folder locator at C:\Users\Zakohen\Desktop\minecraft_survie_chill\mods}, reader: mod manifest]
[10sept.2026 13:18:36.469] [main/INFO] [net.neoforged.fml.loading.moddiscovery.locators.JarInJarDependencyLocator/]: Found 41 dependencies adding them to mods collection
[10sept.2026 13:18:36.469] [main/INFO] [net.neoforged.fml.loading.moddiscovery.ModDiscoverer/SCAN]: Found gamelibrary file "mixinextras-neoforge-0.5.3.jar" [parent: neoforge-21.1.234-universal.jar, locator: jarinjar, reader: mod manifest]
[10sept.2026 13:18:36.469] [main/INFO] [net.neoforged.fml.loading.moddiscovery.ModDiscoverer/SCAN]: Found mod file "kuma-api-neoforge-21.0.8+1.21.jar" [parent: balm-neoforge-1.21.1-21.0.59.jar, locator: jarinjar, reader: mod manifest]
[10sept.2026 13:18:36.469] [main/INFO] [net.neoforged.fml.loading.moddiscovery.ModDiscoverer/SCAN]: Found mod file "fabric-game-rule-api-v1-1.0.53+36d727be19.jar" [parent: SnowRealMagic-1.21.1-NeoForge-12.2.0.jar, locator: jarinjar, reader: mod manifest]
[10sept.2026 13:18:36.471] [main/INFO] [net.neoforged.fml.loading.moddiscovery.ModDiscoverer/SCAN]: Found mod file "fabric-renderer-api-v1-3.4.0+9c40919e19.jar" [parent: SnowRealMagic-1.21.1-NeoForge-12.2.0.jar, locator: jarinjar, reader: mod manifest]
[10sept.2026 13:18:36.471] [main/INFO] [net.neoforged.fml.loading.moddiscovery.ModDiscoverer/SCAN]: Found mod file "fabric-api-base-0.4.42+d1308ded19.jar" [parent: Kiwi-1.21.1-NeoForge-15.8.4.jar, locator: jarinjar, reader: mod manifest]
[10sept.2026 13:18:36.471] [main/INFO] [net.neoforged.fml.loading.moddiscovery.ModDiscoverer/SCAN]: Found gamelibrary file "mixinconstraints-1.1.0.jar" [parent: crabclaws-1.3.0-1.21.1+neoforge.jar, locator: jarinjar, reader: mod manifest]
[10sept.2026 13:18:36.471] [main/INFO] [net.neoforged.fml.loading.moddiscovery.ModDiscoverer/SCAN]: Found mod file "ponder-neoforge-1.0.82+mc1.21.1.jar" [parent: create-1.21.1-6.0.10.jar, locator: jarinjar, reader: mod manifest]
[10sept.2026 13:18:36.471] [main/INFO] [net.neoforged.fml.loading.moddiscovery.ModDiscoverer/SCAN]: Found mod file "fabric-model-loading-api-v1-2.0.0+986ae77219.jar" [parent: SnowRealMagic-1.21.1-NeoForge-12.2.0.jar, locator: jarinjar, reader: mod manifest]
[10sept.2026 13:18:36.471] [main/INFO] [net.neoforged.fml.loading.moddiscovery.ModDiscoverer/SCAN]: Found library file "net.neoforged.neoforge-coremods-21.1.234.jar" [parent: neoforge-21.1.234-universal.jar, locator: jarinjar, reader: mod manifest]
[10sept.2026 13:18:36.471] [main/INFO] [net.neoforged.fml.loading.moddiscovery.ModDiscoverer/SCAN]: Found library file "pngj-2.1.0.jar" [parent: journeymap-neoforge-1.21.1-6.0.0-beta.88.jar, locator: jarinjar]
[10sept.2026 13:18:36.471] [main/INFO] [net.neoforged.fml.loading.moddiscovery.ModDiscoverer/SCAN]: Found gamelibrary file "mixinsquared-neoforge-0.3.3.jar" [parent: elytratrims-neoforge-3.10.0+1.21.1.jar, locator: jarinjar, reader: mod manifest]
[10sept.2026 13:18:36.471] [main/INFO] [net.neoforged.fml.loading.moddiscovery.ModDiscoverer/SCAN]: Found mod file "spectrelib-neoforge-0.17.2+1.21.jar" [parent: charmofundying-neoforge-9.1.0+1.21.1.jar, locator: jarinjar, reader: mod manifest]
[10sept.2026 13:18:36.471] [main/INFO] [net.neoforged.fml.loading.moddiscovery.ModDiscoverer/SCAN]: Found library file "thedarkcolour.kfflang-5.11.0.jar" [parent: kotlinforforge-5.11.0-all.jar, locator: jarinjar, reader: mod manifest]
[10sept.2026 13:18:36.471] [main/INFO] [net.neoforged.fml.loading.moddiscovery.ModDiscoverer/SCAN]: Found library file "github-api-2.0-rc.6.jar" [parent: neruina-3.3.2+1.21.1-neoforge.jar, locator: jarinjar]
[10sept.2026 13:18:36.471] [main/INFO] [net.neoforged.fml.loading.moddiscovery.ModDiscoverer/SCAN]: Found gamelibrary file "thedarkcolour.kfflib-5.11.0.jar" [parent: kotlinforforge-5.11.0-all.jar, locator: jarinjar, reader: mod manifest]
[10sept.2026 13:18:36.471] [main/INFO] [net.neoforged.fml.loading.moddiscovery.ModDiscoverer/SCAN]: Found mod file "common-networking-neoforge-1.0.21-1.21.1.jar" [parent: journeymap-neoforge-1.21.1-6.0.0-beta.88.jar, locator: jarinjar, reader: mod manifest]
[10sept.2026 13:18:36.471] [main/INFO] [net.neoforged.fml.loading.moddiscovery.ModDiscoverer/SCAN]: Found library file "MixinSquared-0.3.3.jar" [parent: mixinsquared-neoforge-0.3.3.jar, locator: jarinjar]
[10sept.2026 13:18:36.471] [main/INFO] [net.neoforged.fml.loading.moddiscovery.ModDiscoverer/SCAN]: Found mod file "thedarkcolour.kffmod-5.11.0.jar" [parent: kotlinforforge-5.11.0-all.jar, locator: jarinjar, reader: mod manifest]
[10sept.2026 13:18:36.471] [main/INFO] [net.neoforged.fml.loading.moddiscovery.ModDiscoverer/SCAN]: Found library file "gson-0.3.1.jar" [parent: configurable-3.5.1+1.21.1-neoforge.jar, locator: jarinjar]
[10sept.2026 13:18:36.471] [main/INFO] [net.neoforged.fml.loading.moddiscovery.ModDiscoverer/SCAN]: Found library file "kotlin-stdlib-2.3.0.jar" [parent: kotlinforforge-5.11.0-all.jar, locator: jarinjar]
[10sept.2026 13:18:36.471] [main/INFO] [net.neoforged.fml.loading.moddiscovery.ModDiscoverer/SCAN]: Found library file "kotlin-reflect-2.3.0.jar" [parent: kotlinforforge-5.11.0-all.jar, locator: jarinjar]
[10sept.2026 13:18:36.471] [main/INFO] [net.neoforged.fml.loading.moddiscovery.ModDiscoverer/SCAN]: Found mod file "flywheel-neoforge-1.21.1-1.0.6.jar" [parent: create-1.21.1-6.0.10.jar, locator: jarinjar, reader: mod manifest]
[10sept.2026 13:18:36.471] [main/INFO] [net.neoforged.fml.loading.moddiscovery.ModDiscoverer/SCAN]: Found mod file "fabric-renderer-indigo-1.7.0+acb05a3919.jar" [parent: SnowRealMagic-1.21.1-NeoForge-12.2.0.jar, locator: jarinjar, reader: mod manifest]
[10sept.2026 13:18:36.471] [main/INFO] [net.neoforged.fml.loading.moddiscovery.ModDiscoverer/SCAN]: Found library file "kotlinx-coroutines-core-jvm-1.10.2.jar" [parent: kotlinforforge-5.11.0-all.jar, locator: jarinjar]
[10sept.2026 13:18:36.471] [main/INFO] [net.neoforged.fml.loading.moddiscovery.ModDiscoverer/SCAN]: Found mod file "fabric-block-view-api-v2-1.0.10+9afaaf8c19.jar" [parent: SnowRealMagic-1.21.1-NeoForge-12.2.0.jar, locator: jarinjar, reader: mod manifest]
[10sept.2026 13:18:36.471] [main/INFO] [net.neoforged.fml.loading.moddiscovery.ModDiscoverer/SCAN]: Found library file "yabn-1.0.3.jar" [parent: resourcefullib-neoforge-1.21-3.0.12.jar, locator: jarinjar]
[10sept.2026 13:18:36.471] [main/INFO] [net.neoforged.fml.loading.moddiscovery.ModDiscoverer/SCAN]: Found library file "json-0.3.1.jar" [parent: configurable-3.5.1+1.21.1-neoforge.jar, locator: jarinjar]
[10sept.2026 13:18:36.471] [main/INFO] [net.neoforged.fml.loading.moddiscovery.ModDiscoverer/SCAN]: Found library file "kotlinx-coroutines-jdk8-1.10.2.jar" [parent: kotlinforforge-5.11.0-all.jar, locator: jarinjar]
[10sept.2026 13:18:36.471] [main/INFO] [net.neoforged.fml.loading.moddiscovery.ModDiscoverer/SCAN]: Found mod file "conditional-mixin-neoforge-0.6.4.jar" [parent: elytratrims-neoforge-3.10.0+1.21.1.jar, locator: jarinjar, reader: mod manifest]
[10sept.2026 13:18:36.471] [main/INFO] [net.neoforged.fml.loading.moddiscovery.ModDiscoverer/SCAN]: Found library file "kotlin-stdlib-jdk7-2.3.0.jar" [parent: kotlinforforge-5.11.0-all.jar, locator: jarinjar]
[10sept.2026 13:18:36.471] [main/INFO] [net.neoforged.fml.loading.moddiscovery.ModDiscoverer/SCAN]: Found library file "kotlin-stdlib-jdk8-2.3.0.jar" [parent: kotlinforforge-5.11.0-all.jar, locator: jarinjar]
[10sept.2026 13:18:36.471] [main/INFO] [net.neoforged.fml.loading.moddiscovery.ModDiscoverer/SCAN]: Found library file "kotlinx-serialization-core-jvm-1.9.0.jar" [parent: kotlinforforge-5.11.0-all.jar, locator: jarinjar]
[10sept.2026 13:18:36.471] [main/INFO] [net.neoforged.fml.loading.moddiscovery.ModDiscoverer/SCAN]: Found library file "auto-service-1.0.jar" [parent: configurable-3.5.1+1.21.1-neoforge.jar, locator: jarinjar]
[10sept.2026 13:18:36.471] [main/INFO] [net.neoforged.fml.loading.moddiscovery.ModDiscoverer/SCAN]: Found gamelibrary file "Registrate-MC1.21-1.3.0+67.jar" [parent: create-1.21.1-6.0.10.jar, locator: jarinjar, reader: mod manifest]
[10sept.2026 13:18:36.471] [main/INFO] [net.neoforged.fml.loading.moddiscovery.ModDiscoverer/SCAN]: Found library file "forgified-fabric-loader-2.5.29+0.16.0+1.21-full.jar" [parent: SnowRealMagic-1.21.1-NeoForge-12.2.0.jar, locator: jarinjar, reader: mod manifest]
[10sept.2026 13:18:36.471] [main/INFO] [net.neoforged.fml.loading.moddiscovery.ModDiscoverer/SCAN]: Found mod file "expandability-neoforge-12.0.0.jar" [parent: artifacts-neoforge-13.2.1.jar, locator: jarinjar, reader: mod manifest]
[10sept.2026 13:18:36.471] [main/INFO] [net.neoforged.fml.loading.moddiscovery.ModDiscoverer/SCAN]: Found library file "bytecodecs-1.1.2.jar" [parent: resourcefullib-neoforge-1.21-3.0.12.jar, locator: jarinjar]
[10sept.2026 13:18:36.471] [main/INFO] [net.neoforged.fml.loading.moddiscovery.ModDiscoverer/SCAN]: Found library file "kotlinx-serialization-json-jvm-1.9.0.jar" [parent: kotlinforforge-5.11.0-all.jar, locator: jarinjar]
[10sept.2026 13:18:36.471] [main/INFO] [net.neoforged.fml.loading.moddiscovery.ModDiscoverer/SCAN]: Found mod file "journeymap-api-neoforge-2.0.0-1.21.1.jar" [parent: journeymap-neoforge-1.21.1-6.0.0-beta.88.jar, locator: jarinjar, reader: mod manifest]
[10sept.2026 13:18:36.471] [main/INFO] [net.neoforged.fml.loading.moddiscovery.ModDiscoverer/SCAN]: Found mod file "diagonalblocks-neoforge-21.1.2.jar" [parent: DiagonalWalls-v21.1.2-1.21.1-NeoForge.jar, locator: jarinjar, reader: mod manifest]
[10sept.2026 13:18:36.471] [main/INFO] [net.neoforged.fml.loading.moddiscovery.ModDiscoverer/SCAN]: Found library file "jankson-1.2.3.jar" [parent: cristellib-neoforge-1.21.1-3.1.7.jar, locator: jarinjar]
[10sept.2026 13:18:36.485] [main/INFO] [net.neoforged.fml.loading.moddiscovery.ModDiscoverer/]: 
     Mod List:
		Name Version (Mod Id)

		Addons Lib 1.21.1-1.10 (addonslib)
		AdorableEggs 1.0.3 (adorable_eggs)
		Advanced Netherite 2.3.1 (advancednetherite)
		Advanced Stands 1.0-SNAPSHOT (advancedstands)
		Advancement Plaques 1.6.8 (advancementplaques)
		AI-Improvements 0.5.3 (aiimprovements)
		All The Leaks 1.1.9+1.21.1-neoforge (alltheleaks)
		Alternate Current 1.9.0 (alternate_current)
		Amendments 1.21-2.0.15 (amendments)
		Animal Armor Trims 2.3.1 (animal_armor_trims)
		AppleSkin 3.0.9+mc1.21 (appleskin)
		Aquaculture 2 2.7.21 (aquaculture)
		Architectury 13.0.8 (architectury)
		Artifacts 13.2.1 (artifacts)
		Athena 4.0.6 (athena)
		AttributeFix 21.1.3 (attributefix)
		Auto Pickup Filter 1.0.1 (auto_pickup_filter)
		AutoMessage 3.0.0 (automessage)
		Balm 21.0.59 (balm)
		Beautiful Enchanted Books 6.0.0 (beb)
		BeautifulCampfires 1.0.2 (beautifulcampfires)
		BeautifulPotions 2.0.0 (beautiful_potions)
		Better Archeology 1.21.1-1.3.4 (betterarcheology)
		betterfpsdist mod 6.0 (betterfpsdist)
		BHMenu 2.4.4 (bhmenu)
		Biomes O' Plenty 21.1.0.13 (biomesoplenty)
		Bookshelf 21.1.81 (bookshelf)
		Building Gadgets 2 1.3.9 (buildinggadgets2)
		Caelus API 7.0.1+1.21.1 (caelus)
		Carry On 2.2.4 (carryon)
		Cerbons API 1.3.0 (cerbons_api)
		Charm of Undying 9.1.0+1.21.1 (charmofundying)
		Chipped 4.0.2 (chipped)
		Chisel Reborn 2.0.0+mc1.21.1 (chisel)
		ChoiceTheorem's Overhauled Village 3.6.3 (ctov)
		chunksending mod 2.9 (chunksending)
		Clickable Advancements mod 3.8 (clickadv)
		Cloth Config v15 API 15.0.140 (cloth_config)
		Clumps 19.0.0.1 (clumps)
		Collective 8.31 (collective)
		Comforts 9.0.5+1.21.1 (comforts)
		Common Networking 1.0.21-1.21.1 (commonnetworking)
		conditional mixin 0.6.4 (conditional_mixin)
		Configurable 3.5.1 (configurable)
		Configured 2.6.3 (configured)
		Connected Glass 1.1.14 (connectedglass)
		Connectivity Mod 7.6 (connectivity)
		Corpse 1.21.1-1.1.13 (corpse)
		CosmeticArmorReworked 1.21.1-v1-neoforge (cosmeticarmorreworked)
		Crab Claws 1.3.0 (crabclaws)
		Create 6.0.10 (create)
		Create: Renewable Brass 1.0.2 (mr_create_renewablebrass)
		Create: Renewable Diamonds 1.0.1 (mr_create_renewablediamonds)
		Create: Renewable Netherite 2.0.1 (mr_create_renewablenetherite)
		Create: Stones 2.0.1 (mr_create_stones)
		CreativeCore 2.13.41 (creativecore)
		Cristel Lib 3.1.7 (cristellib)
		Cryonic Config 1.0.0+mc1.21.11 (cryonicconfig)
		Cupboard mod 3.8 (cupboard)
		Curios API 9.5.1+1.21.1 (curios)
		Custom Trees from Saplings 1.21 (mr_custom_treesfromsaplings)
		Customizable Elytra 2.2.8+1.21 (customizableelytra)
		CustomNetherPortals 2.0.0 (customnetherportals)
		Diagonal Blocks 21.1.2 (diagonalblocks)
		Diagonal Fences 21.1.1 (diagonalfences)
		Diagonal Walls 21.1.2 (diagonalwalls)
		Diagonal Windows 21.1.1 (diagonalwindows)
		Dis-Enchanting Table 5.0.2 (disenchanting_table)
		Double Doors 7.2 (doubledoors)
		Dynamic Lights 1.9.3+mod (dynamiclights)
		Easy Anvils 21.1.0 (easyanvils)
		Easy Villagers 1.21.1-1.1.42 (easy_villagers)
		Eat an Omelette 1.5.0 (eat_an_omelette)
		ElevatorMod 1.21.1-1.11.4 (elevatorid)
		Elytra Slot 9.0.2+1.21.1 (elytraslot)
		Elytra Trims 3.10.0 (elytratrims)
		EnchantmentDescriptions 21.1.10 (enchdesc)
		Ender's Delight 1.3.0 (endersdelight)
		EnderPack 2.2.0 (ender_pack)
		EpheroLib 1.2.0 (epherolib)
		Epic Power Bracelets 1.1.1 (epicpowerbracelets)
		ExclusiveWeapons 1.0.0 (exclusive_weapons)
		ExpandAbility 12.0.0 (expandability)
		Explorer's Compass 1.21.1-3.4.0-neoforge (explorerscompass)
		Explorify 1.6.5 (explorify)
		Farmer's Delight 1.3.2 (farmersdelight)
		FarmersStructures 1.0.6 (farmers_structures)
		Fast Paintings 1.21-1.3.0 (fastpaintings)
		fastasyncworldsave mod 2.6 (fastasyncworldsave)
		FastLeafDecay 35 (fastleafdecay)
		Ferrite Core 7.0.3 (ferritecore)
		Flywheel 1.0.6 (flywheel)
		Forgified Fabric API Base 0.4.42+d1308ded19 (fabric_api_base)
		Forgified Fabric BlockView API (v2) 1.0.10+9afaaf8c19 (fabric_block_view_api_v2)
		Forgified Fabric Game Rule API (v1) 1.0.53+36d727be19 (fabric_game_rule_api_v1)
		Forgified Fabric Model Loading API (v1) 2.0.0+986ae77219 (fabric_model_loading_api_v1)
		Forgified Fabric Renderer - Indigo 1.7.0+acb05a3919 (fabric_renderer_indigo)
		Forgified Fabric Renderer API (v1) 3.4.0+9c40919e19 (fabric_renderer_api_v1)
		Framework 0.13.11 (framework)
		FTB Library 2101.1.32 (ftblibrary)
		FTB Quests 2101.1.27 (ftbquests)
		FTB Teams 2101.1.10 (ftbteams)
		Fusion 1.2.12 (fusion)
		GeckoLib 4 4.9.1 (geckolib)
		Geophilic 3.6 (geophilic)
		GlitchCore 2.1.0.2 (glitchcore)
		Goblin Traders 1.11.2 (goblintraders)
		Golden Foods 2.4.0 (golden_foods)
		Guard Villagers 2.4.10 (guardvillagers)
		Handcrafted 4.0.3 (handcrafted)
		Healthy Water 1.0.1 (healthy_water)
		Iceberg 1.3.2 (iceberg)
		Iron Chests 1.21-neoforge-16.0.7 (ironchest)
		Iron Furnaces 4.3.2 (ironfurnaces)
		Iron's Lib 1.21.1-1.1.0 (irons_lib)
		Iron's Spells 'n Spellbooks 1.21.1-3.16.1 (irons_spellbooks)
		Jade 15.10.5+neoforge (jade)
		Jade Addons 6.1.0+neoforge (jadeaddons)
		Jake's Build Tools 2.0.1.5 (mr_jakes_buildtools)
		JamLib 1.3.6+1.21.1 (jamlib)
		Journeymap 1.21.1-6.0.0-beta.88 (journeymap)
		JourneyMap API 2.0.0-1.21.1 (journeymap_api)
		JourneyMap Integration 1.21.1-1.9 (jmi)
		Just Enough Archaeology 1.21.1-1.2.0 (jearchaeology)
		Just Enough Items 19.27.0.343 (jei)
		Kiwi Library 15.8.4+neoforge (kiwi)
		KleeSlabs 21.1.11 (kleeslabs)
		Konkrete 1.9.9 (konkrete)
		Kotlin For Forge 5.11.0 (kotlinforforge)
		KumaAPI 21.0.8 (kuma_api)
		Lithostitched 1.7.9 (lithostitched)
		Longer Following Time 1.1.0 (longer_following_time)
		Lootr 1.21.1-1.11.37.120 (lootr)
		Macaw's Bridges 3.1.2 (mcwbridges)
		Macaw's Doors 1.1.5 (mcwdoors)
		Macaw's Fences and Walls 1.2.1 (mcwfences)
		Macaw's Furniture 3.4.1 (mcwfurnitures)
		Macaw's Lights and Lamps 1.1.5 (mcwlights)
		Macaw's Roofs 2.3.2 (mcwroofs)
		Macaw's Trapdoors 1.1.5 (mcwtrpdoors)
		Macaw's Windows 2.4.2 (mcwwindows)
		Medieval Buildings 1.1.1 (medieval_buildings)
		Medieval Buildings [The End Edition] 1.0.4 (medievalend)
		Medieval Buildings [The Nether Edition] 1.0.2 (medieval_nether)
		Melody 1.0.10 (melody)
		Minecraft 1.21.1 (minecraft)
		MmmMmmMmmMmm 1.21-2.0.12 (dummmmmmy)
		ModernFix 5.27.14+mc1.21.1 (modernfix)
		MonoLib 4.0.2 (monolib)
		Moog's Structure Lib 2.0.2 (moogs_structures)
		MoogsVoyagerStructures 5.0.11 (mvs)
		Moonlight Lib 1.21.1-3.0.19 (moonlight)
		More Beautiful Torches 3.0.0 (more_beautiful_torches)
		More Bows and Arrows 5.0.4 (more_bows_and_arrows)
		More Useful Copper 3.0.0 (more_useful_copper)
		MrCrayfish's Furniture Mod: Refurbished 1.0.22 (refurbished_furniture)
		Multi Arrow Effects 1.0.0 (multi_arrow_effects)
		My Nether's Delight 1.10.2 (mynethersdelight)
		Nature's Compass 1.21.1-3.4.0-neoforge (naturescompass)
		NeoForge 21.1.234 (neoforge)
		Neruina 3.3.2 (neruina)
		NetherPortalFix 21.1.1 (netherportalfix)
		Netherracked 1.0.4 (mr_netherracked)
		New Shield Variants 2.0.0 (new_shield_variants)
		New Slab Variants 3.0.1 (new_slab_variants)
		No Chat Reports 1.21.1-v2.9.1 (nochatreports)
		Nullscape 1.2.14 (nullscape)
		Ore Vein Miner 1.2 (mr_ore_veinminer)
		Pam's HarvestCraft - Food Core 1.0.4 (pamhc2foodcore)
		Placebo 9.9.1 (placebo)
		Player Animator 2.0.4+1.21.1 (playeranimator)
		Polymorph 1.1.0+1.21.1 (polymorph)
		Ponder 1.0.82+mc1.21.1 (ponder)
		PortableSpawner 1.0.0 (portablespawner)
		Potion Combiner 1.0.1 (potion_blending)
		PrickleMC 21.1.11 (prickle)
		Prism 1.0.11 (prism)
		Puzzles Lib 21.1.52 (puzzleslib)
		recipeessentials mod 4.0 (recipeessentials)
		Resourceful Lib 3.0.12 (resourcefullib)
		Resourcefulconfig 3.0.11 (resourcefulconfig)
		Right Click Harvest 4.6.1+1.21.1 (rightclickharvest)
		RPG Potions 1.1.3 (rpg_potions)
		Searchables 1.0.2 (searchables)
		SecurityCraft 1.10.1 (securitycraft)
		Serene Seasons 10.1.0.3 (sereneseasons)
		Smarter Farmers 1.21-2.2.4 (smarterfarmers)
		Smoothchunk mod 4.1 (smoothchunk)
		Snow Under Trees 1.5.1 (snowundertrees)
		Snow! Real Magic! 12.2.0+neoforge (snowrealmagic)
		Sophisticated Backpacks 3.25.64 (sophisticatedbackpacks)
		Sophisticated Core 1.4.60 (sophisticatedcore)
		Sophisticated Storage 1.5.62 (sophisticatedstorage)
		Sound Physics Remastered 1.21.1-1.4.10 (sound_physics_remastered)
		spark 1.10.124 (spark)
		SpectreLib 0.17.2+1.21 (spectrelib)
		Stackable Stew and Soup 2.0.1 (stackable_stew_and_soup)
		Start Invulnerability Mod 1.0.0 (startinv)
		Storage Drawers 13.11.4 (storagedrawers)
		Structory 1.3.16 (structory)
		Structure Essentials mod 5.0 (structureessentials)
		SuperMartijn642's Config Library 1.1.8 (supermartijn642configlib)
		SuperMartijn642's Core Lib 1.1.21 (supermartijn642corelib)
		SuperOreBlock 1.0.0 (super_ore_block)
		Tax' Structure Architect 1.2.2 (taxsa)
		Tax' Village Architect 1.1.2 (taxva)
		TerraBlender 4.1.0.8 (terrablender)
		Towns and Towers 1.13.9 (t_and_t)
		Trash Cans 1.0.18+c (trashcans)
		TrashSlot 21.1.11 (trashslot)
		Tree Vein Miner 2.0.0 (mr_tree_veinminer)
		TrimsEffects 2.1.1 (trimeffects)
		Unlocked Typing 1.0.1 (unlocked_typing)
		Villager Names 8.5 (villagernames)
		Waddles 0.11.1 (waddles)
		Waystones 21.1.34 (waystones)
		Wider Ender Chests 1.0.4 (wider_ender_chests)
		World Editor 1-v2.1.0 (mr_world_editor)
		Yeetus Experimentus 87.0.0 (yeetusexperimentus)
		YUNG's API 1.21.1-NeoForge-5.1.6 (yungsapi)
		YUNG's Better Desert Temples 1.21.1-NeoForge-4.1.5 (betterdeserttemples)
		YUNG's Better Dungeons 1.21.1-NeoForge-5.1.4 (betterdungeons)
		YUNG's Better Jungle Temples 1.21.1-NeoForge-3.1.2 (betterjungletemples)
		YUNG's Better Mineshafts 1.21.1-NeoForge-5.1.1 (bettermineshafts)
		YUNG's Better Nether Fortresses 1.21.1-NeoForge-3.1.5 (betterfortresses)
		YUNG's Better Ocean Monuments 1.21.1-NeoForge-4.1.2 (betteroceanmonuments)
		YUNG's Better Strongholds 1.21.1-NeoForge-5.1.3 (betterstrongholds)
		YUNG's Better Witch Huts 1.21.1-NeoForge-4.1.1 (betterwitchhuts)
		Zombie Variants 1.0.3 (zombie_variants)
[10sept.2026 13:18:43.323] [main/INFO] [mixin/]: Compatibility level set to JAVA_17
[10sept.2026 13:18:43.331] [main/INFO] [mixin/]: Compatibility level set to JAVA_18
[10sept.2026 13:18:43.334] [main/INFO] [mixin/]: Compatibility level set to JAVA_21
[10sept.2026 13:18:43.815] [main/INFO] [net.fabricmc.loader.impl.bootstrap.FabricLoaderBootstrap/]: Propagating FML mod list to Fabric Loader
[10sept.2026 13:18:43.840] [main/INFO] [cpw.mods.modlauncher.LaunchServiceHandler/MODLAUNCHER]: Launching target 'forgeserver' with arguments [nogui]
[10sept.2026 13:18:43.939] [main/WARN] [mixin/]: Reference map 'betterdungeons.refmap.json' for betterdungeons.mixins.json could not be read. If this is a development environment you can ignore this message
[10sept.2026 13:18:43.942] [main/WARN] [mixin/]: Reference map 'disenchanting_table.refmap.json' for neoforge-disenchanting_table.mixins.json could not be read. If this is a development environment you can ignore this message
[10sept.2026 13:18:44.120] [main/INFO] [ModernFix/]: Loaded configuration file for ModernFix 5.27.14+mc1.21.1: 88 options available, 0 override(s) found
[10sept.2026 13:18:44.121] [main/INFO] [ModernFix/]: Applying Nashorn fix
[10sept.2026 13:18:44.128] [main/WARN] [mixin/]: Reference map 'modernfix.refmap.json' for modernfix-modernfix.mixins.json could not be read. If this is a development environment you can ignore this message
[10sept.2026 13:18:44.131] [main/WARN] [mixin/]: Reference map 'yungsapi.refmap.json' for yungsapi.mixins.json could not be read. If this is a development environment you can ignore this message
[10sept.2026 13:18:44.132] [main/WARN] [mixin/]: Reference map 'guardvillagers.refmap.json' for guardvillagers.mixins.json could not be read. If this is a development environment you can ignore this message
[10sept.2026 13:18:44.134] [main/WARN] [mixin/]: Reference map 'mixins.medievalend.refmap.json' for mixins.medievalend.json could not be read. If this is a development environment you can ignore this message
[10sept.2026 13:18:44.134] [main/WARN] [mixin/]: Reference map 'clickadv.refmap.json' for clickadv.mixins.json could not be read. If this is a development environment you can ignore this message
[10sept.2026 13:18:44.135] [main/WARN] [mixin/]: Reference map 'mixins.wider_ender_chests.refmap.json' for mixins.wider_ender_chests.json could not be read. If this is a development environment you can ignore this message
[10sept.2026 13:18:44.136] [main/WARN] [mixin/]: Reference map 'balm.refmap.json' for balm.mixins.json could not be read. If this is a development environment you can ignore this message
[10sept.2026 13:18:44.139] [main/WARN] [mixin/]: Reference map 'snowrealmagic.refmap.json' for snowrealmagic.mixins.json could not be read. If this is a development environment you can ignore this message
[10sept.2026 13:18:44.139] [main/WARN] [mixin/]: Reference map 'prickle.refmap.json' for prickle.mixins.json could not be read. If this is a development environment you can ignore this message
[10sept.2026 13:18:44.141] [main/WARN] [mixin/]: Reference map 'mixins.startinv.refmap.json' for mixins.startinv.json could not be read. If this is a development environment you can ignore this message
[10sept.2026 13:18:44.141] [main/WARN] [mixin/]: Reference map 'betterfortresses.refmap.json' for betterfortresses.mixins.json could not be read. If this is a development environment you can ignore this message
[10sept.2026 13:18:44.147] [main/WARN] [mixin/]: Reference map 'supermartijn642corelib.mixins.refmap.json' for supermartijn642corelib.mixins.json could not be read. If this is a development environment you can ignore this message
[10sept.2026 13:18:44.148] [main/WARN] [mixin/]: Reference map 'curios.refmap.json' for curios.neoforge.mixins.json could not be read. If this is a development environment you can ignore this message
[10sept.2026 13:18:44.149] [main/WARN] [mixin/]: Reference map 'curios.refmap.json' for curios.mixins.json could not be read. If this is a development environment you can ignore this message
[10sept.2026 13:18:44.150] [main/WARN] [mixin/]: Reference map 'more_bows_and_arrows.refmap.json' for neoforge-more_bows_and_arrows.mixins.json could not be read. If this is a development environment you can ignore this message
[10sept.2026 13:18:44.151] [main/WARN] [mixin/]: Reference map 'searchables.refmap.json' for searchables.mixins.json could not be read. If this is a development environment you can ignore this message
[10sept.2026 13:18:44.152] [main/WARN] [mixin/]: Reference map 'searchables.refmap.json' for searchables.neoforge.mixins.json could not be read. If this is a development environment you can ignore this message
[10sept.2026 13:18:44.152] [main/WARN] [mixin/]: Reference map 'unlocked_typing.refmap.json' for neoforge-unlocked_typing.mixins.json could not be read. If this is a development environment you can ignore this message
[10sept.2026 13:18:44.156] [main/WARN] [mixin/]: Reference map '' for neoforge-unlocked_typing.neoforge.mixins.json could not be read. If this is a development environment you can ignore this message
[10sept.2026 13:18:44.157] [main/WARN] [mixin/]: Reference map 'jadeaddons.refmap.json' for jadeaddons.mixins.json could not be read. If this is a development environment you can ignore this message
[10sept.2026 13:18:44.158] [main/WARN] [mixin/]: Reference map 'bettermineshafts.refmap.json' for bettermineshafts.mixins.json could not be read. If this is a development environment you can ignore this message
[10sept.2026 13:18:44.160] [main/WARN] [mixin/]: Reference map 'betterjungletemples.refmap.json' for betterjungletemples.mixins.json could not be read. If this is a development environment you can ignore this message
[10sept.2026 13:18:44.162] [main/WARN] [mixin/]: Reference map 'elytraslot.refmap.json' for elytraslot-integrations.mixins.json could not be read. If this is a development environment you can ignore this message
[10sept.2026 13:18:44.168] [main/WARN] [mixin/]: Reference map 'kiwi.refmap.json' for kiwi.mixins.json could not be read. If this is a development environment you can ignore this message
[10sept.2026 13:18:44.174] [main/WARN] [mixin/]: Reference map 'irons_lib.refmap.json' for irons_lib.mixins.json could not be read. If this is a development environment you can ignore this message
[10sept.2026 13:18:44.175] [main/WARN] [mixin/]: Reference map 'attributefix.refmap.json' for attributefix.mixins.json could not be read. If this is a development environment you can ignore this message
[10sept.2026 13:18:44.176] [main/WARN] [mixin/]: Reference map 'goblintraders.refmap.json' for goblintraders.common.mixins.json could not be read. If this is a development environment you can ignore this message
[10sept.2026 13:18:44.180] [main/WARN] [mixin/]: Reference map 'fastasyncworldsave.refmap.json' for fastasyncworldsave.mixins.json could not be read. If this is a development environment you can ignore this message
[10sept.2026 13:18:44.182] [main/WARN] [mixin/]: Reference map 'glitchcore.refmap.json' for glitchcore.mixins.json could not be read. If this is a development environment you can ignore this message
[10sept.2026 13:18:44.183] [main/WARN] [mixin/]: Reference map 'glitchcore.refmap.json' for glitchcore.neoforge.mixins.json could not be read. If this is a development environment you can ignore this message
[10sept.2026 13:18:44.184] [main/WARN] [mixin/]: Reference map 'sereneseasons.refmap.json' for sereneseasons.mixins.json could not be read. If this is a development environment you can ignore this message
[10sept.2026 13:18:44.184] [main/WARN] [mixin/]: Reference map 'sereneseasons.refmap.json' for sereneseasons.neoforge.mixins.json could not be read. If this is a development environment you can ignore this message
[10sept.2026 13:18:44.192] [main/WARN] [mixin/]: Reference map 'smoothchunk.refmap.json' for smoothchunk.mixins.json could not be read. If this is a development environment you can ignore this message
[10sept.2026 13:18:44.193] [main/WARN] [mixin/]: Reference map 'beautifulcampfires-refmap.json' for beautifulcampfires.mixins.json could not be read. If this is a development environment you can ignore this message
[10sept.2026 13:18:44.193] [main/WARN] [mixin/]: Reference map 'terrablender.refmap.json' for terrablender.mixins.json could not be read. If this is a development environment you can ignore this message
[10sept.2026 13:18:44.194] [main/WARN] [mixin/]: Reference map 'terrablender.refmap.json' for terrablender_neoforge.mixins.json could not be read. If this is a development environment you can ignore this message
[10sept.2026 13:18:44.195] [main/WARN] [mixin/]: Reference map 'biomesoplenty.refmap.json' for biomesoplenty.mixins.json could not be read. If this is a development environment you can ignore this message
[10sept.2026 13:18:44.196] [main/WARN] [mixin/]: Reference map 'biomesoplenty.refmap.json' for biomesoplenty.neoforge.mixins.json could not be read. If this is a development environment you can ignore this message
[10sept.2026 13:18:44.198] [main/WARN] [mixin/]: Reference map 'nochatreports.refmap.json' for mixins/common/nochatreports.mixins.json could not be read. If this is a development environment you can ignore this message
[10sept.2026 13:18:44.260] [main/WARN] [mixin/]: Reference map 'betterfpsdist.refmap.json' for betterfpsdist.mixins.json could not be read. If this is a development environment you can ignore this message
[10sept.2026 13:18:44.271] [main/WARN] [mixin/]: Reference map 'ponder.refmap.json' for ponder-common.mixins.json could not be read. If this is a development environment you can ignore this message
[10sept.2026 13:18:44.272] [main/WARN] [mixin/]: Reference map 'polymorph.refmap.json' for polymorph.mixins.json could not be read. If this is a development environment you can ignore this message
[10sept.2026 13:18:44.275] [main/WARN] [mixin/]: Reference map 'polymorph.refmap.json' for polymorph-compatibility.mixins.json could not be read. If this is a development environment you can ignore this message
[10sept.2026 13:18:44.276] [main/WARN] [mixin/]: Reference map 'securitycraft.refmap.json' for securitycraft.mixins.json could not be read. If this is a development environment you can ignore this message
[10sept.2026 13:18:44.283] [main/WARN] [mixin/]: Reference map 'chunksending.refmap.json' for chunksending.mixins.json could not be read. If this is a development environment you can ignore this message
[10sept.2026 13:18:44.284] [main/WARN] [mixin/]: Reference map 'mixins.medieval_nether.refmap.json' for mixins.medieval_nether.json could not be read. If this is a development environment you can ignore this message
[10sept.2026 13:18:44.286] [main/WARN] [mixin/]: Reference map 'kuma_api.refmap.json' for kuma_api.mixins.json could not be read. If this is a development environment you can ignore this message
[10sept.2026 13:18:44.290] [main/WARN] [mixin/]: Reference map 'betterwitchhuts.refmap.json' for betterwitchhuts.mixins.json could not be read. If this is a development environment you can ignore this message
[10sept.2026 13:18:44.291] [main/WARN] [mixin/]: Reference map 'netherportalfix.refmap.json' for netherportalfix.mixins.json could not be read. If this is a development environment you can ignore this message
[10sept.2026 13:18:44.293] [main/WARN] [mixin/]: Reference map 'geckolib.refmap.json' for geckolib.mixins.json could not be read. If this is a development environment you can ignore this message
[10sept.2026 13:18:44.295] [main/WARN] [mixin/]: Reference map 'recipeessentials.refmap.json' for recipeessentials.mixins.json could not be read. If this is a development environment you can ignore this message
[10sept.2026 13:18:44.296] [main/WARN] [mixin/]: Reference map 'betteroceanmonuments.refmap.json' for betteroceanmonuments.mixins.json could not be read. If this is a development environment you can ignore this message
[10sept.2026 13:18:44.301] [main/WARN] [mixin/]: Reference map 'connectivity.refmap.json' for connectivity.mixins.json could not be read. If this is a development environment you can ignore this message
[10sept.2026 13:18:44.303] [main/WARN] [mixin/]: Reference map 'kleeslabs.refmap.json' for kleeslabs.mixins.json could not be read. If this is a development environment you can ignore this message
[10sept.2026 13:18:44.304] [main/WARN] [mixin/]: Reference map 'kleeslabs.refmap.json' for kleeslabs.neoforge.mixins.json could not be read. If this is a development environment you can ignore this message
[10sept.2026 13:18:44.306] [main/WARN] [mixin/]: Reference map 'structureessentials.refmap.json' for structureessentials.mixins.json could not be read. If this is a development environment you can ignore this message
[10sept.2026 13:18:44.308] [main/WARN] [mixin/]: Reference map 'placebo.refmap.json' for placebo.mixins.json could not be read. If this is a development environment you can ignore this message
[10sept.2026 13:18:44.309] [main/WARN] [mixin/]: Reference map 'bookshelf.refmap.json' for bookshelf.mixins.json could not be read. If this is a development environment you can ignore this message
[10sept.2026 13:18:44.311] [main/WARN] [mixin/]: Reference map 'mixins.medieval_buildings.refmap.json' for mixins.medieval_buildings.json could not be read. If this is a development environment you can ignore this message
[10sept.2026 13:18:44.444] [main/WARN] [mixin/]: Reference map 'carryon.refmap.json' for carryon.mixins.json could not be read. If this is a development environment you can ignore this message
[10sept.2026 13:18:44.447] [main/WARN] [mixin/]: Reference map 'melody.refmap.json' for melody.mixins.json could not be read. If this is a development environment you can ignore this message
[10sept.2026 13:18:44.448] [main/WARN] [mixin/]: Reference map 'melody.refmap.json' for melody.neoforge.mixins.json could not be read. If this is a development environment you can ignore this message
[10sept.2026 13:18:44.452] [main/WARN] [mixin/]: Reference map 'konkrete.refmap.json' for konkrete.mixins.json could not be read. If this is a development environment you can ignore this message
[10sept.2026 13:18:44.452] [main/WARN] [mixin/]: Reference map 'konkrete.refmap.json' for konkrete.neoforge.mixins.json could not be read. If this is a development environment you can ignore this message
[10sept.2026 13:18:44.458] [main/WARN] [mixin/]: Reference map '${mixin_refmap}' for mixins.customizableelytra.common.json could not be read. If this is a development environment you can ignore this message
[10sept.2026 13:18:44.460] [main/WARN] [mixin/]: Reference map 'longer_following_time.refmap.json' for neoforge-longer_following_time.mixins.json could not be read. If this is a development environment you can ignore this message
[10sept.2026 13:18:44.469] [main/INFO] [Longer Following Time/]: Loaded neoforge.com.cursee.longer_following_time.platform.NeoForgePlatformHelper@5657967b for service interface neoforge.com.cursee.longer_following_time.platform.services.IPlatformHelper
[10sept.2026 13:18:44.471] [main/INFO] [Longer Following Time/]: C:\Users\Zakohen\Desktop\minecraft_survie_chill\config\longer_following_time.toml exists, loadin configuration from file.
[10sept.2026 13:18:44.479] [main/WARN] [mixin/]: Reference map '' for neoforge-longer_following_time.neoforge.mixins.json could not be read. If this is a development environment you can ignore this message
[10sept.2026 13:18:44.484] [main/WARN] [mixin/]: Reference map 'betterstrongholds.refmap.json' for betterstrongholds.mixins.json could not be read. If this is a development environment you can ignore this message
[10sept.2026 13:18:44.494] [main/WARN] [mixin/]: Reference map 'refurbished_furniture.refmap.json' for refurbished_furniture.common.mixins.json could not be read. If this is a development environment you can ignore this message
[10sept.2026 13:18:44.496] [main/WARN] [mixin/]: Reference map 'potion_blending.refmap.json' for potion_blending.mixins.json could not be read. If this is a development environment you can ignore this message
[10sept.2026 13:18:44.502] [main/WARN] [mixin/]: Reference map 'bhmenu.refmap.json' for bhmenu.mixins.json could not be read. If this is a development environment you can ignore this message
[10sept.2026 13:18:44.503] [main/WARN] [mixin/]: Reference map 'trashslot.refmap.json' for trashslot.mixins.json could not be read. If this is a development environment you can ignore this message
[10sept.2026 13:18:44.505] [main/WARN] [mixin/]: Reference map 'jmi.refmap.json' for jmi.mixins.json could not be read. If this is a development environment you can ignore this message
[10sept.2026 13:18:44.513] [main/WARN] [mixin/]: Reference map 'waystones.refmap.json' for waystones.mixins.json could not be read. If this is a development environment you can ignore this message
[10sept.2026 13:18:44.515] [main/WARN] [mixin/]: Reference map 'clumps.refmap.json' for clumps.mixins.json could not be read. If this is a development environment you can ignore this message
[10sept.2026 13:18:44.516] [main/WARN] [mixin/]: Reference map 'journeymap-refmap.json' for journeymap.mixins.json could not be read. If this is a development environment you can ignore this message
[10sept.2026 13:18:44.518] [main/WARN] [mixin/]: Reference map 'comforts.refmap.json' for comforts.mixins.json could not be read. If this is a development environment you can ignore this message
[10sept.2026 13:18:44.524] [main/WARN] [mixin/]: Reference map 'betterdeserttemples.refmap.json' for betterdeserttemples.mixins.json could not be read. If this is a development environment you can ignore this message
[10sept.2026 13:18:44.525] [main/WARN] [mixin/]: Reference map 'automessage.refmap.json' for neoforge-automessage.mixins.json could not be read. If this is a development environment you can ignore this message
[10sept.2026 13:18:44.527] [main/WARN] [mixin/]: Reference map 'monolib.refmap.json' for monolib.mixins.json could not be read. If this is a development environment you can ignore this message
[10sept.2026 13:18:44.530] [main/WARN] [mixin/]: Reference map 'ender_pack.refmap.json' for neoforge-ender_pack.mixins.json could not be read. If this is a development environment you can ignore this message
[10sept.2026 13:18:44.531] [main/WARN] [mixin/]: Reference map 'stackable_stew_and_soup.refmap.json' for neoforge-stackable_stew_and_soup.mixins.json could not be read. If this is a development environment you can ignore this message
[10sept.2026 13:18:44.597] [main/WARN] [mixin/]: Reference map '' for neoforge-stackable_stew_and_soup.neoforge.mixins.json could not be read. If this is a development environment you can ignore this message
[10sept.2026 13:18:44.599] [main/WARN] [mixin/]: Reference map 'eat_an_omelette.refmap.json' for neoforge-eat_an_omelette.mixins.json could not be read. If this is a development environment you can ignore this message
[10sept.2026 13:18:44.603] [main/WARN] [mixin/]: Reference map 'golden_foods.refmap.json' for neoforge-golden_foods.mixins.json could not be read. If this is a development environment you can ignore this message
[10sept.2026 13:18:44.605] [main/WARN] [mixin/]: Reference map 'new_shield_variants.refmap.json' for neoforge-new_shield_variants.mixins.json could not be read. If this is a development environment you can ignore this message
[10sept.2026 13:18:44.618] [main/WARN] [mixin/]: Reference map 'more_useful_copper.refmap.json' for neoforge-more_useful_copper.mixins.json could not be read. If this is a development environment you can ignore this message
[10sept.2026 13:18:44.620] [main/WARN] [mixin/]: Reference map 'enchdesc.refmap.json' for enchdesc.mixins.json could not be read. If this is a development environment you can ignore this message
[10sept.2026 13:18:44.623] [main/WARN] [mixin/]: Reference map 'new_slab_variants.refmap.json' for neoforge-new_slab_variants.mixins.json could not be read. If this is a development environment you can ignore this message
[10sept.2026 13:18:44.625] [main/WARN] [mixin/]: Reference map 'creativecore.mixins.refmap.json' for creativecore.mixins.json could not be read. If this is a development environment you can ignore this message
[10sept.2026 13:18:44.626] [main/WARN] [mixin/]: Reference map 'creativecore.mixins.refmap.json' for creativecore.forge.mixins.json could not be read. If this is a development environment you can ignore this message
[10sept.2026 13:18:44.629] [main/WARN] [mixin/]: Reference map 'more_beautiful_torches.refmap.json' for neoforge-more_beautiful_torches.mixins.json could not be read. If this is a development environment you can ignore this message
[10sept.2026 13:18:44.633] [main/WARN] [mixin/]: Reference map 'irons_spellbooks.refmap.json' for irons_spellbooks.mixins.json could not be read. If this is a development environment you can ignore this message
[10sept.2026 13:18:44.680] [main/WARN] [mixin/]: Reference map '${refmap_target}refmap.json' for ferritecore.predicates.mixin.json could not be read. If this is a development environment you can ignore this message
[10sept.2026 13:18:44.682] [main/WARN] [mixin/]: Reference map '${refmap_target}refmap.json' for ferritecore.fastmap.mixin.json could not be read. If this is a development environment you can ignore this message
[10sept.2026 13:18:44.684] [main/WARN] [mixin/]: Reference map '${refmap_target}refmap.json' for ferritecore.mrl.mixin.json could not be read. If this is a development environment you can ignore this message
[10sept.2026 13:18:44.686] [main/WARN] [mixin/]: Reference map '${refmap_target}refmap.json' for ferritecore.dedupmultipart.mixin.json could not be read. If this is a development environment you can ignore this message
[10sept.2026 13:18:44.689] [main/WARN] [mixin/]: Reference map '${refmap_target}refmap.json' for ferritecore.blockstatecache.mixin.json could not be read. If this is a development environment you can ignore this message
[10sept.2026 13:18:44.691] [main/WARN] [mixin/]: Reference map '${refmap_target}refmap.json' for ferritecore.dedupbakedquad.mixin.json could not be read. If this is a development environment you can ignore this message
[10sept.2026 13:18:44.694] [main/WARN] [mixin/]: Reference map '${refmap_target}refmap.json' for ferritecore.threaddetec.mixin.json could not be read. If this is a development environment you can ignore this message
[10sept.2026 13:18:44.695] [main/WARN] [mixin/]: Reference map '${refmap_target}refmap.json' for ferritecore.modelsides.mixin.json could not be read. If this is a development environment you can ignore this message
[10sept.2026 13:18:44.697] [main/WARN] [mixin/]: Reference map '${refmap_target}refmap.json' for ferritecore.datacomponents.mixin.json could not be read. If this is a development environment you can ignore this message
[10sept.2026 13:18:44.699] [main/WARN] [mixin/]: Reference map '${refmap_target}refmap.json' for ferritecore.accessors.mixin.json could not be read. If this is a development environment you can ignore this message
[10sept.2026 13:18:44.702] [main/WARN] [mixin/]: Reference map 'healthy_water.refmap.json' for neoforge-healthy_water.mixins.json could not be read. If this is a development environment you can ignore this message
[10sept.2026 13:18:44.703] [main/WARN] [mixin/]: Reference map 'charmofundying.refmap.json' for charmofundying.mixins.json could not be read. If this is a development environment you can ignore this message
[10sept.2026 13:18:44.708] [main/WARN] [mixin/]: Reference map 'sound_physics_remastered.refmap.json' for sound_physics_remastered.mixins.json could not be read. If this is a development environment you can ignore this message
[10sept.2026 13:18:44.712] [main/WARN] [mixin/]: Reference map 'EpheroLib-refmap.json' for epherolib.mixins.json could not be read. If this is a development environment you can ignore this message
[10sept.2026 13:18:45.749] [main/INFO] [AllTheLeaks/]: Class dev.uncandango.alltheleaks.leaks.common.mods.sereneseasons.UntrackedIssue001 will be loaded as it matches versions: 10.1.0.3 in [10.1.0.1,)
[10sept.2026 13:18:45.750] [main/INFO] [AllTheLeaks/]: Class dev.uncandango.alltheleaks.leaks.common.mods.neoforge.Issue1487 will be loaded as it matches versions: 21.1.234 in [21.,)
[10sept.2026 13:18:45.751] [main/INFO] [AllTheLeaks/]: Mixins added to allowed list: [main.ServerPlayerMixin, main.PlayerListMixin, main.accessor.PlayerAdvancementsAccessor]
[10sept.2026 13:18:45.751] [main/INFO] [AllTheLeaks/]: Class dev.uncandango.alltheleaks.leaks.common.mods.neoforge.Issue1486 will be loaded as it matches versions: 21.1.234 in [21.,)
[10sept.2026 13:18:45.751] [main/INFO] [AllTheLeaks/]: Class dev.uncandango.alltheleaks.leaks.common.mods.minecraft.UntrackedIssue003 will be loaded as it matches versions: 1.21.1 in [1.21.1,1.21.1]
[10sept.2026 13:18:45.751] [main/INFO] [AllTheLeaks/]: Mixins added to allowed list: [main.DebugSampleSubscriptionTrackerMixin]
[10sept.2026 13:18:45.752] [main/INFO] [AllTheLeaks/]: Class dev.uncandango.alltheleaks.leaks.common.mods.minecraft.UntrackedIssue002 will be loaded as it matches versions: 1.21.1 in 1.21.1
[10sept.2026 13:18:45.752] [main/INFO] [AllTheLeaks/]: Class dev.uncandango.alltheleaks.leaks.common.mods.minecraft.UntrackedIssue001 will be loaded as it matches versions: 1.21.1 in 1.21.1
[10sept.2026 13:18:45.752] [main/INFO] [AllTheLeaks/]: Mixins added to allowed list: [main.EntityTickListMixin]
[10sept.2026 13:18:45.753] [main/INFO] [AllTheLeaks/]: Class dev.uncandango.alltheleaks.leaks.common.mods.geckolib.UntrackedIssue001 will be loaded as it matches versions: 4.9.1 in *
[10sept.2026 13:18:45.753] [main/INFO] [AllTheLeaks/]: Mixins added to allowed list: [main.SingletonGeoAnimatableMixin]
[10sept.2026 13:18:45.753] [main/INFO] [AllTheLeaks/]: Class dev.uncandango.alltheleaks.leaks.common.mods.curios.Issue22 will be loaded as it matches versions: 9.5.1+1.21.1 in [9.0.6,)
[10sept.2026 13:18:45.755] [main/INFO] [AllTheLeaks/]: Mixins added to allowed list: [main.CuriosEventHandlerMixin]
[10sept.2026 13:18:45.755] [main/INFO] [AllTheLeaks/]: Class dev.uncandango.alltheleaks.leaks.common.mods.connectivity.UntrackedIssue001 will be loaded as it matches versions: 7.6 in [5.8,)
[10sept.2026 13:18:45.769] [main/INFO] [AllTheLeaks/]: Class dev.uncandango.alltheleaks.feature.common.mods.minecraft.SaveWithLoadedChunks will be loaded as it matches versions: 1.21.1 in 1.21.1
[10sept.2026 13:18:45.770] [main/INFO] [AllTheLeaks/]: Class dev.uncandango.alltheleaks.feature.common.mods.minecraft.MemoryMonitor will be loaded as it matches versions: 1.21.1 in 1.21.1
[10sept.2026 13:18:45.770] [main/INFO] [AllTheLeaks/]: Mixins added to allowed list: [main.PlayerMixin, main.ChunkAccessMixin, main.LevelMixin, main.MinecraftServerMixin]
[10sept.2026 13:18:45.771] [main/INFO] [AllTheLeaks/]: Class dev.uncandango.alltheleaks.diag.common.mods.minecraft.LogSavedData will be loaded as it matches versions: 21.1.234 in [21.1,)
[10sept.2026 13:18:45.771] [main/INFO] [AllTheLeaks/]: Mixins added to allowed list: [main.SavedDataMixin]
[10sept.2026 13:18:45.929] [main/INFO] [com.cupboard.Cupboard/]: Loaded config for: recipeessentials.json
[10sept.2026 13:18:45.961] [main/INFO] [com.cupboard.Cupboard/]: Loaded config for: structureessentials.json
[10sept.2026 13:18:46.177] [main/WARN] [mixin/]: Error loading class: net/mehvahdjukaar/supplementaries/common/entities/SlimeBallEntity (java.lang.ClassNotFoundException: net.mehvahdjukaar.supplementaries.common.entities.SlimeBallEntity)
[10sept.2026 13:18:46.285] [main/WARN] [mixin/]: Error loading class: net/fabricmc/fabric/api/entity/event/v1/FabricElytraItem (java.lang.ClassNotFoundException: net.fabricmc.fabric.api.entity.event.v1.FabricElytraItem)
[10sept.2026 13:18:46.389] [main/ERROR] [net.neoforged.fml.common.asm.RuntimeDistCleaner/DISTXFORM]: Attempted to load class net/minecraft/client/Minecraft for invalid dist DEDICATED_SERVER
[10sept.2026 13:18:46.391] [main/WARN] [mixin/]: Error loading class: net/minecraft/client/Minecraft (java.lang.RuntimeException: Attempted to load class net/minecraft/client/Minecraft for invalid dist DEDICATED_SERVER)
[10sept.2026 13:18:46.391] [main/WARN] [mixin/]: @Mixin target net.minecraft.client.Minecraft was not found crabclaws.mixins.json:MixinPreparableReloadListenerSharedState from mod crabclaws
[10sept.2026 13:18:46.724] [main/WARN] [mixin/]: Error loading class: org/jetbrains/annotations/ApiStatus$ScheduledForRemoval (java.lang.ClassNotFoundException: org.jetbrains.annotations.ApiStatus$ScheduledForRemoval)
[10sept.2026 13:18:47.286] [main/INFO] [MixinExtras|Service/]: Initializing MixinExtras via com.llamalad7.mixinextras.service.MixinExtrasServiceImpl(version=0.5.3).
[10sept.2026 13:18:49.898] [main/INFO] [net.minecraft.server.Bootstrap/]: ModernFix reached bootstrap stage (22.97 s after launch)
[10sept.2026 13:18:49.909] [main/INFO] [configurable-loader/]: Loading Generated Config Loaders...
[10sept.2026 13:18:49.999] [main/INFO] [configurable-loader/]: Loaded 'neruina'
[10sept.2026 13:18:54.207] [main/WARN] [mixin/]: Static binding violation: PRIVATE @Overwrite method getTemperature in modernfix-modernfix.mixins.json:perf.remove_biome_temperature_cache.BiomeMixin from mod modernfix cannot reduce visibiliy of PUBLIC target method, visibility will be upgraded.
[10sept.2026 13:18:54.603] [main/WARN] [mixin/]: Method overwrite conflict for setChanged in irons_spellbooks.mixins.json:LecternBlockEntityMixin from mod irons_spellbooks, previously written by net.mehvahdjukaar.amendments.mixins.LecternBlockEntityMixin. Skipping method.
[10sept.2026 13:18:54.604] [main/WARN] [mixin/]: Method overwrite conflict for getUpdatePacket in irons_spellbooks.mixins.json:LecternBlockEntityMixin from mod irons_spellbooks, previously written by net.mehvahdjukaar.amendments.mixins.LecternBlockEntityUpdateMixin. Skipping method.
[10sept.2026 13:18:54.604] [main/WARN] [mixin/]: Method overwrite conflict for getUpdateTag in irons_spellbooks.mixins.json:LecternBlockEntityMixin from mod irons_spellbooks, previously written by net.mehvahdjukaar.amendments.mixins.LecternBlockEntityUpdateMixin. Skipping method.
[10sept.2026 13:19:00.488] [main/INFO] [net.minecraft.server.Bootstrap/]: Vanilla bootstrap took 10580 milliseconds
[10sept.2026 13:19:00.892] [modloading-worker-0/INFO] [snownee.snow.SnowRealMagic/]: SereneSeasons detected. Overriding weather behavior.
[10sept.2026 13:19:00.894] [modloading-worker-0/INFO] [Puzzles Lib/]: Constructing components for easyanvils:common
[10sept.2026 13:19:00.985] [modloading-worker-0/INFO] [net.neoforged.neoforge.common.NeoForgeMod/NEOFORGE-MOD]: NeoForge mod loading, version 21.1.234, for MC 1.21.1
[10sept.2026 13:19:01.266] [modloading-worker-0/INFO] [Puzzles Lib/]: Dispatching loading event for config easyanvils-common.toml
[10sept.2026 13:19:01.307] [modloading-worker-0/INFO] [com.autovw.advancednetherite.AdvancedNetherite/]: Initializing platform helper for Advanced Netherite!
[10sept.2026 13:19:01.807] [modloading-worker-0/WARN] [net.minecraft.server.packs.VanillaPackResourcesBuilder/]: Assets URL 'union:/C:/Users/Zakohen/Desktop/minecraft_survie_chill/libraries/net/minecraft/server/1.21.1-20240808.144430/server-1.21.1-20240808.144430-srg.jar%23330!/assets/.mcassetsroot' uses unexpected schema
[10sept.2026 13:19:01.808] [modloading-worker-0/WARN] [net.minecraft.server.packs.VanillaPackResourcesBuilder/]: Assets URL 'union:/C:/Users/Zakohen/Desktop/minecraft_survie_chill/libraries/net/minecraft/server/1.21.1-20240808.144430/server-1.21.1-20240808.144430-srg.jar%23330!/data/.mcassetsroot' uses unexpected schema
[10sept.2026 13:19:02.694] [modloading-worker-0/INFO] [glitchcore/]: Registered synced config with path sereneseasons/fertility.toml
[10sept.2026 13:19:02.695] [modloading-worker-0/INFO] [glitchcore/]: Registered synced config with path sereneseasons/seasons.toml
[10sept.2026 13:19:02.741] [modloading-worker-0/INFO] [com.simibubi.create.Create/]: Create 6.0.10 initializing! Commit hash: ac0c444d9828da3453ae8cc65338e8de063286fb
[10sept.2026 13:19:02.772] [modloading-worker-0/INFO] [Puzzles Lib/]: Constructing components for puzzleslib:common
[10sept.2026 13:19:02.925] [modloading-worker-0/INFO] [addonslib/]: AddonsLib Neoforge !
[10sept.2026 13:19:02.970] [modloading-worker-0/INFO] [snownee.kiwi.Kiwi/INIT]: Processing 9 KiwiModule annotations
[10sept.2026 13:19:03.075] [modloading-worker-0/WARN] [mixin/]: @Redirect conflict. Skipping recipeessentials.mixins.json:RecipeManagerMixin from mod recipeessentials->@Redirect::logErrorOnce(Lorg/slf4j/Logger;Ljava/lang/String;Ljava/lang/Object;Ljava/lang/Object;)V with priority 200, already redirected by modernfix-modernfix.mixins.json:perf.datapack_reload_exceptions.RecipeManagerMixin from mod modernfix->@Redirect::silenceException(Lorg/slf4j/Logger;Ljava/lang/String;Ljava/lang/Object;Ljava/lang/Object;)V with priority 2000
[10sept.2026 13:19:03.084] [modloading-worker-0/INFO] [dynamiclights/]: [Dynamic Lights] Registering server started event...
[10sept.2026 13:19:03.091] [modloading-worker-0/INFO] [dynamiclights/]: [Dynamic Lights] Loaded Dynamic Lights by Tschipcraft successfully!
[10sept.2026 13:19:03.142] [modloading-worker-0/INFO] [Collective/]: [Collective] JSON file 'entity_names.json' generation requested by mod 'villagernames'.
[10sept.2026 13:19:03.302] [modloading-worker-0/INFO] [net.blay09.mods.balm.neoforge.config.NeoForgeBalmConfig/]: Registering config for kleeslabs:common (COMMON) with 3 properties.
[10sept.2026 13:19:03.499] [modloading-worker-0/WARN] [de.keksuccino.melody.Melody/]: [MELODY] Disabling Melody since it's loaded server-side.
[10sept.2026 13:19:03.535] [modloading-worker-0/INFO] [de.keksuccino.konkrete.Konkrete/]: [KONKRETE] Loading v1.9.9 in server-side mode on NEOFORGE!
[10sept.2026 13:19:03.535] [modloading-worker-0/INFO] [de.keksuccino.konkrete.Konkrete/]: ---------------------------
[10sept.2026 13:19:03.537] [modloading-worker-0/INFO] [de.keksuccino.konkrete.Konkrete/]: KONKRETE SHIPS AND USES THE FOLLOWING LIBRARIES:
[10sept.2026 13:19:03.537] [modloading-worker-0/INFO] [de.keksuccino.konkrete.Konkrete/]:  
[10sept.2026 13:19:03.537] [modloading-worker-0/INFO] [de.keksuccino.konkrete.Konkrete/]: Open Imaging Copyright © 2014 Dhyan Blum.
[10sept.2026 13:19:03.538] [modloading-worker-0/INFO] [de.keksuccino.konkrete.Konkrete/]: Open Imaging is licensed under Apache-2.0.
[10sept.2026 13:19:03.538] [modloading-worker-0/INFO] [de.keksuccino.konkrete.Konkrete/]:  
[10sept.2026 13:19:03.538] [modloading-worker-0/INFO] [de.keksuccino.konkrete.Konkrete/]: JsonPath Copyright © 2017 Jayway.
[10sept.2026 13:19:03.539] [modloading-worker-0/INFO] [de.keksuccino.konkrete.Konkrete/]: JsonPath is licensed under Apache-2.0.
[10sept.2026 13:19:03.539] [modloading-worker-0/INFO] [de.keksuccino.konkrete.Konkrete/]:  
[10sept.2026 13:19:03.539] [modloading-worker-0/INFO] [de.keksuccino.konkrete.Konkrete/]: Json-smart Copyright © netplex.
[10sept.2026 13:19:03.540] [modloading-worker-0/INFO] [de.keksuccino.konkrete.Konkrete/]: Json-smart is licensed under Apache-2.0.
[10sept.2026 13:19:03.540] [modloading-worker-0/INFO] [de.keksuccino.konkrete.Konkrete/]:  
[10sept.2026 13:19:03.540] [modloading-worker-0/INFO] [de.keksuccino.konkrete.Konkrete/]: Exp4j Copyright © Frank Asseg.
[10sept.2026 13:19:03.540] [modloading-worker-0/INFO] [de.keksuccino.konkrete.Konkrete/]: Exp4j is licensed under Apache-2.0. https://github.com/fasseg/exp4j
[10sept.2026 13:19:03.541] [modloading-worker-0/INFO] [de.keksuccino.konkrete.Konkrete/]: ---------------------------
[10sept.2026 13:19:03.541] [modloading-worker-0/INFO] [de.keksuccino.konkrete.Konkrete/]: [KONKRETE] Server-side modules initialized and ready to use!
[10sept.2026 13:19:03.543] [modloading-worker-0/INFO] [Puzzles Lib/]: Constructing components for diagonalwalls:common
[10sept.2026 13:19:03.590] [modloading-worker-0/INFO] [Puzzles Lib/]: Constructing components for diagonalblocks:common
[10sept.2026 13:19:04.078] [modloading-worker-0/INFO] [Puzzles Lib/]: Constructing components for diagonalwindows:common
[10sept.2026 13:19:04.089] [modloading-worker-0/INFO] [Collective/]: Loading Collective version 8.31.
[10sept.2026 13:19:04.523] [modloading-worker-0/INFO] [com.cupboard.Cupboard/]: Loaded config for: cupboard.json
[10sept.2026 13:19:04.710] [modloading-worker-0/INFO] [Towns and Towers/]: Loading T&T
[10sept.2026 13:19:04.790] [modloading-worker-0/INFO] [net.blay09.mods.balm.neoforge.config.NeoForgeBalmConfig/]: Registering config for trashslot:common (COMMON) with 5 properties.
[10sept.2026 13:19:04.820] [Collective Update Checker/WARN] [Collective/]: [Update] Collective has an update available: 8.31 -> 8.39
[10sept.2026 13:19:04.850] [modloading-worker-0/INFO] [Moonlight/]: Sending changed configs to client
[10sept.2026 13:19:05.381] [modloading-worker-0/INFO] [net.blay09.mods.balm.neoforge.config.NeoForgeBalmConfig/]: Registering config for waystones:common (COMMON) with 34 properties.
[10sept.2026 13:19:05.401] [modloading-worker-0/INFO] [Moonlight/]: Sending changed configs to client
[10sept.2026 13:19:05.917] [modloading-worker-0/INFO] [Puzzles Lib/]: Constructing components for diagonalfences:common
[10sept.2026 13:19:06.067] [modloading-worker-0/INFO] [STDOUT/]: [neoforge.com.cursee.more_beautiful_torches.MoreBeautifulTorches:init:64]: .\config\blocks.txt already exists. Ignoring potential overwrite.
[10sept.2026 13:19:06.146] [modloading-worker-0/INFO] [be.florens.expandability.ExpandAbility/]: ExpandAbility here, who dis?
[10sept.2026 13:19:06.202] [modloading-worker-0/INFO] [STDOUT/]: [net.night.multi_arrow_effects.config.MultiArrowConfig:load:79]: [MultiArrowEffects] Config loaded: maxEffects=3, blacklisted=0, groupings=0
[10sept.2026 13:19:06.230] [modloading-worker-0/INFO] [JamLib/]: Initializing JamLib on NeoForge
[10sept.2026 13:19:06.455] [modloading-worker-0/INFO] [Better Archeology/]: Registering Worldgen/structure Types for Better Archeology
[10sept.2026 13:19:06.459] [modloading-worker-0/INFO] [Better Archeology/]: Registering Entity Types for Better Archeology
[10sept.2026 13:19:06.462] [modloading-worker-0/INFO] [Better Archeology/]: Registering Enchantments for Better Archeology
[10sept.2026 13:19:06.467] [modloading-worker-0/INFO] [Better Archeology/]: Registering Creative Mode Tabs for Better Archeology
[10sept.2026 13:19:06.482] [modloading-worker-0/INFO] [Better Archeology/]: Registering Items for Better Archeology
[10sept.2026 13:19:06.569] [modloading-worker-0/INFO] [Better Archeology/]: Registering Blocks for Better Archeology
[10sept.2026 13:19:06.570] [modloading-worker-0/INFO] [Better Archeology/]: Registering Tags for Better Archeology
[10sept.2026 13:19:06.582] [modloading-worker-0/INFO] [Better Archeology/]: Registering Block Entity Types for Better Archeology
[10sept.2026 13:19:06.599] [modloading-worker-0/INFO] [Better Archeology/]: Registering Menus for Better Archeology
[10sept.2026 13:19:06.605] [modloading-worker-0/INFO] [Better Archeology/]: Registering Recipe Serializers for Better Archeology
[10sept.2026 13:19:06.606] [modloading-worker-0/INFO] [Better Archeology/]: Registering Recipe Types for Better Archeology
[10sept.2026 13:19:06.620] [modloading-worker-0/INFO] [Better Archeology/]: Registering Villager Professions for Better Archeology
[10sept.2026 13:19:06.628] [modloading-worker-0/INFO] [Better Archeology/]: Registering Events for Better Archeology
[10sept.2026 13:19:06.632] [modloading-worker-0/INFO] [Better Archeology/]: Registering Sound Events for Better Archeology
[10sept.2026 13:19:07.006] [modloading-worker-0/INFO] [JamLib/]: Updated config file at C:\Users\Zakohen\Desktop\minecraft_survie_chill\config\rightclickharvest.json5
[10sept.2026 13:19:07.006] [modloading-worker-0/INFO] [Right Click Harvest/]: Initializing Right Click Harvest on NEOFORGE
[10sept.2026 13:19:07.431] [modloading-worker-0/INFO] [thedarkcolour.kotlinforforge.neoforge.test.KotlinForForge/]: Kotlin For Forge Enabled!
[10sept.2026 13:19:09.753] [modloading-sync-worker/INFO] [Diagonal Blocks/]: Constructing shapes for SnowDiagonalFenceBlock[NodeWidth=2.0,ExtensionWidth=2.0,NodeTop=24.0,ExtensionBottom=0.0,ExtensionTop=24.0] took 168ms
[10sept.2026 13:19:09.824] [modloading-sync-worker/INFO] [Diagonal Blocks/]: Constructing shapes for SnowDiagonalFenceBlock[NodeWidth=2.0,ExtensionWidth=2.0,NodeTop=16.0,ExtensionBottom=0.0,ExtensionTop=16.0] took 65ms
[10sept.2026 13:19:09.996] [modloading-sync-worker/INFO] [Diagonal Blocks/]: Constructing shapes for SnowDiagonalFenceBlock[NodeWidth=2.0,ExtensionWidth=1.0,NodeTop=16.0,ExtensionBottom=6.0,ExtensionTop=15.0] took 150ms
[10sept.2026 13:19:10.095] [modloading-sync-worker/INFO] [Diagonal Blocks/]: Constructing shapes for SnowDiagonalWallBlock[NodeWidth=0.0,ExtensionWidth=3.0,NodeTop=24.0,ExtensionBottom=0.0,ExtensionTop=24.0] took 48ms
[10sept.2026 13:19:10.197] [modloading-sync-worker/INFO] [Diagonal Blocks/]: Constructing shapes for SnowDiagonalWallBlock[NodeWidth=0.0,ExtensionWidth=3.0,NodeTop=0.0,ExtensionBottom=0.0,ExtensionTop=14.0] took 101ms
[10sept.2026 13:19:10.307] [modloading-sync-worker/INFO] [Diagonal Blocks/]: Constructing shapes for SnowDiagonalWallBlock[NodeWidth=4.0,ExtensionWidth=3.0,NodeTop=16.0,ExtensionBottom=0.0,ExtensionTop=14.0] took 91ms
[10sept.2026 13:19:10.336] [modloading-sync-worker/INFO] [Diagonal Blocks/]: Constructing shapes for SnowDiagonalWallBlock[NodeWidth=4.0,ExtensionWidth=3.0,NodeTop=24.0,ExtensionBottom=0.0,ExtensionTop=24.0] took 28ms
[10sept.2026 13:19:10.338] [modloading-sync-worker/INFO] [snownee.kiwi.Kiwi/INIT]: Module [snowrealmagic:diagonalfences] initialized
[10sept.2026 13:19:10.338] [modloading-sync-worker/INFO] [snownee.kiwi.Kiwi/INIT]: Module [snowrealmagic:core] initialized
[10sept.2026 13:19:10.339] [modloading-sync-worker/INFO] [snownee.kiwi.Kiwi/INIT]: 		block: 11, block_entity_type: 2, loot_pool_entry_type: 1
[10sept.2026 13:19:10.339] [modloading-sync-worker/INFO] [snownee.kiwi.Kiwi/INIT]: Module [snowrealmagic:diagonalwalls] initialized
[10sept.2026 13:19:10.339] [modloading-sync-worker/INFO] [snownee.kiwi.Kiwi/INIT]: Module [kiwi:data] initialized
[10sept.2026 13:19:10.340] [modloading-sync-worker/INFO] [snownee.kiwi.Kiwi/INIT]: 		recipe_serializer: 2, neoforge:condition_codecs: 2
[10sept.2026 13:19:10.744] [modloading-sync-worker/INFO] [Diagonal Blocks/]: Constructing shapes for DiagonalStainedGlassPaneBlock[NodeWidth=1.0,ExtensionWidth=1.0,NodeTop=16.0,ExtensionBottom=0.0,ExtensionTop=16.0] took 23ms
[10sept.2026 13:19:14.764] [modloading-sync-worker/INFO] [Moonlight/]: Initialized block sets in 66ms
[10sept.2026 13:19:16.600] [modloading-sync-worker/INFO] [Moonlight/]: Sending changed configs to client
[10sept.2026 13:19:16.621] [modloading-sync-worker/INFO] [Moonlight/]: Sending changed configs to client
[10sept.2026 13:19:16.639] [modloading-worker-0/INFO] [com.chunksending.ChunkSending/]: chunksending mod initialized
[10sept.2026 13:19:16.639] [modloading-worker-0/INFO] [com.connectivity.Connectivity/]: Connectivity initialized
[10sept.2026 13:19:16.641] [modloading-worker-0/INFO] [com.structureessentials.StructureEssentials/]: structureessentials mod initialized
[10sept.2026 13:19:16.655] [NeoForge Version Check/INFO] [net.neoforged.fml.VersionChecker/]: [easyanvils] Starting version check at https://raw.githubusercontent.com/Fuzss/modresources/main/update/easyanvils.json
[10sept.2026 13:19:16.706] [modloading-worker-0/INFO] [com.jaquadro.minecraft.storagedrawers.ModServices/]: New compacting rule 4 minecraft:clay_ball = 1 minecraft:clay
[10sept.2026 13:19:16.706] [modloading-worker-0/INFO] [com.jaquadro.minecraft.storagedrawers.ModServices/]: New compacting rule 4 minecraft:snowball = 1 minecraft:snow_block
[10sept.2026 13:19:16.706] [modloading-worker-0/INFO] [com.jaquadro.minecraft.storagedrawers.ModServices/]: New compacting rule 4 minecraft:glowstone_dust = 1 minecraft:glowstone
[10sept.2026 13:19:16.708] [modloading-worker-0/INFO] [com.jaquadro.minecraft.storagedrawers.ModServices/]: New compacting rule 4 minecraft:brick = 1 minecraft:bricks
[10sept.2026 13:19:16.708] [modloading-worker-0/INFO] [com.jaquadro.minecraft.storagedrawers.ModServices/]: New compacting rule 4 minecraft:nether_brick = 1 minecraft:nether_bricks
[10sept.2026 13:19:16.708] [modloading-worker-0/INFO] [com.jaquadro.minecraft.storagedrawers.ModServices/]: New compacting rule 9 minecraft:nether_wart = 1 minecraft:nether_wart_block
[10sept.2026 13:19:16.709] [modloading-worker-0/INFO] [com.jaquadro.minecraft.storagedrawers.ModServices/]: New compacting rule 4 minecraft:quartz = 1 minecraft:quartz_block
[10sept.2026 13:19:16.709] [modloading-worker-0/INFO] [com.jaquadro.minecraft.storagedrawers.ModServices/]: New compacting rule 9 minecraft:melon_slice = 1 minecraft:melon
[10sept.2026 13:19:16.709] [modloading-worker-0/INFO] [com.jaquadro.minecraft.storagedrawers.ModServices/]: New compacting rule 9 minecraft:bamboo = 1 minecraft:bamboo_block
[10sept.2026 13:19:16.712] [modloading-worker-0/INFO] [com.jaquadro.minecraft.storagedrawers.ModServices/]: New compacting rule 4 minecraft:clay_ball = 1 minecraft:clay
[10sept.2026 13:19:16.723] [modloading-worker-0/INFO] [com.jaquadro.minecraft.storagedrawers.ModServices/]: New denied storage item storagedrawers:creative_vending_upgrade
[10sept.2026 13:19:16.735] [modloading-worker-0/INFO] [com.jaquadro.minecraft.storagedrawers.ModServices/]: Adding ore conversions for types: forge:storage_blocks, forge:ingots, forge:nuggets
[10sept.2026 13:19:16.735] [modloading-worker-0/INFO] [com.jaquadro.minecraft.storagedrawers.ModServices/]: Adding ore conversions for materials: aluminum, constantan, steel, uranium, invar, tin, lead, silver, platinum, nickel, osmium, bronze, electrum
[10sept.2026 13:19:16.818] [modloading-sync-worker/WARN] [io.redspace.ironslib.IronsLib/]: Skipping attribute remap irons_lib:armor_pierce -> apothic_attributes:armor_pierce (missing registry entry)
[10sept.2026 13:19:16.819] [modloading-sync-worker/WARN] [io.redspace.ironslib.IronsLib/]: Skipping attribute remap irons_lib:armor_pierce -> apothic_attributes:armor_pierce (missing registry entry)
[10sept.2026 13:19:16.819] [modloading-sync-worker/WARN] [io.redspace.ironslib.IronsLib/]: Skipping attribute remap irons_lib:mining_speed -> apothic_attributes:mining_speed (missing registry entry)
[10sept.2026 13:19:16.819] [modloading-sync-worker/WARN] [io.redspace.ironslib.IronsLib/]: Skipping attribute remap irons_lib:armor_pierce -> apothic_attributes:armor_pierce (missing registry entry)
[10sept.2026 13:19:16.819] [modloading-sync-worker/WARN] [io.redspace.ironslib.IronsLib/]: Skipping attribute remap irons_lib:mining_speed -> apothic_attributes:mining_speed (missing registry entry)
[10sept.2026 13:19:16.820] [modloading-sync-worker/WARN] [io.redspace.ironslib.IronsLib/]: Skipping attribute remap irons_lib:experience_gained -> apothic_attributes:experience_gained (missing registry entry)
[10sept.2026 13:19:16.820] [modloading-sync-worker/WARN] [io.redspace.ironslib.IronsLib/]: Skipping attribute remap irons_lib:armor_pierce -> apothic_attributes:armor_pierce (missing registry entry)
[10sept.2026 13:19:16.820] [modloading-sync-worker/WARN] [io.redspace.ironslib.IronsLib/]: Skipping attribute remap irons_lib:mining_speed -> apothic_attributes:mining_speed (missing registry entry)
[10sept.2026 13:19:16.820] [modloading-sync-worker/WARN] [io.redspace.ironslib.IronsLib/]: Skipping attribute remap irons_lib:experience_gained -> apothic_attributes:experience_gained (missing registry entry)
[10sept.2026 13:19:16.820] [modloading-sync-worker/WARN] [io.redspace.ironslib.IronsLib/]: Skipping attribute remap irons_lib:arrow_damage -> apothic_attributes:arrow_damage (missing registry entry)
[10sept.2026 13:19:16.820] [modloading-sync-worker/WARN] [io.redspace.ironslib.IronsLib/]: Skipping attribute remap irons_lib:armor_pierce -> apothic_attributes:armor_pierce (missing registry entry)
[10sept.2026 13:19:16.820] [modloading-sync-worker/WARN] [io.redspace.ironslib.IronsLib/]: Skipping attribute remap irons_lib:mining_speed -> apothic_attributes:mining_speed (missing registry entry)
[10sept.2026 13:19:16.821] [modloading-sync-worker/WARN] [io.redspace.ironslib.IronsLib/]: Skipping attribute remap irons_lib:experience_gained -> apothic_attributes:experience_gained (missing registry entry)
[10sept.2026 13:19:16.821] [modloading-sync-worker/WARN] [io.redspace.ironslib.IronsLib/]: Skipping attribute remap irons_lib:arrow_damage -> apothic_attributes:arrow_damage (missing registry entry)
[10sept.2026 13:19:16.821] [modloading-sync-worker/WARN] [io.redspace.ironslib.IronsLib/]: Skipping attribute remap irons_lib:crit_damage -> apothic_attributes:crit_damage (missing registry entry)
[10sept.2026 13:19:16.821] [modloading-sync-worker/WARN] [io.redspace.ironslib.IronsLib/]: Skipping attribute remap irons_lib:armor_pierce -> apothic_attributes:armor_pierce (missing registry entry)
[10sept.2026 13:19:16.822] [modloading-sync-worker/WARN] [io.redspace.ironslib.IronsLib/]: Skipping attribute remap irons_lib:mining_speed -> apothic_attributes:mining_speed (missing registry entry)
[10sept.2026 13:19:16.822] [modloading-sync-worker/WARN] [io.redspace.ironslib.IronsLib/]: Skipping attribute remap irons_lib:experience_gained -> apothic_attributes:experience_gained (missing registry entry)
[10sept.2026 13:19:16.822] [modloading-sync-worker/WARN] [io.redspace.ironslib.IronsLib/]: Skipping attribute remap irons_lib:arrow_damage -> apothic_attributes:arrow_damage (missing registry entry)
[10sept.2026 13:19:16.822] [modloading-sync-worker/WARN] [io.redspace.ironslib.IronsLib/]: Skipping attribute remap irons_lib:crit_damage -> apothic_attributes:crit_damage (missing registry entry)
[10sept.2026 13:19:16.822] [modloading-sync-worker/WARN] [io.redspace.ironslib.IronsLib/]: Skipping attribute remap irons_lib:dodge_chance -> apothic_attributes:dodge_chance (missing registry entry)
[10sept.2026 13:19:16.826] [modloading-sync-worker/INFO] [terrablender/]: Registered region minecraft:overworld to index 0 for type OVERWORLD
[10sept.2026 13:19:16.826] [modloading-sync-worker/INFO] [terrablender/]: Registered region minecraft:nether to index 0 for type NETHER
[10sept.2026 13:19:16.826] [modloading-sync-worker/INFO] [terrablender/]: Registered region biomesoplenty:overworld_primary to index 1 for type OVERWORLD
[10sept.2026 13:19:16.826] [modloading-sync-worker/INFO] [terrablender/]: Registered region biomesoplenty:overworld_secondary to index 2 for type OVERWORLD
[10sept.2026 13:19:16.826] [modloading-sync-worker/INFO] [terrablender/]: Registered region biomesoplenty:overworld_rare to index 3 for type OVERWORLD
[10sept.2026 13:19:16.828] [modloading-sync-worker/INFO] [terrablender/]: Registered region biomesoplenty:nether_common to index 1 for type NETHER
[10sept.2026 13:19:16.828] [modloading-sync-worker/INFO] [terrablender/]: Registered region biomesoplenty:nether_rare to index 2 for type NETHER
[10sept.2026 13:19:16.891] [NeoForge Version Check/INFO] [net.neoforged.fml.VersionChecker/]: [easyanvils] Found status: UP_TO_DATE Current: 21.1.0 Target: null
[10sept.2026 13:19:16.892] [NeoForge Version Check/INFO] [net.neoforged.fml.VersionChecker/]: [mcwwindows] Starting version check at https://raw.githubusercontent.com/sketchmacaw/macawsmods/master/window.json
[10sept.2026 13:19:16.903] [NeoForge Version Check/INFO] [net.neoforged.fml.VersionChecker/]: [mcwwindows] Found status: UP_TO_DATE Current: 2.4.2 Target: null
[10sept.2026 13:19:16.904] [NeoForge Version Check/INFO] [net.neoforged.fml.VersionChecker/]: [guardvillagers] Starting version check at https://api.modrinth.com/updates/H1sntfo8/forge_updates.json
[10sept.2026 13:19:16.970] [modloading-sync-worker/INFO] [Framework/SYNCED_ENTITY_DATA]: Registered synced data key refurbished_furniture:lock_yaw for refurbished_furniture:seat
[10sept.2026 13:19:17.078] [NeoForge Version Check/INFO] [net.neoforged.fml.VersionChecker/]: [guardvillagers] Found status: BETA Current: 2.4.10 Target: null
[10sept.2026 13:19:17.078] [NeoForge Version Check/INFO] [net.neoforged.fml.VersionChecker/]: [prickle] Starting version check at https://updates.blamejared.com/get?n=prickle&gv=1.21.1&ml=neoforge
[10sept.2026 13:19:17.155] [modloading-sync-worker/INFO] [Moonlight/]: Initialized color sets in 152ms
[10sept.2026 13:19:17.231] [NeoForge Version Check/INFO] [net.neoforged.fml.VersionChecker/]: [prickle] Found status: BETA Current: 21.1.11 Target: 21.1.11
[10sept.2026 13:19:17.231] [NeoForge Version Check/INFO] [net.neoforged.fml.VersionChecker/]: [sound_physics_remastered] Starting version check at https://update.maxhenkel.de/neoforge/sound_physics_remastered
[10sept.2026 13:19:17.388] [NeoForge Version Check/INFO] [net.neoforged.fml.VersionChecker/]: [sound_physics_remastered] Found status: BETA_OUTDATED Current: 1.21.1-1.4.10 Target: 1.21.1-1.5.1
[10sept.2026 13:19:17.389] [NeoForge Version Check/INFO] [net.neoforged.fml.VersionChecker/]: [ctov] Starting version check at https://api.modrinth.com/updates/fgmhI8kH/forge_updates.json
[10sept.2026 13:19:17.509] [NeoForge Version Check/INFO] [net.neoforged.fml.VersionChecker/]: [ctov] Found status: BETA Current: 3.6.3 Target: null
[10sept.2026 13:19:17.509] [NeoForge Version Check/INFO] [net.neoforged.fml.VersionChecker/]: [corpse] Starting version check at https://update.maxhenkel.de/neoforge/corpse
[10sept.2026 13:19:17.542] [NeoForge Version Check/INFO] [net.neoforged.fml.VersionChecker/]: [corpse] Found status: BETA Current: 1.21.1-1.1.13 Target: 1.21.1-1.1.13
[10sept.2026 13:19:17.543] [NeoForge Version Check/INFO] [net.neoforged.fml.VersionChecker/]: [mcwtrpdoors] Starting version check at https://raw.githubusercontent.com/sketchmacaw/macawsmods/master/trapdoors.json
[10sept.2026 13:19:17.554] [NeoForge Version Check/INFO] [net.neoforged.fml.VersionChecker/]: [mcwtrpdoors] Found status: UP_TO_DATE Current: 1.1.5 Target: null
[10sept.2026 13:19:17.554] [NeoForge Version Check/INFO] [net.neoforged.fml.VersionChecker/]: [advancednetherite] Starting version check at https://raw.githubusercontent.com/Autovw/ModUpdates/master/advancednetherite/update.json
[10sept.2026 13:19:17.567] [NeoForge Version Check/INFO] [net.neoforged.fml.VersionChecker/]: [advancednetherite] Found status: BETA Current: 2.3.1 Target: 2.3.1
[10sept.2026 13:19:17.567] [NeoForge Version Check/INFO] [net.neoforged.fml.VersionChecker/]: [searchables] Starting version check at https://updates.blamejared.com/get?n=searchables&gv=1.21.1&ml=neoforge
[10sept.2026 13:19:17.583] [modloading-worker-0/INFO] [io.redspace.ironsspellbooks.IronsSpellbooks/]: Got IMC []
[10sept.2026 13:19:17.601] [NeoForge Version Check/INFO] [net.neoforged.fml.VersionChecker/]: [searchables] Found status: BETA Current: 1.0.2 Target: 1.0.2
[10sept.2026 13:19:17.601] [NeoForge Version Check/INFO] [net.neoforged.fml.VersionChecker/]: [mr_jakes_buildtools] Starting version check at https://api.modrinth.com/updates/DosZdmJF/forge_updates.json?neoforge=only
[10sept.2026 13:19:17.621] [modloading-sync-worker/INFO] [com.cupboard.Cupboard/]: Loaded config for: connectivity.json
[10sept.2026 13:19:17.680] [modloading-worker-0/INFO] [AttributeFix/]: Changing maximum value for minecraft:generic.armor from 30.0 to 1000000.0.
[10sept.2026 13:19:17.685] [modloading-worker-0/INFO] [AttributeFix/]: Changing maximum value for minecraft:generic.armor_toughness from 20.0 to 1000000.0.
[10sept.2026 13:19:17.690] [modloading-worker-0/INFO] [AttributeFix/]: Changing maximum value for minecraft:generic.attack_damage from 2048.0 to 1000000.0.
[10sept.2026 13:19:17.697] [modloading-worker-0/INFO] [AttributeFix/]: Changing maximum value for minecraft:generic.attack_knockback from 5.0 to 1000000.0.
[10sept.2026 13:19:17.727] [modloading-worker-0/INFO] [snownee.jade.Jade/]: Start loading plugin from net.blay09.mods.balm.neoforge.compat.hudinfo.NeoForgeJadeModCompat
[10sept.2026 13:19:17.748] [modloading-worker-0/INFO] [snownee.jade.Jade/]: Start loading plugin from snownee.snow.compat.jade.JadeCompat
[10sept.2026 13:19:17.749] [modloading-worker-0/INFO] [snownee.jade.Jade/]: Start loading plugin from de.maxhenkel.corpse.integration.waila.PluginCorpse
[10sept.2026 13:19:17.751] [modloading-worker-0/INFO] [snownee.jade.Jade/]: Start loading plugin from snownee.jade.addon.JadeAddonsBase
[10sept.2026 13:19:17.761] [NeoForge Version Check/INFO] [net.neoforged.fml.VersionChecker/]: [mr_jakes_buildtools] Found status: OUTDATED Current: 2.0.1.5 Target: 2.0.1.5+mod
[10sept.2026 13:19:17.762] [NeoForge Version Check/INFO] [net.neoforged.fml.VersionChecker/]: [mcwroofs] Starting version check at https://raw.githubusercontent.com/sketchmacaw/macawsmods/master/roofs.json
[10sept.2026 13:19:17.771] [modloading-worker-0/INFO] [AttributeFix/]: Changing maximum value for minecraft:generic.max_health from 1024.0 to 1000000.0.
[10sept.2026 13:19:17.771] [modloading-worker-0/INFO] [snownee.jade.Jade/]: Start loading plugin from snownee.kiwi.customization.compat.jade.JadeCompat
[10sept.2026 13:19:17.772] [modloading-worker-0/INFO] [snownee.jade.Jade/]: Start loading plugin from net.geforcemods.securitycraft.compat.hudmods.JadeDataProvider
[10sept.2026 13:19:17.773] [NeoForge Version Check/INFO] [net.neoforged.fml.VersionChecker/]: [mcwroofs] Found status: UP_TO_DATE Current: 2.3.2 Target: null
[10sept.2026 13:19:17.773] [NeoForge Version Check/INFO] [net.neoforged.fml.VersionChecker/]: [mcwfurnitures] Starting version check at https://raw.githubusercontent.com/sketchmacaw/macawsmods/master/furniture.json
[10sept.2026 13:19:17.775] [modloading-worker-0/INFO] [snownee.jade.Jade/]: Start loading plugin from noobanidus.mods.lootr.common.integration.jade.LootrWailaPlugin
[10sept.2026 13:19:17.776] [modloading-worker-0/INFO] [snownee.jade.Jade/]: Start loading plugin from net.p3pp3rf1y.sophisticatedstorage.compat.jade.StorageJadePlugin
[10sept.2026 13:19:17.777] [modloading-worker-0/INFO] [snownee.jade.Jade/]: Start loading plugin from net.blay09.mods.waystones.compat.JadeIntegration
[10sept.2026 13:19:17.778] [modloading-worker-0/INFO] [snownee.jade.Jade/]: Start loading plugin from snownee.jade.addon.vanilla.VanillaPlugin
[10sept.2026 13:19:17.803] [NeoForge Version Check/INFO] [net.neoforged.fml.VersionChecker/]: [mcwfurnitures] Found status: UP_TO_DATE Current: 3.4.1 Target: null
[10sept.2026 13:19:17.803] [modloading-worker-0/INFO] [snownee.jade.Jade/]: Start loading plugin from snownee.jade.addon.universal.UniversalPlugin
[10sept.2026 13:19:17.803] [NeoForge Version Check/INFO] [net.neoforged.fml.VersionChecker/]: [mcwlights] Starting version check at https://raw.githubusercontent.com/sketchmacaw/macawsmods/master/lights.json
[10sept.2026 13:19:17.814] [NeoForge Version Check/INFO] [net.neoforged.fml.VersionChecker/]: [mcwlights] Found status: UP_TO_DATE Current: 1.1.5 Target: null
[10sept.2026 13:19:17.815] [modloading-worker-0/INFO] [snownee.jade.Jade/]: Start loading plugin from snownee.jade.addon.debug.DebugPlugin
[10sept.2026 13:19:17.815] [NeoForge Version Check/INFO] [net.neoforged.fml.VersionChecker/]: [mr_world_editor] Starting version check at https://api.modrinth.com/updates/uRd37jgq/forge_updates.json?neoforge=only
[10sept.2026 13:19:17.816] [modloading-worker-0/INFO] [snownee.jade.Jade/]: Start loading plugin from snownee.jade.addon.core.CorePlugin
[10sept.2026 13:19:17.817] [modloading-worker-0/INFO] [snownee.jade.Jade/]: Start loading plugin from snownee.jade.addon.access.AccessibilityPlugin
[10sept.2026 13:19:17.818] [modloading-worker-0/INFO] [snownee.jade.Jade/]: Start loading plugin from de.maxhenkel.easyvillagers.integration.waila.PluginEasyVillagers
[10sept.2026 13:19:17.819] [modloading-worker-0/INFO] [snownee.jade.Jade/]: Start loading plugin from com.jaquadro.minecraft.storagedrawers.integration.Waila
[10sept.2026 13:19:17.931] [NeoForge Version Check/INFO] [net.neoforged.fml.VersionChecker/]: [mr_world_editor] Found status: BETA Current: 1-v2.1.0 Target: null
[10sept.2026 13:19:17.931] [NeoForge Version Check/INFO] [net.neoforged.fml.VersionChecker/]: [attributefix] Starting version check at https://updates.blamejared.com/get?n=attributefix&gv=1.21.1&ml=neoforge
[10sept.2026 13:19:17.965] [NeoForge Version Check/INFO] [net.neoforged.fml.VersionChecker/]: [attributefix] Found status: BETA Current: 21.1.3 Target: 21.1.3
[10sept.2026 13:19:17.966] [NeoForge Version Check/INFO] [net.neoforged.fml.VersionChecker/]: [goblintraders] Starting version check at https://mrcrayfish.com/api/mod_update/neoforge/goblintraders
[10sept.2026 13:19:18.207] [NeoForge Version Check/WARN] [net.neoforged.fml.VersionChecker/]: Failed to process update information
com.google.gson.JsonSyntaxException: java.lang.IllegalStateException: Expected BEGIN_OBJECT but was STRING at line 1 column 1 path $
	at MC-BOOTSTRAP/com.google.gson@2.10.1/com.google.gson.Gson.fromJson(Gson.java:1238) ~[gson-2.10.1.jar%2394!/:?]
	at MC-BOOTSTRAP/com.google.gson@2.10.1/com.google.gson.Gson.fromJson(Gson.java:1137) ~[gson-2.10.1.jar%2394!/:?]
	at MC-BOOTSTRAP/com.google.gson@2.10.1/com.google.gson.Gson.fromJson(Gson.java:1047) ~[gson-2.10.1.jar%2394!/:?]
	at MC-BOOTSTRAP/com.google.gson@2.10.1/com.google.gson.Gson.fromJson(Gson.java:982) ~[gson-2.10.1.jar%2394!/:?]
	at MC-BOOTSTRAP/fml_loader@4.0.42/net.neoforged.fml.VersionChecker$1.process(VersionChecker.java:167) ~[loader-4.0.42.jar%2359!/:4.0]
	at java.base/java.lang.Iterable.forEach(Iterable.java:75) [?:?]
	at MC-BOOTSTRAP/fml_loader@4.0.42/net.neoforged.fml.VersionChecker$1.run(VersionChecker.java:105) [loader-4.0.42.jar%2359!/:4.0]
Caused by: java.lang.IllegalStateException: Expected BEGIN_OBJECT but was STRING at line 1 column 1 path $
	at MC-BOOTSTRAP/com.google.gson@2.10.1/com.google.gson.stream.JsonReader.beginObject(JsonReader.java:393) ~[gson-2.10.1.jar%2394!/:?]
	at MC-BOOTSTRAP/com.google.gson@2.10.1/com.google.gson.internal.bind.MapTypeAdapterFactory$Adapter.read(MapTypeAdapterFactory.java:182) ~[gson-2.10.1.jar%2394!/:?]
	at MC-BOOTSTRAP/com.google.gson@2.10.1/com.google.gson.internal.bind.MapTypeAdapterFactory$Adapter.read(MapTypeAdapterFactory.java:144) ~[gson-2.10.1.jar%2394!/:?]
	at MC-BOOTSTRAP/com.google.gson@2.10.1/com.google.gson.Gson.fromJson(Gson.java:1227) ~[gson-2.10.1.jar%2394!/:?]
	... 6 more
[10sept.2026 13:19:18.209] [NeoForge Version Check/INFO] [net.neoforged.fml.VersionChecker/]: [mr_create_renewablebrass] Starting version check at https://api.modrinth.com/updates/AqQzrKJo/forge_updates.json?neoforge=only
[10sept.2026 13:19:18.323] [NeoForge Version Check/INFO] [net.neoforged.fml.VersionChecker/]: [mr_create_renewablebrass] Found status: OUTDATED Current: 1.0.2 Target: 1.0.2+mod
[10sept.2026 13:19:18.323] [NeoForge Version Check/INFO] [net.neoforged.fml.VersionChecker/]: [securitycraft] Starting version check at https://www.github.com/Geforce132/SecurityCraft/raw/master/Updates/Forge.json
[10sept.2026 13:19:18.520] [NeoForge Version Check/INFO] [net.neoforged.fml.VersionChecker/]: [securitycraft] Found status: OUTDATED Current: 1.10.1 Target: 1.10.2.1
[10sept.2026 13:19:18.521] [NeoForge Version Check/INFO] [net.neoforged.fml.VersionChecker/]: [puzzleslib] Starting version check at https://raw.githubusercontent.com/Fuzss/modresources/main/update/puzzleslib.json
[10sept.2026 13:19:18.529] [NeoForge Version Check/INFO] [net.neoforged.fml.VersionChecker/]: [puzzleslib] Found status: UP_TO_DATE Current: 21.1.52 Target: null
[10sept.2026 13:19:18.529] [NeoForge Version Check/INFO] [net.neoforged.fml.VersionChecker/]: [dynamiclights] Starting version check at https://api.modrinth.com/updates/7YjclEGc/forge_updates.json?neoforge=only
[10sept.2026 13:19:18.630] [main/INFO] [com.mojang.authlib.yggdrasil.YggdrasilAuthenticationService/]: Environment: Environment[sessionHost=https://sessionserver.mojang.com, servicesHost=https://api.minecraftservices.com, name=PROD]
[10sept.2026 13:19:18.653] [NeoForge Version Check/INFO] [net.neoforged.fml.VersionChecker/]: [dynamiclights] Found status: UP_TO_DATE Current: 1.9.3+mod Target: null
[10sept.2026 13:19:18.654] [NeoForge Version Check/INFO] [net.neoforged.fml.VersionChecker/]: [prism] Starting version check at https://mc-update-check.anthonyhilyard.com/638111
[10sept.2026 13:19:19.911] [main/INFO] [com.simibubi.create.Create/]: Created 463 recipes which will be injected into the game
[10sept.2026 13:19:19.921] [main/INFO] [com.simibubi.create.Create/]: Created 34 tags which will be injected into the game
[10sept.2026 13:19:23.758] [Worker-Main-3/ERROR] [net.minecraft.world.level.storage.loot.LootDataType/]: Couldn't parse element ResourceKey[minecraft:root / minecraft:loot_table]:irons_spellbooks:test/ring_gen_break_me - Unknown registry key in ResourceKey[minecraft:root / irons_spellbooks:spells]: minecraft:none
[10sept.2026 13:19:23.925] [Worker-Main-3/ERROR] [net.minecraft.world.level.storage.loot.LootDataType/]: Couldn't parse element ResourceKey[minecraft:root / minecraft:loot_table]:adorable_eggs:blocks/creaking_egg - Unknown registry key in ResourceKey[minecraft:root / minecraft:item]: minecraft:creaking_spawn_egg
[10sept.2026 13:19:25.873] [Worker-Main-7/WARN] [net.neoforged.neoforge.registries.DataMapLoader/]: Found data map file for non-existent data map type 'minersdelight:cup_variant' on registry 'minecraft:item'.
[10sept.2026 13:19:26.757] [main/ERROR] [net.minecraft.world.item.crafting.RecipeManager/]: Parsing error loading recipe brewinandchewin:fermenting/ghast_sourdough: com.google.gson.JsonParseException: Unknown registry key in ResourceKey[minecraft:root / minecraft:recipe_serializer]: brewinandchewin:fermenting
[10sept.2026 13:19:27.003] [main/ERROR] [net.minecraft.world.item.crafting.RecipeManager/]: Parsing error loading recipe stones:mixing/dirt: com.google.gson.JsonParseException: Failed to parse either. First: No key amount in MapLike[{"item":"minecraft:dirt"}]; No key id in MapLike[{"item":"minecraft:dirt"}]; Second: Failed to parse either. First: No key id in MapLike[{"item":"minecraft:dirt"}]; Second: Failed to parse either. First: Not a JSON object: "minecraft:dirt"; Second: Compat cannot be deserialized
[10sept.2026 13:19:27.253] [main/ERROR] [net.minecraft.world.item.crafting.RecipeManager/]: Parsing error loading recipe endersdelight:chorus_pie_slice: com.google.gson.JsonParseException: No key item in MapLike[{"id":"endersdelight:chorus_pie_slice","count":4}]
[10sept.2026 13:19:27.289] [main/INFO] [net.minecraft.world.item.crafting.RecipeManager/]: Loaded 11442 recipes
[10sept.2026 13:19:28.035] [main/INFO] [net.minecraft.advancements.AdvancementTree/]: Loaded 6985 advancements
[10sept.2026 13:19:28.053] [main/INFO] [Curios API/]: Loaded 12 curio slots
[10sept.2026 13:19:28.064] [main/INFO] [Curios API/]: Loaded 11 curio entities
[10sept.2026 13:19:28.069] [main/WARN] [net.neoforged.neoforge.common.loot.LootModifierManager/]: Could not decode GlobalLootModifier with json id adorable_eggs:creaking_egg_drop - error: Unknown registry key in ResourceKey[minecraft:root / minecraft:item]: minecraft:creaking_spawn_egg
[10sept.2026 13:19:28.076] [main/WARN] [io.redspace.ironslib.IronsLib/]: Skipping attribute remap irons_lib:armor_pierce -> apothic_attributes:armor_pierce (missing registry entry)
[10sept.2026 13:19:28.077] [main/WARN] [io.redspace.ironslib.IronsLib/]: Skipping attribute remap irons_lib:mining_speed -> apothic_attributes:mining_speed (missing registry entry)
[10sept.2026 13:19:28.077] [main/WARN] [io.redspace.ironslib.IronsLib/]: Skipping attribute remap irons_lib:experience_gained -> apothic_attributes:experience_gained (missing registry entry)
[10sept.2026 13:19:28.077] [main/WARN] [io.redspace.ironslib.IronsLib/]: Skipping attribute remap irons_lib:arrow_damage -> apothic_attributes:arrow_damage (missing registry entry)
[10sept.2026 13:19:28.078] [main/WARN] [io.redspace.ironslib.IronsLib/]: Skipping attribute remap irons_lib:crit_damage -> apothic_attributes:crit_damage (missing registry entry)
[10sept.2026 13:19:28.078] [main/WARN] [io.redspace.ironslib.IronsLib/]: Skipping attribute remap irons_lib:dodge_chance -> apothic_attributes:dodge_chance (missing registry entry)
[10sept.2026 13:19:28.129] [main/INFO] [Moonlight/]: Failed to load custom color set definition {"id":"quark:rune","colors":{"default":"quark:blank_rune"},"replace":false}. Ignoring
[10sept.2026 13:19:28.130] [main/INFO] [Moonlight/]: Failed to load custom color set definition {"id":"suppsquared:sack","colors":{"default":"supplementaries:sack"},"replace":false}. Ignoring
[10sept.2026 13:19:28.130] [main/INFO] [Moonlight/]: Failed to load custom color set definition {"id":"quark:shard","colors":{"default":"quark:clear_shard"},"replace":false}. Ignoring
[10sept.2026 13:19:28.152] [main/INFO] [placebo/]: Registered 0 gear_sets.
[10sept.2026 13:19:28.159] [main/INFO] [placebo/]: Registered 0 wanderer_trades.
[10sept.2026 13:19:28.160] [main/INFO] [placebo/]: Registered 0 brewing_mixes.
[10sept.2026 13:19:28.301] [main/WARN] [net.minecraft.core.MappedRegistry/]: Not all defined tags for registry ResourceKey[minecraft:root / minecraft:worldgen/biome] are present in data pack: twilightforest:in_twilight_forest
[10sept.2026 13:19:29.493] [main/WARN] [ModernFix/]: Initial datapack load took 9.537 s
[10sept.2026 13:19:29.630] [Server thread/INFO] [net.minecraft.server.dedicated.DedicatedServer/]: Starting minecraft server version 1.21.1
[10sept.2026 13:19:29.631] [Server thread/INFO] [net.minecraft.server.dedicated.DedicatedServer/]: Loading properties
[10sept.2026 13:19:29.631] [Server thread/INFO] [net.minecraft.server.dedicated.DedicatedServer/]: Default game type: SURVIVAL
[10sept.2026 13:19:29.631] [Server thread/INFO] [net.minecraft.server.MinecraftServer/]: Generating keypair
[10sept.2026 13:19:29.869] [Server thread/INFO] [net.minecraft.server.dedicated.DedicatedServer/]: Starting Minecraft server on *:25565
[10sept.2026 13:19:29.993] [Server thread/INFO] [net.minecraft.server.network.ServerConnectionListener/]: Using default channel type
[10sept.2026 13:19:30.351] [Server thread/INFO] [Puzzles Lib/]: Dispatching loading event for config easyanvils-server.toml
[10sept.2026 13:19:30.386] [Server thread/INFO] [journeymap/]: Loading JourneyMap Forge Configs
[10sept.2026 13:19:30.488] [Server thread/WARN] [net.neoforged.neoforge.server.ServerLifecycleHooks/]: Detected minecraft:ocelot that was registered with CREATURE mob category but was added under MONSTER mob category for biomesoplenty:rainforest biome! Mobs should be added to biomes under the same mob category that the mob was registered as to prevent mob cap spawning issues.
[10sept.2026 13:19:30.490] [Server thread/WARN] [net.neoforged.neoforge.server.ServerLifecycleHooks/]: Detected minecraft:ocelot that was registered with CREATURE mob category but was added under MONSTER mob category for biomesoplenty:rocky_rainforest biome! Mobs should be added to biomes under the same mob category that the mob was registered as to prevent mob cap spawning issues.
[10sept.2026 13:19:30.570] [Server thread/INFO] [FTB Teams/]: loaded team data: 10 known players, 10 teams total
[10sept.2026 13:19:30.727] [Server thread/INFO] [spark/]: Starting background profiler...
[10sept.2026 13:19:30.740] [Server thread/INFO] [spark/]: The async-profiler engine is not supported for your os/arch (windows11/amd64), so the built-in Java engine will be used instead.
[10sept.2026 13:19:30.853] [Server thread/INFO] [AutoMessage/]: [SERVER] MessageService loaded 1 messages
[10sept.2026 13:19:30.855] [Server thread/INFO] [AutoMessage/]: [SERVER] MessageService loaded on server in 10330100ns or 10ms or 0.0103301s
[10sept.2026 13:19:30.866] [Server thread/INFO] [Better Archeology/]: Registering Villager Trades for Better Archeology
[10sept.2026 13:19:30.867] [Server thread/INFO] [Framework/]: Loading server configs...
[10sept.2026 13:19:30.909] [Server thread/INFO] [terrablender/]: Initialized TerraBlender biomes for level stem minecraft:the_nether
[10sept.2026 13:19:31.884] [Server thread/INFO] [terrablender/]: Initialized TerraBlender biomes for level stem minecraft:overworld
[10sept.2026 13:19:31.885] [Server thread/INFO] [net.minecraft.server.dedicated.DedicatedServer/]: Preparing level "world"
[10sept.2026 13:19:33.134] [Server thread/WARN] [com.structureessentials.StructureEssentials/]: Non-unique structure_set salt:0 potentially creating overlapping structures detected. Structure sets: [minecraft:mineshafts, minecraft:strongholds, minecraft:buried_treasures]
[10sept.2026 13:19:33.135] [Server thread/WARN] [com.structureessentials.StructureEssentials/]: Non-unique structure_set salt:10387313 potentially creating overlapping structures detected. Structure sets: [minecraft:ocean_monuments, minecraft:end_cities]
[10sept.2026 13:19:33.135] [Server thread/WARN] [com.structureessentials.StructureEssentials/]: Non-unique structure_set salt:298952413 potentially creating overlapping structures detected. Structure sets: [mvs:warped_house, mvs:nether_well]
[10sept.2026 13:19:33.136] [Server thread/WARN] [com.structureessentials.StructureEssentials/]: Non-unique structure_set salt:429454167 potentially creating overlapping structures detected. Structure sets: [farmers_structures:honey_cake_farms_with_all, farmers_structures:ratatouilles_with_all, farmers_structures:afterdark_farms_with_all, farmers_structures:flesh_farms_with_all, farmers_structures:squids_with_all]
[10sept.2026 13:19:33.136] [Server thread/WARN] [com.structureessentials.StructureEssentials/]: Non-unique structure_set salt:784827271 potentially creating overlapping structures detected. Structure sets: [betterfortresses:fortress, betteroceanmonuments:ocean_monument]
[10sept.2026 13:19:33.137] [Server thread/WARN] [com.structureessentials.StructureEssentials/]: Non-unique structure_set salt:213742069 potentially creating overlapping structures detected. Structure sets: [towns_and_towers:other, towns_and_towers:towers, towns_and_towers:towns]
[10sept.2026 13:19:33.139] [Server thread/INFO] [net.minecraft.server.MinecraftServer/]: Preparing start region for dimension minecraft:overworld
[10sept.2026 13:19:33.656] [NeoForge Version Check/WARN] [net.neoforged.fml.VersionChecker/]: Failed to process update information
java.net.http.HttpConnectTimeoutException: HTTP connect timed out
	at java.net.http/jdk.internal.net.http.HttpClientImpl.send(HttpClientImpl.java:949) ~[java.net.http:?]
	at java.net.http/jdk.internal.net.http.HttpClientFacade.send(HttpClientFacade.java:133) ~[java.net.http:?]
	at MC-BOOTSTRAP/fml_loader@4.0.42/net.neoforged.fml.VersionChecker$1.openUrlString(VersionChecker.java:129) ~[loader-4.0.42.jar%2359!/:4.0]
	at MC-BOOTSTRAP/fml_loader@4.0.42/net.neoforged.fml.VersionChecker$1.process(VersionChecker.java:162) ~[loader-4.0.42.jar%2359!/:4.0]
	at java.base/java.lang.Iterable.forEach(Iterable.java:75) [?:?]
	at MC-BOOTSTRAP/fml_loader@4.0.42/net.neoforged.fml.VersionChecker$1.run(VersionChecker.java:105) [loader-4.0.42.jar%2359!/:4.0]
Caused by: java.net.http.HttpConnectTimeoutException: HTTP connect timed out
	at java.net.http/jdk.internal.net.http.ResponseTimerEvent.handle(ResponseTimerEvent.java:68) ~[java.net.http:?]
	at java.net.http/jdk.internal.net.http.HttpClientImpl.purgeTimeoutsAndReturnNextDeadline(HttpClientImpl.java:1788) ~[java.net.http:?]
	at java.net.http/jdk.internal.net.http.HttpClientImpl$SelectorManager.run(HttpClientImpl.java:1386) ~[java.net.http:?]
Caused by: java.net.ConnectException: HTTP connect timed out
	at java.net.http/jdk.internal.net.http.ResponseTimerEvent.handle(ResponseTimerEvent.java:69) ~[java.net.http:?]
	at java.net.http/jdk.internal.net.http.HttpClientImpl.purgeTimeoutsAndReturnNextDeadline(HttpClientImpl.java:1788) ~[java.net.http:?]
	at java.net.http/jdk.internal.net.http.HttpClientImpl$SelectorManager.run(HttpClientImpl.java:1386) ~[java.net.http:?]
[10sept.2026 13:19:33.659] [NeoForge Version Check/INFO] [net.neoforged.fml.VersionChecker/]: [bookshelf] Starting version check at https://updates.blamejared.com/get?n=bookshelf&gv=1.21.1&ml=neoforge
[10sept.2026 13:19:33.659] [Worker-Main-7/INFO] [net.minecraft.server.level.progress.LoggerChunkProgressListener/]: Preparing spawn area: 0%
[10sept.2026 13:19:33.660] [Worker-Main-7/INFO] [net.minecraft.server.level.progress.LoggerChunkProgressListener/]: Preparing spawn area: 0%
[10sept.2026 13:19:33.696] [NeoForge Version Check/INFO] [net.neoforged.fml.VersionChecker/]: [bookshelf] Found status: BETA Current: 21.1.81 Target: 21.1.81
[10sept.2026 13:19:33.697] [NeoForge Version Check/INFO] [net.neoforged.fml.VersionChecker/]: [mr_create_stones] Starting version check at https://api.modrinth.com/updates/KKlx33Ch/forge_updates.json?neoforge=only
[10sept.2026 13:19:33.809] [NeoForge Version Check/INFO] [net.neoforged.fml.VersionChecker/]: [mr_create_stones] Found status: OUTDATED Current: 2.0.1 Target: 2.0.1+mod
[10sept.2026 13:19:33.810] [NeoForge Version Check/INFO] [net.neoforged.fml.VersionChecker/]: [mcwdoors] Starting version check at https://raw.githubusercontent.com/sketchmacaw/macawsmods/master/doors.json
[10sept.2026 13:19:33.957] [NeoForge Version Check/INFO] [net.neoforged.fml.VersionChecker/]: [mcwdoors] Found status: AHEAD Current: 1.1.5 Target: null
[10sept.2026 13:19:33.959] [NeoForge Version Check/INFO] [net.neoforged.fml.VersionChecker/]: [diagonalwalls] Starting version check at https://raw.githubusercontent.com/Fuzss/modresources/main/update/diagonalwalls.json
[10sept.2026 13:19:33.970] [NeoForge Version Check/INFO] [net.neoforged.fml.VersionChecker/]: [diagonalwalls] Found status: UP_TO_DATE Current: 21.1.2 Target: null
[10sept.2026 13:19:33.971] [NeoForge Version Check/INFO] [net.neoforged.fml.VersionChecker/]: [diagonalblocks] Starting version check at https://raw.githubusercontent.com/Fuzss/modresources/main/update/diagonalblocks.json
[10sept.2026 13:19:33.980] [NeoForge Version Check/INFO] [net.neoforged.fml.VersionChecker/]: [diagonalblocks] Found status: BETA Current: 21.1.2 Target: null
[10sept.2026 13:19:33.981] [NeoForge Version Check/INFO] [net.neoforged.fml.VersionChecker/]: [chipped] Starting version check at https://api.modrinth.com/updates/BAscRYKm/forge_updates.json
[10sept.2026 13:19:34.013] [Server thread/INFO] [net.minecraft.server.level.progress.LoggerChunkProgressListener/]: Time elapsed: 873 ms
[10sept.2026 13:19:34.014] [Server thread/INFO] [net.minecraft.server.dedicated.DedicatedServer/]: Done (3.672s)! For help, type "help"
[10sept.2026 13:19:34.086] [Server thread/WARN] [net.neoforged.neoforge.server.LanguageHook/]: Skipped language file: customnetherportals:lang/en_us.json
com.google.gson.JsonSyntaxException: Expected en_us to be a string, was an object ({"bl...l"})
	at TRANSFORMER/minecraft@1.21.1/net.minecraft.util.GsonHelper.convertToString(GsonHelper.java:120) ~[server-1.21.1-20240808.144430-srg.jar%23330!/:?]
	at TRANSFORMER/minecraft@1.21.1/net.minecraft.locale.Language.loadFromJson(Language.java:114) ~[server-1.21.1-20240808.144430-srg.jar%23330!/:?]
	at TRANSFORMER/neoforge@21.1.234/net.neoforged.neoforge.server.LanguageHook.loadLanguage(LanguageHook.java:65) ~[neoforge-21.1.234-universal.jar%23331!/:?]
	at TRANSFORMER/neoforge@21.1.234/net.neoforged.neoforge.server.LanguageHook.loadModLanguages(LanguageHook.java:103) ~[neoforge-21.1.234-universal.jar%23331!/:?]
	at TRANSFORMER/neoforge@21.1.234/net.neoforged.neoforge.server.ServerLifecycleHooks.handleServerStarting(ServerLifecycleHooks.java:103) ~[neoforge-21.1.234-universal.jar%23331!/:?]
	at TRANSFORMER/minecraft@1.21.1/net.minecraft.server.dedicated.DedicatedServer.initServer(DedicatedServer.java:230) ~[server-1.21.1-20240808.144430-srg.jar%23330!/:?]
	at TRANSFORMER/minecraft@1.21.1/net.minecraft.server.MinecraftServer.runServer(MinecraftServer.java:670) ~[server-1.21.1-20240808.144430-srg.jar%23330!/:?]
	at TRANSFORMER/minecraft@1.21.1/net.minecraft.server.MinecraftServer.lambda$spin$2(MinecraftServer.java:267) ~[server-1.21.1-20240808.144430-srg.jar%23330!/:?]
	at java.base/java.lang.Thread.run(Thread.java:1583) [?:?]
[10sept.2026 13:19:34.097] [NeoForge Version Check/INFO] [net.neoforged.fml.VersionChecker/]: [chipped] Found status: BETA Current: 4.0.2 Target: null
[10sept.2026 13:19:34.098] [NeoForge Version Check/INFO] [net.neoforged.fml.VersionChecker/]: [mr_create_renewablenetherite] Starting version check at https://api.modrinth.com/updates/nGq1sdd2/forge_updates.json?neoforge=only
[10sept.2026 13:19:34.213] [NeoForge Version Check/INFO] [net.neoforged.fml.VersionChecker/]: [mr_create_renewablenetherite] Found status: OUTDATED Current: 2.0.1 Target: 2.0.1+mod
[10sept.2026 13:19:34.213] [NeoForge Version Check/INFO] [net.neoforged.fml.VersionChecker/]: [mcwbridges] Starting version check at https://raw.githubusercontent.com/sketchmacaw/macawsmods/master/bridges.json
[10sept.2026 13:19:34.225] [NeoForge Version Check/INFO] [net.neoforged.fml.VersionChecker/]: [mcwbridges] Found status: AHEAD Current: 3.1.2 Target: null
[10sept.2026 13:19:34.226] [NeoForge Version Check/INFO] [net.neoforged.fml.VersionChecker/]: [mcwfences] Starting version check at https://raw.githubusercontent.com/sketchmacaw/macawsmods/master/fences.json
[10sept.2026 13:19:34.239] [NeoForge Version Check/INFO] [net.neoforged.fml.VersionChecker/]: [mcwfences] Found status: UP_TO_DATE Current: 1.2.1 Target: null
[10sept.2026 13:19:34.240] [NeoForge Version Check/INFO] [net.neoforged.fml.VersionChecker/]: [diagonalwindows] Starting version check at https://raw.githubusercontent.com/Fuzss/modresources/main/update/diagonalwindows.json
[10sept.2026 13:19:34.250] [NeoForge Version Check/INFO] [net.neoforged.fml.VersionChecker/]: [diagonalwindows] Found status: UP_TO_DATE Current: 21.1.1 Target: null
[10sept.2026 13:19:34.251] [NeoForge Version Check/INFO] [net.neoforged.fml.VersionChecker/]: [mr_ore_veinminer] Starting version check at https://api.modrinth.com/updates/Xl2GihRU/forge_updates.json?neoforge=only
[10sept.2026 13:19:34.353] [Server thread/INFO] [net.neoforged.neoforge.server.permission.PermissionAPI/]: Successfully initialized permission handler neoforge:default_handler
[10sept.2026 13:19:34.363] [NeoForge Version Check/INFO] [net.neoforged.fml.VersionChecker/]: [mr_ore_veinminer] Found status: OUTDATED Current: 1.2 Target: 7.01R+mod
[10sept.2026 13:19:34.363] [NeoForge Version Check/INFO] [net.neoforged.fml.VersionChecker/]: [create] Starting version check at https://api.modrinth.com/updates/create/forge_updates.json?neoforge=only
[10sept.2026 13:19:34.368] [Server thread/INFO] [com.axedgaming.endersdelight.EndersDelight/]: HELLO from server starting
[10sept.2026 13:19:34.373] [Server thread/INFO] [journeymap/]: Loaded null for service interface journeymap.api.services.WebMapService
[10sept.2026 13:19:34.376] [Server thread/INFO] [journeymap/]: Loaded journeymap.common.helpers.NeoForgeClientHooks@7469484b for service interface journeymap.api.services.ClientPlatformService
[10sept.2026 13:19:34.379] [Server thread/INFO] [journeymap/]: Loaded journeymap.common.helpers.NeoForgeHooks@6873f39a for service interface journeymap.api.services.CommonPlatformService
[10sept.2026 13:19:34.421] [Server thread/INFO] [journeymap/]: Found @JourneyMapPlugin: journeymap.api.plugins.LoadedChunkOverlayPlugin
[10sept.2026 13:19:34.440] [Server thread/INFO] [FTB Quests/]: Loading quests from C:\Users\Zakohen\Desktop\minecraft_survie_chill\config\ftbquests\quests
[10sept.2026 13:19:34.467] [Server thread/INFO] [FTB Quests/]: loaded translation tables for 2 language(s)
[10sept.2026 13:19:34.472] [NeoForge Version Check/INFO] [net.neoforged.fml.VersionChecker/]: [create] Found status: OUTDATED Current: 6.0.10 Target: 6.0.10+mc1.21.1
[10sept.2026 13:19:34.473] [NeoForge Version Check/INFO] [net.neoforged.fml.VersionChecker/]: [clumps] Starting version check at https://updates.blamejared.com/get?n=clumps&gv=1.21.1&ml=neoforge
[10sept.2026 13:19:34.508] [NeoForge Version Check/INFO] [net.neoforged.fml.VersionChecker/]: [clumps] Found status: BETA Current: 19.0.0.1 Target: 19.0.0.1
[10sept.2026 13:19:34.509] [NeoForge Version Check/INFO] [net.neoforged.fml.VersionChecker/]: [journeymap] Starting version check at https://neoforge.curseupdate.com/32274/journeymap
[10sept.2026 13:19:34.538] [Server thread/INFO] [FTB Quests/]: Loaded 2 chapter groups, 5 chapters, 90 quests, 0 reward tables
[10sept.2026 13:19:34.580] [NeoForge Version Check/INFO] [net.neoforged.fml.VersionChecker/]: [journeymap] Found status: BETA Current: 1.21.1-6.0.0-beta.88 Target: 1.21.1-6.0.0-beta.52
[10sept.2026 13:19:34.581] [NeoForge Version Check/INFO] [net.neoforged.fml.VersionChecker/]: [mr_tree_veinminer] Starting version check at https://api.modrinth.com/updates/wEhW4ceB/forge_updates.json?neoforge=only
[10sept.2026 13:19:34.628] [Server thread/INFO] [com.cupboard.Cupboard/]: Loaded config for: smoothchunk.json
[10sept.2026 13:19:34.630] [Server thread/INFO] [com.cupboard.Cupboard/]: Loaded config for: betterfpsdist.json
[10sept.2026 13:19:34.633] [Server thread/INFO] [com.cupboard.Cupboard/]: Loaded config for: clickadv.json
[10sept.2026 13:19:34.635] [Server thread/INFO] [com.cupboard.Cupboard/]: Loaded config for: chunksending.json
[10sept.2026 13:19:34.650] [Server thread/INFO] [journeymap/]: Initialized IJourneyMapPlugin as:journeymap.api.plugins.LoadedChunkOverlayPlugin: for:journeymap_chunk_overlay
[10sept.2026 13:19:34.739] [NeoForge Version Check/INFO] [net.neoforged.fml.VersionChecker/]: [mr_tree_veinminer] Found status: OUTDATED Current: 2.0.0 Target: 7.01R2+mod
[10sept.2026 13:19:34.740] [NeoForge Version Check/INFO] [net.neoforged.fml.VersionChecker/]: [mr_custom_treesfromsaplings] Starting version check at https://api.modrinth.com/updates/ZSM05R4U/forge_updates.json?neoforge=only
[10sept.2026 13:19:34.759] [Server thread/WARN] [ModernFix/]: Dedicated server took 67.832 seconds to load
[10sept.2026 13:19:34.770] [Server thread/INFO] [neruina/]: No blacklist files found, skipping blacklist loading
[10sept.2026 13:19:34.890] [NeoForge Version Check/INFO] [net.neoforged.fml.VersionChecker/]: [mr_custom_treesfromsaplings] Found status: OUTDATED Current: 1.21 Target: 1.21.x-mod
[10sept.2026 13:19:34.890] [NeoForge Version Check/INFO] [net.neoforged.fml.VersionChecker/]: [mr_netherracked] Starting version check at https://api.modrinth.com/updates/vNFbVrF1/forge_updates.json?neoforge=only
[10sept.2026 13:19:35.046] [NeoForge Version Check/INFO] [net.neoforged.fml.VersionChecker/]: [mr_netherracked] Found status: UP_TO_DATE Current: 1.0.4 Target: null
[10sept.2026 13:19:35.046] [NeoForge Version Check/INFO] [net.neoforged.fml.VersionChecker/]: [enchdesc] Starting version check at https://updates.blamejared.com/get?n=enchdesc&gv=1.21.1&ml=neoforge
[10sept.2026 13:19:35.081] [NeoForge Version Check/INFO] [net.neoforged.fml.VersionChecker/]: [enchdesc] Found status: BETA Current: 21.1.10 Target: 21.1.10
[10sept.2026 13:19:35.081] [NeoForge Version Check/INFO] [net.neoforged.fml.VersionChecker/]: [easy_villagers] Starting version check at https://update.maxhenkel.de/neoforge/easy_villagers
[10sept.2026 13:19:35.117] [NeoForge Version Check/INFO] [net.neoforged.fml.VersionChecker/]: [easy_villagers] Found status: BETA Current: 1.21.1-1.1.42 Target: 1.21.1-1.1.42
[10sept.2026 13:19:35.117] [NeoForge Version Check/INFO] [net.neoforged.fml.VersionChecker/]: [iceberg] Starting version check at https://mc-update-check.anthonyhilyard.com/520110
[10sept.2026 13:19:48.666] [Worker-Main-1/WARN] [net.minecraft.world.entity.ai.attributes.AttributeMap/]: Ignoring unknown attribute 'forge:entity_gravity'
[10sept.2026 13:19:48.824] [Worker-Main-1/WARN] [net.minecraft.world.entity.ai.attributes.AttributeMap/]: Ignoring unknown attribute 'forge:entity_gravity'
[10sept.2026 13:19:48.827] [Worker-Main-1/WARN] [net.minecraft.world.entity.ai.attributes.AttributeMap/]: Ignoring unknown attribute 'forge:entity_gravity'
[10sept.2026 13:19:49.537] [Worker-Main-10/WARN] [net.minecraft.world.entity.ai.attributes.AttributeMap/]: Ignoring unknown attribute 'forge:entity_gravity'
[10sept.2026 13:19:50.118] [NeoForge Version Check/WARN] [net.neoforged.fml.VersionChecker/]: Failed to process update information
java.net.http.HttpConnectTimeoutException: HTTP connect timed out
	at java.net.http/jdk.internal.net.http.HttpClientImpl.send(HttpClientImpl.java:949) ~[java.net.http:?]
	at java.net.http/jdk.internal.net.http.HttpClientFacade.send(HttpClientFacade.java:133) ~[java.net.http:?]
	at MC-BOOTSTRAP/fml_loader@4.0.42/net.neoforged.fml.VersionChecker$1.openUrlString(VersionChecker.java:129) ~[loader-4.0.42.jar%2359!/:4.0]
	at MC-BOOTSTRAP/fml_loader@4.0.42/net.neoforged.fml.VersionChecker$1.process(VersionChecker.java:162) ~[loader-4.0.42.jar%2359!/:4.0]
	at java.base/java.lang.Iterable.forEach(Iterable.java:75) [?:?]
	at MC-BOOTSTRAP/fml_loader@4.0.42/net.neoforged.fml.VersionChecker$1.run(VersionChecker.java:105) [loader-4.0.42.jar%2359!/:4.0]
Caused by: java.net.http.HttpConnectTimeoutException: HTTP connect timed out
	at java.net.http/jdk.internal.net.http.ResponseTimerEvent.handle(ResponseTimerEvent.java:68) ~[java.net.http:?]
	at java.net.http/jdk.internal.net.http.HttpClientImpl.purgeTimeoutsAndReturnNextDeadline(HttpClientImpl.java:1788) ~[java.net.http:?]
	at java.net.http/jdk.internal.net.http.HttpClientImpl$SelectorManager.run(HttpClientImpl.java:1386) ~[java.net.http:?]
Caused by: java.net.ConnectException: HTTP connect timed out
	at java.net.http/jdk.internal.net.http.ResponseTimerEvent.handle(ResponseTimerEvent.java:69) ~[java.net.http:?]
	at java.net.http/jdk.internal.net.http.HttpClientImpl.purgeTimeoutsAndReturnNextDeadline(HttpClientImpl.java:1788) ~[java.net.http:?]
	at java.net.http/jdk.internal.net.http.HttpClientImpl$SelectorManager.run(HttpClientImpl.java:1386) ~[java.net.http:?]
[10sept.2026 13:19:50.119] [NeoForge Version Check/INFO] [net.neoforged.fml.VersionChecker/]: [advancementplaques] Starting version check at https://mc-update-check.anthonyhilyard.com/499826
[10sept.2026 13:20:05.120] [NeoForge Version Check/WARN] [net.neoforged.fml.VersionChecker/]: Failed to process update information
java.net.http.HttpConnectTimeoutException: HTTP connect timed out
	at java.net.http/jdk.internal.net.http.HttpClientImpl.send(HttpClientImpl.java:949) ~[java.net.http:?]
	at java.net.http/jdk.internal.net.http.HttpClientFacade.send(HttpClientFacade.java:133) ~[java.net.http:?]
	at MC-BOOTSTRAP/fml_loader@4.0.42/net.neoforged.fml.VersionChecker$1.openUrlString(VersionChecker.java:129) ~[loader-4.0.42.jar%2359!/:4.0]
	at MC-BOOTSTRAP/fml_loader@4.0.42/net.neoforged.fml.VersionChecker$1.process(VersionChecker.java:162) ~[loader-4.0.42.jar%2359!/:4.0]
	at java.base/java.lang.Iterable.forEach(Iterable.java:75) [?:?]
	at MC-BOOTSTRAP/fml_loader@4.0.42/net.neoforged.fml.VersionChecker$1.run(VersionChecker.java:105) [loader-4.0.42.jar%2359!/:4.0]
Caused by: java.net.http.HttpConnectTimeoutException: HTTP connect timed out
	at java.net.http/jdk.internal.net.http.ResponseTimerEvent.handle(ResponseTimerEvent.java:68) ~[java.net.http:?]
	at java.net.http/jdk.internal.net.http.HttpClientImpl.purgeTimeoutsAndReturnNextDeadline(HttpClientImpl.java:1788) ~[java.net.http:?]
	at java.net.http/jdk.internal.net.http.HttpClientImpl$SelectorManager.run(HttpClientImpl.java:1386) ~[java.net.http:?]
Caused by: java.net.ConnectException: HTTP connect timed out
	at java.net.http/jdk.internal.net.http.ResponseTimerEvent.handle(ResponseTimerEvent.java:69) ~[java.net.http:?]
	at java.net.http/jdk.internal.net.http.HttpClientImpl.purgeTimeoutsAndReturnNextDeadline(HttpClientImpl.java:1788) ~[java.net.http:?]
	at java.net.http/jdk.internal.net.http.HttpClientImpl$SelectorManager.run(HttpClientImpl.java:1386) ~[java.net.http:?]
[10sept.2026 13:20:05.121] [NeoForge Version Check/INFO] [net.neoforged.fml.VersionChecker/]: [diagonalfences] Starting version check at https://raw.githubusercontent.com/Fuzss/modresources/main/update/diagonalfences.json
[10sept.2026 13:20:05.168] [NeoForge Version Check/INFO] [net.neoforged.fml.VersionChecker/]: [diagonalfences] Found status: UP_TO_DATE Current: 21.1.1 Target: null
[10sept.2026 13:20:05.169] [NeoForge Version Check/INFO] [net.neoforged.fml.VersionChecker/]: [mr_create_renewablediamonds] Starting version check at https://api.modrinth.com/updates/IxTis4hc/forge_updates.json?neoforge=only
[10sept.2026 13:20:05.311] [NeoForge Version Check/INFO] [net.neoforged.fml.VersionChecker/]: [mr_create_renewablediamonds] Found status: OUTDATED Current: 1.0.1 Target: 1.0.1+mod
[10sept.2026 13:21:27.404] [User Authenticator #1/INFO] [net.minecraft.server.network.ServerLoginPacketListenerImpl/]: UUID of player Zakohen is 87a1e93c-9150-4abb-9d15-375c9ae0f7c1
[10sept.2026 13:21:30.358] [Server thread/INFO] [net.minecraft.server.players.PlayerList/]: Zakohen[/[::1]:53528] logged in with entity id 100 at (700.0982795074751, 78.0, 1033.9638565117516)
[10sept.2026 13:21:30.705] [Server thread/INFO] [net.minecraft.server.MinecraftServer/]: Zakohen joined the game
[10sept.2026 13:21:30.896] [Server thread/INFO] [artifacts.Artifacts/]: Sending item configs to client
[10sept.2026 13:21:33.516] [Server thread/WARN] [net.minecraft.server.MinecraftServer/]: Can't keep up! Is the server overloaded? Running 2105ms or 42 ticks behind
[10sept.2026 13:21:57.831] [Server thread/WARN] [net.minecraft.server.MinecraftServer/]: Can't keep up! Is the server overloaded? Running 9319ms or 186 ticks behind
[10sept.2026 13:29:46.398] [Server thread/INFO] [AllTheLeaks/]: Listing events...
[10sept.2026 13:29:46.399] [Server thread/INFO] [AllTheLeaks/]: Listing memory leaks so far...
[10sept.2026 13:29:46.404] [Server thread/INFO] [AllTheLeaks/]: B: 863MB / C: 884MB / Diff: +21MB
[10sept.2026 13:29:46.406] [Server thread/INFO] [AllTheLeaks/]: No memory leak detected!
[10sept.2026 13:31:26.471] [Server thread/WARN] [net.minecraft.server.MinecraftServer/]: Can't keep up! Is the server overloaded? Running 2008ms or 40 ticks behind
[10sept.2026 13:31:48.805] [Server thread/WARN] [net.minecraft.server.MinecraftServer/]: Can't keep up! Is the server overloaded? Running 7343ms or 146 ticks behind
[10sept.2026 13:32:06.079] [Server thread/WARN] [net.minecraft.server.MinecraftServer/]: Can't keep up! Is the server overloaded? Running 2317ms or 46 ticks behind
[10sept.2026 13:32:24.787] [Server thread/WARN] [net.minecraft.server.MinecraftServer/]: Can't keep up! Is the server overloaded? Running 3725ms or 74 ticks behind
[10sept.2026 13:32:42.317] [Server thread/WARN] [net.minecraft.server.MinecraftServer/]: Can't keep up! Is the server overloaded? Running 2555ms or 51 ticks behind
[10sept.2026 13:33:02.728] [Server thread/WARN] [net.minecraft.server.MinecraftServer/]: Can't keep up! Is the server overloaded? Running 5416ms or 108 ticks behind
[10sept.2026 13:33:21.857] [Server thread/WARN] [net.minecraft.server.MinecraftServer/]: Can't keep up! Is the server overloaded? Running 4146ms or 82 ticks behind
[10sept.2026 13:33:42.600] [Server thread/WARN] [net.minecraft.server.MinecraftServer/]: Can't keep up! Is the server overloaded? Running 5788ms or 115 ticks behind
[10sept.2026 13:34:02.742] [Server thread/WARN] [net.minecraft.server.MinecraftServer/]: Can't keep up! Is the server overloaded? Running 5180ms or 103 ticks behind
[10sept.2026 13:34:21.225] [Server thread/WARN] [net.minecraft.server.MinecraftServer/]: Can't keep up! Is the server overloaded? Running 3512ms or 70 ticks behind
[10sept.2026 13:34:40.316] [Server thread/WARN] [net.minecraft.server.MinecraftServer/]: Can't keep up! Is the server overloaded? Running 2005ms or 40 ticks behind
[10sept.2026 13:34:58.387] [Server thread/WARN] [net.minecraft.server.MinecraftServer/]: Can't keep up! Is the server overloaded? Running 3075ms or 61 ticks behind
[10sept.2026 13:35:16.580] [Server thread/WARN] [net.minecraft.server.MinecraftServer/]: Can't keep up! Is the server overloaded? Running 2018ms or 40 ticks behind
[10sept.2026 13:35:35.829] [Server thread/WARN] [net.minecraft.server.MinecraftServer/]: Can't keep up! Is the server overloaded? Running 4267ms or 85 ticks behind
[10sept.2026 13:35:55.602] [Server thread/WARN] [net.minecraft.server.MinecraftServer/]: Can't keep up! Is the server overloaded? Running 4790ms or 95 ticks behind
[10sept.2026 13:36:14.528] [Server thread/WARN] [net.minecraft.server.MinecraftServer/]: Can't keep up! Is the server overloaded? Running 3965ms or 79 ticks behind
[10sept.2026 13:36:33.118] [Server thread/WARN] [net.minecraft.server.MinecraftServer/]: Can't keep up! Is the server overloaded? Running 3606ms or 72 ticks behind
[10sept.2026 13:36:50.847] [Server thread/WARN] [net.minecraft.server.MinecraftServer/]: Can't keep up! Is the server overloaded? Running 2736ms or 54 ticks behind
[10sept.2026 13:37:10.682] [Server thread/WARN] [net.minecraft.server.MinecraftServer/]: Can't keep up! Is the server overloaded? Running 4870ms or 97 ticks behind
[10sept.2026 13:37:29.521] [Server thread/WARN] [net.minecraft.server.MinecraftServer/]: Can't keep up! Is the server overloaded? Running 3859ms or 77 ticks behind
[10sept.2026 13:37:48.457] [Server thread/WARN] [net.minecraft.server.MinecraftServer/]: Can't keep up! Is the server overloaded? Running 3945ms or 78 ticks behind
[10sept.2026 13:38:08.973] [Server thread/WARN] [net.minecraft.server.MinecraftServer/]: Can't keep up! Is the server overloaded? Running 2011ms or 40 ticks behind
[10sept.2026 13:38:34.486] [Server thread/WARN] [net.minecraft.server.MinecraftServer/]: Can't keep up! Is the server overloaded? Running 2024ms or 40 ticks behind
[10sept.2026 13:38:58.666] [Server thread/WARN] [net.minecraft.server.MinecraftServer/]: Can't keep up! Is the server overloaded? Running 2004ms or 40 ticks behind
[10sept.2026 13:39:16.074] [Server thread/WARN] [net.minecraft.server.MinecraftServer/]: Can't keep up! Is the server overloaded? Running 2012ms or 40 ticks behind
[10sept.2026 13:39:33.793] [Server thread/WARN] [net.minecraft.server.MinecraftServer/]: Can't keep up! Is the server overloaded? Running 2731ms or 54 ticks behind
[10sept.2026 13:39:52.662] [Server thread/WARN] [net.minecraft.server.MinecraftServer/]: Can't keep up! Is the server overloaded? Running 2000ms or 40 ticks behind
[10sept.2026 13:40:09.962] [Server thread/WARN] [net.minecraft.server.MinecraftServer/]: Can't keep up! Is the server overloaded? Running 2000ms or 40 ticks behind
[10sept.2026 13:40:27.316] [Server thread/WARN] [net.minecraft.server.MinecraftServer/]: Can't keep up! Is the server overloaded? Running 2004ms or 40 ticks behind
[10sept.2026 13:40:45.926] [Server thread/WARN] [net.minecraft.server.MinecraftServer/]: Can't keep up! Is the server overloaded? Running 3614ms or 72 ticks behind
[10sept.2026 13:41:03.570] [Server thread/WARN] [net.minecraft.server.MinecraftServer/]: Can't keep up! Is the server overloaded? Running 2657ms or 53 ticks behind
[10sept.2026 13:41:21.816] [Server thread/WARN] [net.minecraft.server.MinecraftServer/]: Can't keep up! Is the server overloaded? Running 3253ms or 65 ticks behind
[10sept.2026 13:41:36.335] [Server thread/INFO] [AllTheLeaks/]: Listing events...
[10sept.2026 13:41:36.336] [Server thread/INFO] [AllTheLeaks/]: Listing memory leaks so far...
[10sept.2026 13:41:36.336] [Server thread/INFO] [AllTheLeaks/]: B: 858MB / C: 900MB / Diff: +42MB
[10sept.2026 13:41:36.337] [Server thread/INFO] [AllTheLeaks/]: No memory leak detected!
[10sept.2026 13:41:40.680] [Server thread/WARN] [net.minecraft.server.MinecraftServer/]: Can't keep up! Is the server overloaded? Running 3868ms or 77 ticks behind
[10sept.2026 13:41:58.780] [Server thread/WARN] [net.minecraft.server.MinecraftServer/]: Can't keep up! Is the server overloaded? Running 3118ms or 62 ticks behind
[10sept.2026 13:42:17.313] [Server thread/WARN] [net.minecraft.server.MinecraftServer/]: Can't keep up! Is the server overloaded? Running 3551ms or 71 ticks behind
[10sept.2026 13:42:36.037] [Server thread/WARN] [net.minecraft.server.MinecraftServer/]: Can't keep up! Is the server overloaded? Running 3724ms or 74 ticks behind
[10sept.2026 13:42:55.213] [Server thread/WARN] [net.minecraft.server.MinecraftServer/]: Can't keep up! Is the server overloaded? Running 4201ms or 84 ticks behind
[10sept.2026 13:43:14.447] [Server thread/WARN] [net.minecraft.server.MinecraftServer/]: Can't keep up! Is the server overloaded? Running 4235ms or 84 ticks behind
[10sept.2026 13:43:33.305] [Server thread/WARN] [net.minecraft.server.MinecraftServer/]: Can't keep up! Is the server overloaded? Running 3893ms or 77 ticks behind
[10sept.2026 13:43:51.678] [Server thread/WARN] [net.minecraft.server.MinecraftServer/]: Can't keep up! Is the server overloaded? Running 3416ms or 68 ticks behind
[10sept.2026 13:44:10.582] [Server thread/WARN] [net.minecraft.server.MinecraftServer/]: Can't keep up! Is the server overloaded? Running 3920ms or 78 ticks behind
[10sept.2026 13:44:28.856] [Server thread/WARN] [net.minecraft.server.MinecraftServer/]: Can't keep up! Is the server overloaded? Running 3294ms or 65 ticks behind
[10sept.2026 13:44:47.277] [Server thread/WARN] [net.minecraft.server.MinecraftServer/]: Can't keep up! Is the server overloaded? Running 3465ms or 69 ticks behind
[10sept.2026 13:45:04.879] [Server thread/WARN] [net.minecraft.server.MinecraftServer/]: Can't keep up! Is the server overloaded? Running 2617ms or 52 ticks behind
[10sept.2026 13:45:21.912] [Server thread/WARN] [net.minecraft.server.MinecraftServer/]: Can't keep up! Is the server overloaded? Running 2051ms or 41 ticks behind
[10sept.2026 13:45:39.551] [Server thread/WARN] [net.minecraft.server.MinecraftServer/]: Can't keep up! Is the server overloaded? Running 2638ms or 52 ticks behind
[10sept.2026 13:45:57.377] [Server thread/WARN] [net.minecraft.server.MinecraftServer/]: Can't keep up! Is the server overloaded? Running 2015ms or 40 ticks behind
[10sept.2026 13:46:14.439] [Server thread/WARN] [net.minecraft.server.MinecraftServer/]: Can't keep up! Is the server overloaded? Running 2077ms or 41 ticks behind
[10sept.2026 13:46:31.837] [Server thread/WARN] [net.minecraft.server.MinecraftServer/]: Can't keep up! Is the server overloaded? Running 2425ms or 48 ticks behind
[10sept.2026 13:46:49.775] [Server thread/WARN] [net.minecraft.server.MinecraftServer/]: Can't keep up! Is the server overloaded? Running 2963ms or 59 ticks behind
[10sept.2026 13:47:07.705] [Server thread/WARN] [net.minecraft.server.MinecraftServer/]: Can't keep up! Is the server overloaded? Running 2943ms or 58 ticks behind
[10sept.2026 13:47:24.698] [Server thread/WARN] [net.minecraft.server.MinecraftServer/]: Can't keep up! Is the server overloaded? Running 2036ms or 40 ticks behind
[10sept.2026 13:47:42.007] [Server thread/WARN] [net.minecraft.server.MinecraftServer/]: Can't keep up! Is the server overloaded? Running 2345ms or 46 ticks behind
[10sept.2026 13:47:59.108] [Server thread/WARN] [net.minecraft.server.MinecraftServer/]: Can't keep up! Is the server overloaded? Running 2146ms or 42 ticks behind
[10sept.2026 13:48:16.600] [Server thread/WARN] [net.minecraft.server.MinecraftServer/]: Can't keep up! Is the server overloaded? Running 2537ms or 50 ticks behind
[10sept.2026 13:48:33.893] [Server thread/WARN] [net.minecraft.server.MinecraftServer/]: Can't keep up! Is the server overloaded? Running 2331ms or 46 ticks behind
[10sept.2026 13:48:51.919] [Server thread/WARN] [net.minecraft.server.MinecraftServer/]: Can't keep up! Is the server overloaded? Running 3057ms or 61 ticks behind
[10sept.2026 13:49:11.422] [Server thread/WARN] [net.minecraft.server.MinecraftServer/]: Can't keep up! Is the server overloaded? Running 2011ms or 40 ticks behind
[10sept.2026 13:49:29.455] [Server thread/WARN] [net.minecraft.server.MinecraftServer/]: Can't keep up! Is the server overloaded? Running 3043ms or 60 ticks behind
[10sept.2026 13:49:48.427] [Server thread/WARN] [net.minecraft.server.MinecraftServer/]: Can't keep up! Is the server overloaded? Running 4015ms or 80 ticks behind
[10sept.2026 13:50:07.119] [Server thread/WARN] [net.minecraft.server.MinecraftServer/]: Can't keep up! Is the server overloaded? Running 3707ms or 74 ticks behind
[10sept.2026 13:50:24.514] [Server thread/WARN] [net.minecraft.server.MinecraftServer/]: Can't keep up! Is the server overloaded? Running 2402ms or 48 ticks behind
[10sept.2026 13:50:42.358] [Server thread/WARN] [net.minecraft.server.MinecraftServer/]: Can't keep up! Is the server overloaded? Running 2847ms or 56 ticks behind
[10sept.2026 13:50:59.854] [Server thread/WARN] [net.minecraft.server.MinecraftServer/]: Can't keep up! Is the server overloaded? Running 2542ms or 50 ticks behind
[10sept.2026 13:51:17.076] [Server thread/WARN] [net.minecraft.server.MinecraftServer/]: Can't keep up! Is the server overloaded? Running 2264ms or 45 ticks behind
[10sept.2026 13:51:34.133] [Server thread/WARN] [net.minecraft.server.MinecraftServer/]: Can't keep up! Is the server overloaded? Running 2072ms or 41 ticks behind
[10sept.2026 13:51:51.884] [Server thread/WARN] [net.minecraft.server.MinecraftServer/]: Can't keep up! Is the server overloaded? Running 2772ms or 55 ticks behind
[10sept.2026 13:52:09.034] [Server thread/WARN] [net.minecraft.server.MinecraftServer/]: Can't keep up! Is the server overloaded? Running 2172ms or 43 ticks behind
[10sept.2026 13:52:26.193] [Server thread/WARN] [net.minecraft.server.MinecraftServer/]: Can't keep up! Is the server overloaded? Running 2182ms or 43 ticks behind
[10sept.2026 13:52:43.270] [Server thread/WARN] [net.minecraft.server.MinecraftServer/]: Can't keep up! Is the server overloaded? Running 2107ms or 42 ticks behind
[10sept.2026 13:53:02.274] [Server thread/WARN] [net.minecraft.server.MinecraftServer/]: Can't keep up! Is the server overloaded? Running 2012ms or 40 ticks behind
[10sept.2026 13:53:19.622] [Server thread/WARN] [net.minecraft.server.MinecraftServer/]: Can't keep up! Is the server overloaded? Running 2360ms or 47 ticks behind
[10sept.2026 13:53:26.661] [Server thread/INFO] [AllTheLeaks/]: Listing events...
[10sept.2026 13:53:26.663] [Server thread/INFO] [AllTheLeaks/]: Listing memory leaks so far...
[10sept.2026 13:53:26.664] [Server thread/INFO] [AllTheLeaks/]: B: 858MB / C: 899MB / Diff: +41MB
[10sept.2026 13:53:26.664] [Server thread/INFO] [AllTheLeaks/]: No memory leak detected!
[10sept.2026 13:53:37.335] [Server thread/WARN] [net.minecraft.server.MinecraftServer/]: Can't keep up! Is the server overloaded? Running 2724ms or 54 ticks behind
[10sept.2026 13:53:54.550] [Server thread/WARN] [net.minecraft.server.MinecraftServer/]: Can't keep up! Is the server overloaded? Running 2238ms or 44 ticks behind
[10sept.2026 13:54:11.994] [Server thread/WARN] [net.minecraft.server.MinecraftServer/]: Can't keep up! Is the server overloaded? Running 2482ms or 49 ticks behind
[10sept.2026 13:54:29.013] [Server thread/WARN] [net.minecraft.server.MinecraftServer/]: Can't keep up! Is the server overloaded? Running 2051ms or 41 ticks behind
[10sept.2026 13:54:46.515] [Server thread/WARN] [net.minecraft.server.MinecraftServer/]: Can't keep up! Is the server overloaded? Running 2504ms or 50 ticks behind
[10sept.2026 13:55:04.053] [Server thread/WARN] [net.minecraft.server.MinecraftServer/]: Can't keep up! Is the server overloaded? Running 2541ms or 50 ticks behind
[10sept.2026 13:55:21.147] [Server thread/WARN] [net.minecraft.server.MinecraftServer/]: Can't keep up! Is the server overloaded? Running 2135ms or 42 ticks behind
[10sept.2026 13:55:39.570] [Server thread/WARN] [net.minecraft.server.MinecraftServer/]: Can't keep up! Is the server overloaded? Running 3441ms or 68 ticks behind
[10sept.2026 13:55:57.671] [Server thread/WARN] [net.minecraft.server.MinecraftServer/]: Can't keep up! Is the server overloaded? Running 3159ms or 63 ticks behind
[10sept.2026 13:56:14.719] [Server thread/WARN] [net.minecraft.server.MinecraftServer/]: Can't keep up! Is the server overloaded? Running 2058ms or 41 ticks behind
[10sept.2026 13:56:31.877] [Server thread/WARN] [net.minecraft.server.MinecraftServer/]: Can't keep up! Is the server overloaded? Running 2165ms or 43 ticks behind
[10sept.2026 13:56:49.151] [Server thread/WARN] [net.minecraft.server.MinecraftServer/]: Can't keep up! Is the server overloaded? Running 2289ms or 45 ticks behind
[10sept.2026 13:57:06.248] [Server thread/WARN] [net.minecraft.server.MinecraftServer/]: Can't keep up! Is the server overloaded? Running 2136ms or 42 ticks behind
[10sept.2026 13:57:23.262] [Server thread/WARN] [net.minecraft.server.MinecraftServer/]: Can't keep up! Is the server overloaded? Running 2000ms or 40 ticks behind
[10sept.2026 13:57:40.488] [Server thread/WARN] [net.minecraft.server.MinecraftServer/]: Can't keep up! Is the server overloaded? Running 2226ms or 44 ticks behind
[10sept.2026 13:57:57.616] [Server thread/WARN] [net.minecraft.server.MinecraftServer/]: Can't keep up! Is the server overloaded? Running 2153ms or 43 ticks behind
[10sept.2026 13:58:14.846] [Server thread/WARN] [net.minecraft.server.MinecraftServer/]: Can't keep up! Is the server overloaded? Running 2234ms or 44 ticks behind
[10sept.2026 13:58:32.239] [Server thread/WARN] [net.minecraft.server.MinecraftServer/]: Can't keep up! Is the server overloaded? Running 2427ms or 48 ticks behind
[10sept.2026 13:58:49.319] [Server thread/WARN] [net.minecraft.server.MinecraftServer/]: Can't keep up! Is the server overloaded? Running 2107ms or 42 ticks behind
[10sept.2026 13:59:06.657] [Server thread/WARN] [net.minecraft.server.MinecraftServer/]: Can't keep up! Is the server overloaded? Running 2345ms or 46 ticks behind
[10sept.2026 13:59:23.927] [Server thread/WARN] [net.minecraft.server.MinecraftServer/]: Can't keep up! Is the server overloaded? Running 2314ms or 46 ticks behind
[10sept.2026 13:59:41.248] [Server thread/WARN] [net.minecraft.server.MinecraftServer/]: Can't keep up! Is the server overloaded? Running 2337ms or 46 ticks behind
[10sept.2026 13:59:58.610] [Server thread/WARN] [net.minecraft.server.MinecraftServer/]: Can't keep up! Is the server overloaded? Running 2398ms or 47 ticks behind
[10sept.2026 14:00:19.041] [Server thread/WARN] [net.minecraft.server.MinecraftServer/]: Can't keep up! Is the server overloaded? Running 2029ms or 40 ticks behind
[10sept.2026 14:00:38.463] [Server thread/WARN] [net.minecraft.server.MinecraftServer/]: Can't keep up! Is the server overloaded? Running 2000ms or 40 ticks behind
[10sept.2026 14:00:57.018] [Server thread/WARN] [net.minecraft.server.MinecraftServer/]: Can't keep up! Is the server overloaded? Running 2006ms or 40 ticks behind
[10sept.2026 14:01:14.140] [Server thread/WARN] [net.minecraft.server.MinecraftServer/]: Can't keep up! Is the server overloaded? Running 2128ms or 42 ticks behind
[10sept.2026 14:01:31.292] [Server thread/WARN] [net.minecraft.server.MinecraftServer/]: Can't keep up! Is the server overloaded? Running 2181ms or 43 ticks behind
[10sept.2026 14:01:48.689] [Server thread/WARN] [net.minecraft.server.MinecraftServer/]: Can't keep up! Is the server overloaded? Running 2427ms or 48 ticks behind
[10sept.2026 14:02:06.728] [Server thread/WARN] [net.minecraft.server.MinecraftServer/]: Can't keep up! Is the server overloaded? Running 3067ms or 61 ticks behind
[10sept.2026 14:02:23.721] [Server thread/WARN] [net.minecraft.server.MinecraftServer/]: Can't keep up! Is the server overloaded? Running 2009ms or 40 ticks behind
[10sept.2026 14:02:55.062] [Server thread/WARN] [net.minecraft.server.MinecraftServer/]: Can't keep up! Is the server overloaded? Running 2001ms or 40 ticks behind
[10sept.2026 14:03:12.647] [Server thread/WARN] [net.minecraft.server.MinecraftServer/]: Can't keep up! Is the server overloaded? Running 2585ms or 51 ticks behind
[10sept.2026 14:03:30.557] [Server thread/WARN] [net.minecraft.server.MinecraftServer/]: Can't keep up! Is the server overloaded? Running 2946ms or 58 ticks behind
[10sept.2026 14:03:48.122] [Server thread/WARN] [net.minecraft.server.MinecraftServer/]: Can't keep up! Is the server overloaded? Running 2611ms or 52 ticks behind
[10sept.2026 14:04:05.796] [Server thread/WARN] [net.minecraft.server.MinecraftServer/]: Can't keep up! Is the server overloaded? Running 2685ms or 53 ticks behind
[10sept.2026 14:04:23.445] [Server thread/WARN] [net.minecraft.server.MinecraftServer/]: Can't keep up! Is the server overloaded? Running 2684ms or 53 ticks behind
[10sept.2026 14:04:40.938] [Server thread/WARN] [net.minecraft.server.MinecraftServer/]: Can't keep up! Is the server overloaded? Running 2526ms or 50 ticks behind
[10sept.2026 14:04:57.926] [Server thread/INFO] [AllTheLeaks/]: Listing events...
[10sept.2026 14:04:57.927] [Server thread/INFO] [AllTheLeaks/]: Listing memory leaks so far...
[10sept.2026 14:04:57.927] [Server thread/INFO] [AllTheLeaks/]: B: 858MB / C: 913MB / Diff: +55MB
[10sept.2026 14:04:57.927] [Server thread/INFO] [AllTheLeaks/]: No memory leak detected!
[10sept.2026 14:04:58.983] [Server thread/WARN] [net.minecraft.server.MinecraftServer/]: Can't keep up! Is the server overloaded? Running 3071ms or 61 ticks behind
[10sept.2026 14:05:17.408] [Server thread/WARN] [net.minecraft.server.MinecraftServer/]: Can't keep up! Is the server overloaded? Running 3447ms or 68 ticks behind
[10sept.2026 14:05:35.649] [Server thread/WARN] [net.minecraft.server.MinecraftServer/]: Can't keep up! Is the server overloaded? Running 3287ms or 65 ticks behind
[10sept.2026 14:05:53.014] [Server thread/WARN] [net.minecraft.server.MinecraftServer/]: Can't keep up! Is the server overloaded? Running 2402ms or 48 ticks behind
[10sept.2026 14:06:10.365] [Server thread/WARN] [net.minecraft.server.MinecraftServer/]: Can't keep up! Is the server overloaded? Running 2353ms or 47 ticks behind
[10sept.2026 14:06:27.667] [Server thread/WARN] [net.minecraft.server.MinecraftServer/]: Can't keep up! Is the server overloaded? Running 2305ms or 46 ticks behind
[10sept.2026 14:06:44.823] [Server thread/WARN] [net.minecraft.server.MinecraftServer/]: Can't keep up! Is the server overloaded? Running 2161ms or 43 ticks behind
[10sept.2026 14:07:01.877] [Server thread/WARN] [net.minecraft.server.MinecraftServer/]: Can't keep up! Is the server overloaded? Running 2015ms or 40 ticks behind
[10sept.2026 14:07:19.136] [Server thread/WARN] [net.minecraft.server.MinecraftServer/]: Can't keep up! Is the server overloaded? Running 2274ms or 45 ticks behind
[10sept.2026 14:07:36.148] [Server thread/WARN] [net.minecraft.server.MinecraftServer/]: Can't keep up! Is the server overloaded? Running 2036ms or 40 ticks behind
[10sept.2026 14:07:53.874] [Server thread/WARN] [net.minecraft.server.MinecraftServer/]: Can't keep up! Is the server overloaded? Running 2012ms or 40 ticks behind
[10sept.2026 14:08:11.490] [Server thread/WARN] [net.minecraft.server.MinecraftServer/]: Can't keep up! Is the server overloaded? Running 2628ms or 52 ticks behind
[10sept.2026 14:08:29.029] [Server thread/WARN] [net.minecraft.server.MinecraftServer/]: Can't keep up! Is the server overloaded? Running 2568ms or 51 ticks behind
[10sept.2026 14:08:48.026] [Server thread/WARN] [net.minecraft.server.MinecraftServer/]: Can't keep up! Is the server overloaded? Running 4015ms or 80 ticks behind
[10sept.2026 14:09:06.529] [Server thread/WARN] [net.minecraft.server.MinecraftServer/]: Can't keep up! Is the server overloaded? Running 3517ms or 70 ticks behind
[10sept.2026 14:09:25.129] [Server thread/WARN] [net.minecraft.server.MinecraftServer/]: Can't keep up! Is the server overloaded? Running 2017ms or 40 ticks behind
[10sept.2026 14:09:44.133] [Server thread/WARN] [net.minecraft.server.MinecraftServer/]: Can't keep up! Is the server overloaded? Running 4021ms or 80 ticks behind
[10sept.2026 14:10:04.475] [Server thread/WARN] [net.minecraft.server.MinecraftServer/]: Can't keep up! Is the server overloaded? Running 5364ms or 107 ticks behind
[10sept.2026 14:10:23.031] [Server thread/WARN] [net.minecraft.server.MinecraftServer/]: Can't keep up! Is the server overloaded? Running 3569ms or 71 ticks behind
[10sept.2026 14:10:40.977] [Server thread/WARN] [net.minecraft.server.MinecraftServer/]: Can't keep up! Is the server overloaded? Running 2966ms or 59 ticks behind
[10sept.2026 14:10:59.640] [Server thread/WARN] [net.minecraft.server.MinecraftServer/]: Can't keep up! Is the server overloaded? Running 3677ms or 73 ticks behind
[10sept.2026 14:11:18.078] [Server thread/WARN] [net.minecraft.server.MinecraftServer/]: Can't keep up! Is the server overloaded? Running 3466ms or 69 ticks behind
[10sept.2026 14:11:37.714] [Server thread/WARN] [net.minecraft.server.MinecraftServer/]: Can't keep up! Is the server overloaded? Running 4653ms or 93 ticks behind
[10sept.2026 14:12:03.170] [Server thread/WARN] [net.minecraft.server.MinecraftServer/]: Can't keep up! Is the server overloaded? Running 7936ms or 158 ticks behind
[10sept.2026 14:12:21.698] [Server thread/WARN] [net.minecraft.server.MinecraftServer/]: Can't keep up! Is the server overloaded? Running 3564ms or 71 ticks behind
[10sept.2026 14:12:40.310] [Server thread/WARN] [net.minecraft.server.MinecraftServer/]: Can't keep up! Is the server overloaded? Running 3625ms or 72 ticks behind
[10sept.2026 14:12:58.436] [Server thread/WARN] [net.minecraft.server.MinecraftServer/]: Can't keep up! Is the server overloaded? Running 3152ms or 63 ticks behind
[10sept.2026 14:13:16.752] [Server thread/WARN] [net.minecraft.server.MinecraftServer/]: Can't keep up! Is the server overloaded? Running 3317ms or 66 ticks behind
[10sept.2026 14:13:35.275] [Server thread/WARN] [net.minecraft.server.MinecraftServer/]: Can't keep up! Is the server overloaded? Running 3541ms or 70 ticks behind
[10sept.2026 14:13:54.553] [Server thread/WARN] [net.minecraft.server.MinecraftServer/]: Can't keep up! Is the server overloaded? Running 4318ms or 86 ticks behind
[10sept.2026 14:14:17.113] [Server thread/WARN] [net.minecraft.server.MinecraftServer/]: Can't keep up! Is the server overloaded? Running 7578ms or 151 ticks behind
[10sept.2026 14:14:40.197] [Server thread/WARN] [net.minecraft.server.MinecraftServer/]: Can't keep up! Is the server overloaded? Running 8112ms or 162 ticks behind
[10sept.2026 14:15:01.690] [Server thread/WARN] [net.minecraft.server.MinecraftServer/]: Can't keep up! Is the server overloaded? Running 6505ms or 130 ticks behind
[10sept.2026 14:15:24.294] [Server thread/WARN] [net.minecraft.server.MinecraftServer/]: Can't keep up! Is the server overloaded? Running 7610ms or 152 ticks behind
[10sept.2026 14:15:46.457] [Server thread/WARN] [net.minecraft.server.MinecraftServer/]: Can't keep up! Is the server overloaded? Running 7173ms or 143 ticks behind
[10sept.2026 14:16:08.175] [Server thread/WARN] [net.minecraft.server.MinecraftServer/]: Can't keep up! Is the server overloaded? Running 6740ms or 134 ticks behind
[10sept.2026 14:16:28.045] [Server thread/WARN] [net.minecraft.server.MinecraftServer/]: Can't keep up! Is the server overloaded? Running 4910ms or 98 ticks behind
[10sept.2026 14:16:47.973] [Server thread/WARN] [net.minecraft.server.MinecraftServer/]: Can't keep up! Is the server overloaded? Running 4938ms or 98 ticks behind
[10sept.2026 14:17:06.792] [Server thread/WARN] [net.minecraft.server.MinecraftServer/]: Can't keep up! Is the server overloaded? Running 3858ms or 77 ticks behind
[10sept.2026 14:17:25.494] [Server thread/WARN] [net.minecraft.server.MinecraftServer/]: Can't keep up! Is the server overloaded? Running 3709ms or 74 ticks behind
[10sept.2026 14:17:40.312] [Server thread/INFO] [AllTheLeaks/]: Listing events...
[10sept.2026 14:17:40.312] [Server thread/INFO] [AllTheLeaks/]: Listing memory leaks so far...
[10sept.2026 14:17:40.313] [Server thread/INFO] [AllTheLeaks/]: B: 858MB / C: 954MB / Diff: +96MB
[10sept.2026 14:17:40.313] [Server thread/INFO] [AllTheLeaks/]: No memory leak detected!
[10sept.2026 14:17:44.496] [Server thread/WARN] [net.minecraft.server.MinecraftServer/]: Can't keep up! Is the server overloaded? Running 4010ms or 80 ticks behind
[10sept.2026 14:18:03.692] [Server thread/WARN] [net.minecraft.server.MinecraftServer/]: Can't keep up! Is the server overloaded? Running 4208ms or 84 ticks behind
[10sept.2026 14:18:21.879] [Server thread/WARN] [net.minecraft.server.MinecraftServer/]: Can't keep up! Is the server overloaded? Running 3194ms or 63 ticks behind
[10sept.2026 14:18:40.022] [Server thread/WARN] [net.minecraft.server.MinecraftServer/]: Can't keep up! Is the server overloaded? Running 3187ms or 63 ticks behind
[10sept.2026 14:18:58.592] [Server thread/WARN] [net.minecraft.server.MinecraftServer/]: Can't keep up! Is the server overloaded? Running 3607ms or 72 ticks behind
[10sept.2026 14:19:17.391] [Server thread/WARN] [net.minecraft.server.MinecraftServer/]: Can't keep up! Is the server overloaded? Running 3806ms or 76 ticks behind
[10sept.2026 14:19:35.696] [Server thread/WARN] [net.minecraft.server.MinecraftServer/]: Can't keep up! Is the server overloaded? Running 3312ms or 66 ticks behind
[10sept.2026 14:19:54.612] [Server thread/WARN] [net.minecraft.server.MinecraftServer/]: Can't keep up! Is the server overloaded? Running 3928ms or 78 ticks behind
[10sept.2026 14:20:13.199] [Server thread/WARN] [net.minecraft.server.MinecraftServer/]: Can't keep up! Is the server overloaded? Running 3614ms or 72 ticks behind
[10sept.2026 14:20:31.250] [Server thread/WARN] [net.minecraft.server.MinecraftServer/]: Can't keep up! Is the server overloaded? Running 3065ms or 61 ticks behind
[10sept.2026 14:20:49.960] [Server thread/WARN] [net.minecraft.server.MinecraftServer/]: Can't keep up! Is the server overloaded? Running 3725ms or 74 ticks behind
[10sept.2026 14:21:08.938] [Server thread/WARN] [net.minecraft.server.MinecraftServer/]: Can't keep up! Is the server overloaded? Running 4003ms or 80 ticks behind
[10sept.2026 14:21:26.747] [Server thread/WARN] [net.minecraft.server.MinecraftServer/]: Can't keep up! Is the server overloaded? Running 2812ms or 56 ticks behind
[10sept.2026 14:21:45.506] [Server thread/WARN] [net.minecraft.server.MinecraftServer/]: Can't keep up! Is the server overloaded? Running 3771ms or 75 ticks behind
[10sept.2026 14:22:02.996] [Server thread/WARN] [net.minecraft.server.MinecraftServer/]: Can't keep up! Is the server overloaded? Running 2511ms or 50 ticks behind
[10sept.2026 14:22:21.541] [Server thread/WARN] [net.minecraft.server.MinecraftServer/]: Can't keep up! Is the server overloaded? Running 2006ms or 40 ticks behind
[10sept.2026 14:22:39.736] [Server thread/WARN] [net.minecraft.server.MinecraftServer/]: Can't keep up! Is the server overloaded? Running 2001ms or 40 ticks behind
[10sept.2026 14:22:56.835] [Server thread/WARN] [net.minecraft.server.MinecraftServer/]: Can't keep up! Is the server overloaded? Running 2100ms or 42 ticks behind
[10sept.2026 14:23:14.585] [Server thread/WARN] [net.minecraft.server.MinecraftServer/]: Can't keep up! Is the server overloaded? Running 2000ms or 40 ticks behind
[10sept.2026 14:23:31.588] [Server thread/WARN] [net.minecraft.server.MinecraftServer/]: Can't keep up! Is the server overloaded? Running 2003ms or 40 ticks behind
[10sept.2026 14:23:49.107] [Server thread/WARN] [net.minecraft.server.MinecraftServer/]: Can't keep up! Is the server overloaded? Running 2522ms or 50 ticks behind
[10sept.2026 14:24:07.673] [Server thread/WARN] [net.minecraft.server.MinecraftServer/]: Can't keep up! Is the server overloaded? Running 3588ms or 71 ticks behind
[10sept.2026 14:24:25.341] [Server thread/WARN] [net.minecraft.server.MinecraftServer/]: Can't keep up! Is the server overloaded? Running 2706ms or 54 ticks behind
[10sept.2026 14:24:42.338] [Server thread/WARN] [net.minecraft.server.MinecraftServer/]: Can't keep up! Is the server overloaded? Running 2003ms or 40 ticks behind
[10sept.2026 14:25:01.146] [Server thread/WARN] [net.minecraft.server.MinecraftServer/]: Can't keep up! Is the server overloaded? Running 2011ms or 40 ticks behind
[10sept.2026 14:25:19.491] [Server thread/WARN] [net.minecraft.server.MinecraftServer/]: Can't keep up! Is the server overloaded? Running 2006ms or 40 ticks behind
[10sept.2026 14:25:36.539] [Server thread/WARN] [net.minecraft.server.MinecraftServer/]: Can't keep up! Is the server overloaded? Running 2054ms or 41 ticks behind
[10sept.2026 14:25:54.785] [Server thread/WARN] [net.minecraft.server.MinecraftServer/]: Can't keep up! Is the server overloaded? Running 2000ms or 40 ticks behind
[10sept.2026 14:26:12.197] [Server thread/WARN] [net.minecraft.server.MinecraftServer/]: Can't keep up! Is the server overloaded? Running 2012ms or 40 ticks behind
[10sept.2026 14:26:32.558] [Server thread/WARN] [net.minecraft.server.MinecraftServer/]: Can't keep up! Is the server overloaded? Running 5373ms or 107 ticks behind
[10sept.2026 14:26:51.828] [Server thread/WARN] [net.minecraft.server.MinecraftServer/]: Can't keep up! Is the server overloaded? Running 4293ms or 85 ticks behind
[10sept.2026 14:27:10.475] [Server thread/WARN] [net.minecraft.server.MinecraftServer/]: Can't keep up! Is the server overloaded? Running 3690ms or 73 ticks behind
[10sept.2026 14:27:31.746] [Server thread/WARN] [net.minecraft.server.MinecraftServer/]: Can't keep up! Is the server overloaded? Running 2011ms or 40 ticks behind
[10sept.2026 14:27:51.598] [Server thread/WARN] [net.minecraft.server.MinecraftServer/]: Can't keep up! Is the server overloaded? Running 2013ms or 40 ticks behind
[10sept.2026 14:28:09.865] [Server thread/WARN] [net.minecraft.server.MinecraftServer/]: Can't keep up! Is the server overloaded? Running 3281ms or 65 ticks behind
[10sept.2026 14:28:27.711] [Server thread/WARN] [net.minecraft.server.MinecraftServer/]: Can't keep up! Is the server overloaded? Running 2877ms or 57 ticks behind
[10sept.2026 14:28:45.989] [Server thread/WARN] [net.minecraft.server.MinecraftServer/]: Can't keep up! Is the server overloaded? Running 3304ms or 66 ticks behind
[10sept.2026 14:29:04.985] [Server thread/WARN] [net.minecraft.server.MinecraftServer/]: Can't keep up! Is the server overloaded? Running 4001ms or 80 ticks behind
[10sept.2026 14:29:24.833] [Server thread/WARN] [net.minecraft.server.MinecraftServer/]: Can't keep up! Is the server overloaded? Running 4848ms or 96 ticks behind
[10sept.2026 14:29:39.332] [Server thread/INFO] [AllTheLeaks/]: Listing events...
[10sept.2026 14:29:39.333] [Server thread/INFO] [AllTheLeaks/]: Listing memory leaks so far...
[10sept.2026 14:29:39.333] [Server thread/INFO] [AllTheLeaks/]: B: 858MB / C: 965MB / Diff: +107MB
[10sept.2026 14:29:39.333] [Server thread/INFO] [AllTheLeaks/]: No memory leak detected!
[10sept.2026 14:29:44.371] [Server thread/WARN] [net.minecraft.server.MinecraftServer/]: Can't keep up! Is the server overloaded? Running 4585ms or 91 ticks behind
[10sept.2026 14:30:02.288] [Server thread/WARN] [net.minecraft.server.MinecraftServer/]: Can't keep up! Is the server overloaded? Running 2953ms or 59 ticks behind
[10sept.2026 14:30:22.868] [Server thread/WARN] [net.minecraft.server.MinecraftServer/]: Can't keep up! Is the server overloaded? Running 5583ms or 111 ticks behind
[10sept.2026 14:30:40.824] [Server thread/WARN] [net.minecraft.server.MinecraftServer/]: Can't keep up! Is the server overloaded? Running 2988ms or 59 ticks behind
[10sept.2026 14:30:58.047] [Server thread/WARN] [net.minecraft.server.MinecraftServer/]: Can't keep up! Is the server overloaded? Running 2262ms or 45 ticks behind
[10sept.2026 14:31:15.538] [Server thread/WARN] [net.minecraft.server.MinecraftServer/]: Can't keep up! Is the server overloaded? Running 2503ms or 50 ticks behind
[10sept.2026 14:31:33.666] [Server thread/WARN] [net.minecraft.server.MinecraftServer/]: Can't keep up! Is the server overloaded? Running 3131ms or 62 ticks behind
[10sept.2026 14:31:51.305] [Server thread/WARN] [net.minecraft.server.MinecraftServer/]: Can't keep up! Is the server overloaded? Running 2671ms or 53 ticks behind
[10sept.2026 14:32:08.952] [Server thread/WARN] [net.minecraft.server.MinecraftServer/]: Can't keep up! Is the server overloaded? Running 2667ms or 53 ticks behind
[10sept.2026 14:32:26.771] [Server thread/WARN] [net.minecraft.server.MinecraftServer/]: Can't keep up! Is the server overloaded? Running 2836ms or 56 ticks behind
[10sept.2026 14:32:44.763] [Server thread/WARN] [net.minecraft.server.MinecraftServer/]: Can't keep up! Is the server overloaded? Running 3028ms or 60 ticks behind
[10sept.2026 14:33:03.138] [Server thread/WARN] [net.minecraft.server.MinecraftServer/]: Can't keep up! Is the server overloaded? Running 3403ms or 68 ticks behind
[10sept.2026 14:33:21.231] [Server thread/WARN] [net.minecraft.server.MinecraftServer/]: Can't keep up! Is the server overloaded? Running 3097ms or 61 ticks behind
[10sept.2026 14:33:38.647] [Server thread/WARN] [net.minecraft.server.MinecraftServer/]: Can't keep up! Is the server overloaded? Running 2462ms or 49 ticks behind
[10sept.2026 14:33:56.023] [Server thread/WARN] [net.minecraft.server.MinecraftServer/]: Can't keep up! Is the server overloaded? Running 2388ms or 47 ticks behind
[10sept.2026 14:34:14.126] [Server thread/WARN] [net.minecraft.server.MinecraftServer/]: Can't keep up! Is the server overloaded? Running 3142ms or 62 ticks behind
[10sept.2026 14:34:32.686] [Server thread/WARN] [net.minecraft.server.MinecraftServer/]: Can't keep up! Is the server overloaded? Running 3601ms or 72 ticks behind
[10sept.2026 14:34:50.891] [Server thread/WARN] [net.minecraft.server.MinecraftServer/]: Can't keep up! Is the server overloaded? Running 3206ms or 64 ticks behind
[10sept.2026 14:35:09.911] [Server thread/WARN] [net.minecraft.server.MinecraftServer/]: Can't keep up! Is the server overloaded? Running 4026ms or 80 ticks behind
[10sept.2026 14:35:28.077] [Server thread/WARN] [net.minecraft.server.MinecraftServer/]: Can't keep up! Is the server overloaded? Running 3192ms or 63 ticks behind
[10sept.2026 14:35:46.588] [Server thread/WARN] [net.minecraft.server.MinecraftServer/]: Can't keep up! Is the server overloaded? Running 3552ms or 71 ticks behind
[10sept.2026 14:36:07.437] [Server thread/WARN] [net.minecraft.server.MinecraftServer/]: Can't keep up! Is the server overloaded? Running 5852ms or 117 ticks behind
[10sept.2026 14:36:27.702] [Server thread/WARN] [net.minecraft.server.MinecraftServer/]: Can't keep up! Is the server overloaded? Running 5268ms or 105 ticks behind
[10sept.2026 14:36:45.729] [Server thread/WARN] [net.minecraft.server.MinecraftServer/]: Can't keep up! Is the server overloaded? Running 3044ms or 60 ticks behind
[10sept.2026 14:37:03.827] [Server thread/WARN] [net.minecraft.server.MinecraftServer/]: Can't keep up! Is the server overloaded? Running 3142ms or 62 ticks behind
[10sept.2026 14:37:22.151] [Server thread/WARN] [net.minecraft.server.MinecraftServer/]: Can't keep up! Is the server overloaded? Running 3366ms or 67 ticks behind
[10sept.2026 14:37:40.975] [Server thread/WARN] [net.minecraft.server.MinecraftServer/]: Can't keep up! Is the server overloaded? Running 3840ms or 76 ticks behind
[10sept.2026 14:38:01.043] [Server thread/WARN] [net.minecraft.server.MinecraftServer/]: Can't keep up! Is the server overloaded? Running 5107ms or 102 ticks behind
[10sept.2026 14:38:21.864] [Server thread/WARN] [net.minecraft.server.MinecraftServer/]: Can't keep up! Is the server overloaded? Running 5829ms or 116 ticks behind
[10sept.2026 14:38:41.799] [Server thread/WARN] [net.minecraft.server.MinecraftServer/]: Can't keep up! Is the server overloaded? Running 4964ms or 99 ticks behind
[10sept.2026 14:39:03.285] [Server thread/WARN] [net.minecraft.server.MinecraftServer/]: Can't keep up! Is the server overloaded? Running 6501ms or 130 ticks behind
[10sept.2026 14:39:20.972] [Server thread/WARN] [net.minecraft.server.MinecraftServer/]: Can't keep up! Is the server overloaded? Running 2687ms or 53 ticks behind
[10sept.2026 14:39:38.780] [Server thread/WARN] [net.minecraft.server.MinecraftServer/]: Can't keep up! Is the server overloaded? Running 2845ms or 56 ticks behind
[10sept.2026 14:39:56.319] [Server thread/WARN] [net.minecraft.server.MinecraftServer/]: Can't keep up! Is the server overloaded? Running 2584ms or 51 ticks behind
[10sept.2026 14:40:13.755] [Server thread/WARN] [net.minecraft.server.MinecraftServer/]: Can't keep up! Is the server overloaded? Running 2470ms or 49 ticks behind
[10sept.2026 14:40:32.096] [Server thread/WARN] [net.minecraft.server.MinecraftServer/]: Can't keep up! Is the server overloaded? Running 3361ms or 67 ticks behind
[10sept.2026 14:40:51.645] [Server thread/WARN] [net.minecraft.server.MinecraftServer/]: Can't keep up! Is the server overloaded? Running 4561ms or 91 ticks behind
[10sept.2026 14:41:11.031] [Server thread/WARN] [net.minecraft.server.MinecraftServer/]: Can't keep up! Is the server overloaded? Running 4395ms or 87 ticks behind
[10sept.2026 14:41:28.972] [Server thread/WARN] [net.minecraft.server.MinecraftServer/]: Can't keep up! Is the server overloaded? Running 2987ms or 59 ticks behind
[10sept.2026 14:41:48.014] [Server thread/WARN] [net.minecraft.server.MinecraftServer/]: Can't keep up! Is the server overloaded? Running 4079ms or 81 ticks behind
[10sept.2026 14:42:02.422] [Server thread/INFO] [AllTheLeaks/]: Listing events...
[10sept.2026 14:42:02.422] [Server thread/INFO] [AllTheLeaks/]: Listing memory leaks so far...
[10sept.2026 14:42:02.422] [Server thread/INFO] [AllTheLeaks/]: B: 858MB / C: 969MB / Diff: +111MB
[10sept.2026 14:42:02.424] [Server thread/INFO] [AllTheLeaks/]: No memory leak detected!
[10sept.2026 14:42:06.037] [Server thread/WARN] [net.minecraft.server.MinecraftServer/]: Can't keep up! Is the server overloaded? Running 3053ms or 61 ticks behind
[10sept.2026 14:42:23.541] [Server thread/WARN] [net.minecraft.server.MinecraftServer/]: Can't keep up! Is the server overloaded? Running 2006ms or 40 ticks behind
[10sept.2026 14:42:42.146] [Server thread/WARN] [net.minecraft.server.MinecraftServer/]: Can't keep up! Is the server overloaded? Running 3612ms or 72 ticks behind
[10sept.2026 14:42:59.982] [Server thread/WARN] [net.minecraft.server.MinecraftServer/]: Can't keep up! Is the server overloaded? Running 2848ms or 56 ticks behind
[10sept.2026 14:43:17.376] [Server thread/WARN] [net.minecraft.server.MinecraftServer/]: Can't keep up! Is the server overloaded? Running 2442ms or 48 ticks behind
[10sept.2026 14:43:34.677] [Server thread/WARN] [net.minecraft.server.MinecraftServer/]: Can't keep up! Is the server overloaded? Running 2342ms or 46 ticks behind
[10sept.2026 14:43:52.351] [Server thread/WARN] [net.minecraft.server.MinecraftServer/]: Can't keep up! Is the server overloaded? Running 2716ms or 54 ticks behind
[10sept.2026 14:44:10.595] [Server thread/WARN] [net.minecraft.server.MinecraftServer/]: Can't keep up! Is the server overloaded? Running 3260ms or 65 ticks behind
[10sept.2026 14:44:28.959] [Server thread/WARN] [net.minecraft.server.MinecraftServer/]: Can't keep up! Is the server overloaded? Running 3374ms or 67 ticks behind
[10sept.2026 14:44:48.191] [Server thread/WARN] [net.minecraft.server.MinecraftServer/]: Can't keep up! Is the server overloaded? Running 4256ms or 85 ticks behind
[10sept.2026 14:45:07.674] [Server thread/WARN] [net.minecraft.server.MinecraftServer/]: Can't keep up! Is the server overloaded? Running 4489ms or 89 ticks behind
[10sept.2026 14:45:26.004] [Server thread/WARN] [net.minecraft.server.MinecraftServer/]: Can't keep up! Is the server overloaded? Running 3370ms or 67 ticks behind
[10sept.2026 14:45:44.874] [Server thread/WARN] [net.minecraft.server.MinecraftServer/]: Can't keep up! Is the server overloaded? Running 3889ms or 77 ticks behind
[10sept.2026 14:46:03.819] [Server thread/WARN] [net.minecraft.server.MinecraftServer/]: Can't keep up! Is the server overloaded? Running 3984ms or 79 ticks behind
[10sept.2026 14:46:23.936] [Server thread/WARN] [net.minecraft.server.MinecraftServer/]: Can't keep up! Is the server overloaded? Running 5151ms or 103 ticks behind
[10sept.2026 14:46:41.916] [Server thread/WARN] [net.minecraft.server.MinecraftServer/]: Can't keep up! Is the server overloaded? Running 2981ms or 59 ticks behind
[10sept.2026 14:47:00.049] [Server thread/WARN] [net.minecraft.server.MinecraftServer/]: Can't keep up! Is the server overloaded? Running 3164ms or 63 ticks behind
[10sept.2026 14:47:17.787] [Server thread/WARN] [net.minecraft.server.MinecraftServer/]: Can't keep up! Is the server overloaded? Running 2752ms or 55 ticks behind
[10sept.2026 14:47:38.843] [Server thread/WARN] [net.minecraft.server.MinecraftServer/]: Can't keep up! Is the server overloaded? Running 2009ms or 40 ticks behind
[10sept.2026 14:47:56.187] [Server thread/WARN] [net.minecraft.server.MinecraftServer/]: Can't keep up! Is the server overloaded? Running 2003ms or 40 ticks behind
[10sept.2026 14:48:13.699] [Server thread/WARN] [net.minecraft.server.MinecraftServer/]: Can't keep up! Is the server overloaded? Running 2514ms or 50 ticks behind
[10sept.2026 14:48:31.057] [Server thread/WARN] [net.minecraft.server.MinecraftServer/]: Can't keep up! Is the server overloaded? Running 2372ms or 47 ticks behind
[10sept.2026 14:48:48.801] [Server thread/WARN] [net.minecraft.server.MinecraftServer/]: Can't keep up! Is the server overloaded? Running 2766ms or 55 ticks behind
[10sept.2026 14:49:06.884] [Server thread/WARN] [net.minecraft.server.MinecraftServer/]: Can't keep up! Is the server overloaded? Running 3100ms or 62 ticks behind
[10sept.2026 14:49:26.685] [Server thread/WARN] [net.minecraft.server.MinecraftServer/]: Can't keep up! Is the server overloaded? Running 4799ms or 95 ticks behind
[10sept.2026 14:49:44.253] [Server thread/WARN] [net.minecraft.server.MinecraftServer/]: Can't keep up! Is the server overloaded? Running 2618ms or 52 ticks behind
[10sept.2026 14:50:05.115] [Server thread/WARN] [net.minecraft.server.MinecraftServer/]: Can't keep up! Is the server overloaded? Running 5880ms or 117 ticks behind
[10sept.2026 14:50:26.078] [Server thread/WARN] [net.minecraft.server.MinecraftServer/]: Can't keep up! Is the server overloaded? Running 5993ms or 119 ticks behind
[10sept.2026 14:50:44.998] [Server thread/WARN] [net.minecraft.server.MinecraftServer/]: Can't keep up! Is the server overloaded? Running 3962ms or 79 ticks behind
[10sept.2026 14:51:03.369] [Server thread/WARN] [net.minecraft.server.MinecraftServer/]: Can't keep up! Is the server overloaded? Running 3384ms or 67 ticks behind
[10sept.2026 14:51:22.054] [Server thread/WARN] [net.minecraft.server.MinecraftServer/]: Can't keep up! Is the server overloaded? Running 3720ms or 74 ticks behind
[10sept.2026 14:51:40.512] [Server thread/WARN] [net.minecraft.server.MinecraftServer/]: Can't keep up! Is the server overloaded? Running 3477ms or 69 ticks behind
[10sept.2026 14:51:59.544] [Server thread/WARN] [net.minecraft.server.MinecraftServer/]: Can't keep up! Is the server overloaded? Running 4059ms or 81 ticks behind
[10sept.2026 14:52:18.405] [Server thread/WARN] [net.minecraft.server.MinecraftServer/]: Can't keep up! Is the server overloaded? Running 3870ms or 77 ticks behind
[10sept.2026 14:52:37.047] [Server thread/WARN] [net.minecraft.server.MinecraftServer/]: Can't keep up! Is the server overloaded? Running 3662ms or 73 ticks behind
[10sept.2026 14:52:54.773] [Server thread/WARN] [net.minecraft.server.MinecraftServer/]: Can't keep up! Is the server overloaded? Running 2739ms or 54 ticks behind
[10sept.2026 14:53:13.351] [Server thread/WARN] [net.minecraft.server.MinecraftServer/]: Can't keep up! Is the server overloaded? Running 3616ms or 72 ticks behind
[10sept.2026 14:53:31.688] [Server thread/WARN] [net.minecraft.server.MinecraftServer/]: Can't keep up! Is the server overloaded? Running 3354ms or 67 ticks behind
[10sept.2026 14:53:51.022] [Server thread/WARN] [net.minecraft.server.MinecraftServer/]: Can't keep up! Is the server overloaded? Running 4337ms or 86 ticks behind
[10sept.2026 14:54:10.728] [Server thread/WARN] [net.minecraft.server.MinecraftServer/]: Can't keep up! Is the server overloaded? Running 4743ms or 94 ticks behind
[10sept.2026 14:54:20.006] [Server thread/INFO] [AllTheLeaks/]: Listing events...
[10sept.2026 14:54:20.007] [Server thread/INFO] [AllTheLeaks/]: Listing memory leaks so far...
[10sept.2026 14:54:20.007] [Server thread/INFO] [AllTheLeaks/]: B: 858MB / C: 1011MB / Diff: +153MB
[10sept.2026 14:54:20.008] [Server thread/INFO] [AllTheLeaks/]: No memory leak detected!
[10sept.2026 14:54:31.373] [Server thread/WARN] [net.minecraft.server.MinecraftServer/]: Can't keep up! Is the server overloaded? Running 5689ms or 113 ticks behind
[10sept.2026 14:54:50.046] [Server thread/WARN] [net.minecraft.server.MinecraftServer/]: Can't keep up! Is the server overloaded? Running 3711ms or 74 ticks behind
[10sept.2026 14:55:08.910] [Server thread/WARN] [net.minecraft.server.MinecraftServer/]: Can't keep up! Is the server overloaded? Running 3876ms or 77 ticks behind
[10sept.2026 14:55:26.093] [Server thread/WARN] [net.minecraft.server.MinecraftServer/]: Can't keep up! Is the server overloaded? Running 2209ms or 44 ticks behind
[10sept.2026 14:55:44.363] [Server thread/WARN] [net.minecraft.server.MinecraftServer/]: Can't keep up! Is the server overloaded? Running 3278ms or 65 ticks behind
[10sept.2026 14:56:02.192] [Server thread/WARN] [net.minecraft.server.MinecraftServer/]: Can't keep up! Is the server overloaded? Running 2857ms or 57 ticks behind
[10sept.2026 14:56:21.504] [Server thread/WARN] [net.minecraft.server.MinecraftServer/]: Can't keep up! Is the server overloaded? Running 4319ms or 86 ticks behind
[10sept.2026 14:56:39.785] [Server thread/WARN] [net.minecraft.server.MinecraftServer/]: Can't keep up! Is the server overloaded? Running 3300ms or 66 ticks behind
[10sept.2026 14:57:00.476] [Server thread/WARN] [net.minecraft.server.MinecraftServer/]: Can't keep up! Is the server overloaded? Running 5691ms or 113 ticks behind
[10sept.2026 14:57:19.593] [Server thread/WARN] [net.minecraft.server.MinecraftServer/]: Can't keep up! Is the server overloaded? Running 4159ms or 83 ticks behind
[10sept.2026 14:57:43.830] [Server thread/WARN] [net.minecraft.server.MinecraftServer/]: Can't keep up! Is the server overloaded? Running 9245ms or 184 ticks behind
[10sept.2026 14:58:03.908] [Server thread/WARN] [net.minecraft.server.MinecraftServer/]: Can't keep up! Is the server overloaded? Running 5124ms or 102 ticks behind
[10sept.2026 14:58:23.135] [Server thread/WARN] [net.minecraft.server.MinecraftServer/]: Can't keep up! Is the server overloaded? Running 4250ms or 85 ticks behind
[10sept.2026 14:58:40.357] [Server thread/WARN] [net.minecraft.server.MinecraftServer/]: Can't keep up! Is the server overloaded? Running 2222ms or 44 ticks behind
[10sept.2026 14:58:57.445] [Server thread/WARN] [net.minecraft.server.MinecraftServer/]: Can't keep up! Is the server overloaded? Running 2110ms or 42 ticks behind
[10sept.2026 14:59:14.660] [Server thread/WARN] [net.minecraft.server.MinecraftServer/]: Can't keep up! Is the server overloaded? Running 2226ms or 44 ticks behind
[10sept.2026 14:59:31.979] [Server thread/WARN] [net.minecraft.server.MinecraftServer/]: Can't keep up! Is the server overloaded? Running 2343ms or 46 ticks behind
[10sept.2026 14:59:49.693] [Server thread/WARN] [net.minecraft.server.MinecraftServer/]: Can't keep up! Is the server overloaded? Running 2758ms or 55 ticks behind
[10sept.2026 15:00:07.452] [Server thread/WARN] [net.minecraft.server.MinecraftServer/]: Can't keep up! Is the server overloaded? Running 2767ms or 55 ticks behind
[10sept.2026 15:00:24.657] [Server thread/WARN] [net.minecraft.server.MinecraftServer/]: Can't keep up! Is the server overloaded? Running 2221ms or 44 ticks behind
[10sept.2026 15:00:42.767] [Server thread/WARN] [net.minecraft.server.MinecraftServer/]: Can't keep up! Is the server overloaded? Running 3132ms or 62 ticks behind
[10sept.2026 15:00:59.970] [Server thread/WARN] [net.minecraft.server.MinecraftServer/]: Can't keep up! Is the server overloaded? Running 2235ms or 44 ticks behind
[10sept.2026 15:01:16.991] [Server thread/WARN] [net.minecraft.server.MinecraftServer/]: Can't keep up! Is the server overloaded? Running 2057ms or 41 ticks behind
[10sept.2026 15:01:34.167] [Server thread/WARN] [net.minecraft.server.MinecraftServer/]: Can't keep up! Is the server overloaded? Running 2182ms or 43 ticks behind
[10sept.2026 15:01:51.360] [Server thread/WARN] [net.minecraft.server.MinecraftServer/]: Can't keep up! Is the server overloaded? Running 2226ms or 44 ticks behind
[10sept.2026 15:02:08.783] [Server thread/WARN] [net.minecraft.server.MinecraftServer/]: Can't keep up! Is the server overloaded? Running 2448ms or 48 ticks behind
[10sept.2026 15:02:26.151] [Server thread/WARN] [net.minecraft.server.MinecraftServer/]: Can't keep up! Is the server overloaded? Running 2416ms or 48 ticks behind
[10sept.2026 15:02:43.361] [Server thread/WARN] [net.minecraft.server.MinecraftServer/]: Can't keep up! Is the server overloaded? Running 2226ms or 44 ticks behind
[10sept.2026 15:03:04.475] [Server thread/WARN] [net.minecraft.server.MinecraftServer/]: Can't keep up! Is the server overloaded? Running 6140ms or 122 ticks behind
[10sept.2026 15:03:25.281] [Server thread/WARN] [net.minecraft.server.MinecraftServer/]: Can't keep up! Is the server overloaded? Running 5845ms or 116 ticks behind
[10sept.2026 15:03:44.892] [Server thread/WARN] [net.minecraft.server.MinecraftServer/]: Can't keep up! Is the server overloaded? Running 4657ms or 93 ticks behind
[10sept.2026 15:04:04.863] [Server thread/WARN] [net.minecraft.server.MinecraftServer/]: Can't keep up! Is the server overloaded? Running 4978ms or 99 ticks behind
[10sept.2026 15:04:23.388] [Server thread/WARN] [net.minecraft.server.MinecraftServer/]: Can't keep up! Is the server overloaded? Running 3554ms or 71 ticks behind
[10sept.2026 15:04:43.930] [Server thread/WARN] [net.minecraft.server.MinecraftServer/]: Can't keep up! Is the server overloaded? Running 5545ms or 110 ticks behind
[10sept.2026 15:05:42.442] [Server thread/WARN] [net.minecraft.server.MinecraftServer/]: Can't keep up! Is the server overloaded? Running 2008ms or 40 ticks behind
[10sept.2026 15:06:04.159] [Server thread/WARN] [net.minecraft.server.MinecraftServer/]: Can't keep up! Is the server overloaded? Running 6723ms or 134 ticks behind
[10sept.2026 15:06:23.029] [Server thread/WARN] [net.minecraft.server.MinecraftServer/]: Can't keep up! Is the server overloaded? Running 3894ms or 77 ticks behind
[10sept.2026 15:06:35.069] [Server thread/INFO] [AllTheLeaks/]: Listing events...
[10sept.2026 15:06:35.069] [Server thread/INFO] [AllTheLeaks/]: Listing memory leaks so far...
[10sept.2026 15:06:35.070] [Server thread/INFO] [AllTheLeaks/]: B: 858MB / C: 1050MB / Diff: +192MB
[10sept.2026 15:06:35.070] [Server thread/INFO] [AllTheLeaks/]: No memory leak detected!
[10sept.2026 15:06:41.169] [Server thread/WARN] [net.minecraft.server.MinecraftServer/]: Can't keep up! Is the server overloaded? Running 3184ms or 63 ticks behind
[10sept.2026 15:06:59.309] [Server thread/WARN] [net.minecraft.server.MinecraftServer/]: Can't keep up! Is the server overloaded? Running 3175ms or 63 ticks behind
[10sept.2026 15:07:17.415] [Server thread/WARN] [net.minecraft.server.MinecraftServer/]: Can't keep up! Is the server overloaded? Running 3130ms or 62 ticks behind
[10sept.2026 15:07:35.938] [Server thread/WARN] [net.minecraft.server.MinecraftServer/]: Can't keep up! Is the server overloaded? Running 3553ms or 71 ticks behind
[10sept.2026 15:07:54.826] [Server thread/WARN] [net.minecraft.server.MinecraftServer/]: Can't keep up! Is the server overloaded? Running 3892ms or 77 ticks behind
[10sept.2026 15:08:14.541] [Server thread/WARN] [net.minecraft.server.MinecraftServer/]: Can't keep up! Is the server overloaded? Running 4756ms or 95 ticks behind
[10sept.2026 15:08:33.273] [Server thread/WARN] [net.minecraft.server.MinecraftServer/]: Can't keep up! Is the server overloaded? Running 3738ms or 74 ticks behind
[10sept.2026 15:08:51.543] [Server thread/WARN] [net.minecraft.server.MinecraftServer/]: Can't keep up! Is the server overloaded? Running 3308ms or 66 ticks behind
[10sept.2026 15:09:10.200] [Server thread/WARN] [net.minecraft.server.MinecraftServer/]: Can't keep up! Is the server overloaded? Running 3665ms or 73 ticks behind
[10sept.2026 15:09:31.359] [Server thread/WARN] [net.minecraft.server.MinecraftServer/]: Can't keep up! Is the server overloaded? Running 6174ms or 123 ticks behind
[10sept.2026 15:09:49.653] [Server thread/WARN] [net.minecraft.server.MinecraftServer/]: Can't keep up! Is the server overloaded? Running 3319ms or 66 ticks behind
[10sept.2026 15:10:12.981] [Server thread/WARN] [net.minecraft.server.MinecraftServer/]: Can't keep up! Is the server overloaded? Running 8346ms or 166 ticks behind
[10sept.2026 15:10:33.769] [Server thread/WARN] [net.minecraft.server.MinecraftServer/]: Can't keep up! Is the server overloaded? Running 5835ms or 116 ticks behind
[10sept.2026 15:10:54.654] [Server thread/WARN] [net.minecraft.server.MinecraftServer/]: Can't keep up! Is the server overloaded? Running 5919ms or 118 ticks behind
[10sept.2026 15:11:13.080] [Server thread/WARN] [net.minecraft.server.MinecraftServer/]: Can't keep up! Is the server overloaded? Running 3445ms or 68 ticks behind
[10sept.2026 15:11:15.917] [Server thread/INFO] [net.minecraft.world.entity.LivingEntity/]: Named entity Guard['Robt'/220, l='ServerLevel[world]', x=746.52, y=67.00, z=993.50] died: Robt discovered the floor was lava
[10sept.2026 15:11:31.407] [Server thread/WARN] [net.minecraft.server.MinecraftServer/]: Can't keep up! Is the server overloaded? Running 3372ms or 67 ticks behind
[10sept.2026 15:11:50.951] [Server thread/WARN] [net.minecraft.server.MinecraftServer/]: Can't keep up! Is the server overloaded? Running 4565ms or 91 ticks behind
[10sept.2026 15:12:11.766] [Server thread/WARN] [net.minecraft.server.MinecraftServer/]: Can't keep up! Is the server overloaded? Running 5831ms or 116 ticks behind
[10sept.2026 15:12:30.833] [Server thread/WARN] [net.minecraft.server.MinecraftServer/]: Can't keep up! Is the server overloaded? Running 4099ms or 81 ticks behind
[10sept.2026 15:12:49.264] [Server thread/WARN] [net.minecraft.server.MinecraftServer/]: Can't keep up! Is the server overloaded? Running 3479ms or 69 ticks behind
[10sept.2026 15:13:07.083] [Server thread/WARN] [net.minecraft.server.MinecraftServer/]: Can't keep up! Is the server overloaded? Running 2848ms or 56 ticks behind
[10sept.2026 15:13:24.826] [Server thread/WARN] [net.minecraft.server.MinecraftServer/]: Can't keep up! Is the server overloaded? Running 2791ms or 55 ticks behind
[10sept.2026 15:13:42.578] [Server thread/WARN] [net.minecraft.server.MinecraftServer/]: Can't keep up! Is the server overloaded? Running 2793ms or 55 ticks behind
[10sept.2026 15:14:00.349] [Server thread/WARN] [net.minecraft.server.MinecraftServer/]: Can't keep up! Is the server overloaded? Running 2814ms or 56 ticks behind
[10sept.2026 15:14:18.105] [Server thread/WARN] [net.minecraft.server.MinecraftServer/]: Can't keep up! Is the server overloaded? Running 2770ms or 55 ticks behind
[10sept.2026 15:14:35.722] [Server thread/WARN] [net.minecraft.server.MinecraftServer/]: Can't keep up! Is the server overloaded? Running 2637ms or 52 ticks behind
[10sept.2026 15:14:53.256] [Server thread/WARN] [net.minecraft.server.MinecraftServer/]: Can't keep up! Is the server overloaded? Running 2573ms or 51 ticks behind
[10sept.2026 15:15:12.046] [Server thread/WARN] [net.minecraft.server.MinecraftServer/]: Can't keep up! Is the server overloaded? Running 3811ms or 76 ticks behind
[10sept.2026 15:15:29.410] [Server thread/WARN] [net.minecraft.server.MinecraftServer/]: Can't keep up! Is the server overloaded? Running 2375ms or 47 ticks behind
[10sept.2026 15:15:47.142] [Server thread/WARN] [net.minecraft.server.MinecraftServer/]: Can't keep up! Is the server overloaded? Running 2758ms or 55 ticks behind
[10sept.2026 15:16:04.504] [Server thread/WARN] [net.minecraft.server.MinecraftServer/]: Can't keep up! Is the server overloaded? Running 2368ms or 47 ticks behind
[10sept.2026 15:16:21.849] [Server thread/WARN] [net.minecraft.server.MinecraftServer/]: Can't keep up! Is the server overloaded? Running 2365ms or 47 ticks behind
[10sept.2026 15:16:39.665] [Server thread/WARN] [net.minecraft.server.MinecraftServer/]: Can't keep up! Is the server overloaded? Running 2829ms or 56 ticks behind
[10sept.2026 15:16:57.167] [Server thread/WARN] [net.minecraft.server.MinecraftServer/]: Can't keep up! Is the server overloaded? Running 2532ms or 50 ticks behind
[10sept.2026 15:17:15.529] [Server thread/WARN] [net.minecraft.server.MinecraftServer/]: Can't keep up! Is the server overloaded? Running 3394ms or 67 ticks behind
[10sept.2026 15:17:34.085] [Server thread/WARN] [net.minecraft.server.MinecraftServer/]: Can't keep up! Is the server overloaded? Running 3600ms or 72 ticks behind
[10sept.2026 15:17:51.414] [Server thread/WARN] [net.minecraft.server.MinecraftServer/]: Can't keep up! Is the server overloaded? Running 2329ms or 46 ticks behind
[10sept.2026 15:18:08.610] [Server thread/WARN] [net.minecraft.server.MinecraftServer/]: Can't keep up! Is the server overloaded? Running 2227ms or 44 ticks behind
[10sept.2026 15:18:29.802] [Server thread/WARN] [net.minecraft.server.MinecraftServer/]: Can't keep up! Is the server overloaded? Running 2016ms or 40 ticks behind
[10sept.2026 15:18:51.088] [Server thread/WARN] [net.minecraft.server.MinecraftServer/]: Can't keep up! Is the server overloaded? Running 2004ms or 40 ticks behind
[10sept.2026 15:18:53.105] [Server thread/INFO] [AllTheLeaks/]: Listing events...
[10sept.2026 15:18:53.106] [Server thread/INFO] [AllTheLeaks/]: Listing memory leaks so far...
[10sept.2026 15:18:53.106] [Server thread/INFO] [AllTheLeaks/]: B: 858MB / C: 1029MB / Diff: +171MB
[10sept.2026 15:18:53.106] [Server thread/INFO] [AllTheLeaks/]: No memory leak detected!
[10sept.2026 15:19:09.986] [Server thread/WARN] [net.minecraft.server.MinecraftServer/]: Can't keep up! Is the server overloaded? Running 2001ms or 40 ticks behind
[10sept.2026 15:19:33.787] [Server thread/WARN] [net.minecraft.server.MinecraftServer/]: Can't keep up! Is the server overloaded? Running 2002ms or 40 ticks behind
[10sept.2026 15:19:52.247] [Server thread/WARN] [net.minecraft.server.MinecraftServer/]: Can't keep up! Is the server overloaded? Running 3462ms or 69 ticks behind
[10sept.2026 15:20:10.969] [Server thread/WARN] [net.minecraft.server.MinecraftServer/]: Can't keep up! Is the server overloaded? Running 3735ms or 74 ticks behind
[10sept.2026 15:20:29.986] [Server thread/WARN] [net.minecraft.server.MinecraftServer/]: Can't keep up! Is the server overloaded? Running 4051ms or 81 ticks behind
[10sept.2026 15:20:48.610] [Server thread/WARN] [net.minecraft.server.MinecraftServer/]: Can't keep up! Is the server overloaded? Running 3624ms or 72 ticks behind
[10sept.2026 15:21:06.226] [Server thread/WARN] [net.minecraft.server.MinecraftServer/]: Can't keep up! Is the server overloaded? Running 2642ms or 52 ticks behind
[10sept.2026 15:21:24.095] [Server thread/WARN] [net.minecraft.server.MinecraftServer/]: Can't keep up! Is the server overloaded? Running 2911ms or 58 ticks behind
[10sept.2026 15:21:41.916] [Server thread/WARN] [net.minecraft.server.MinecraftServer/]: Can't keep up! Is the server overloaded? Running 2831ms or 56 ticks behind
[10sept.2026 15:22:00.021] [Server thread/WARN] [net.minecraft.server.MinecraftServer/]: Can't keep up! Is the server overloaded? Running 3137ms or 62 ticks behind
[10sept.2026 15:22:18.962] [Server thread/WARN] [net.minecraft.server.MinecraftServer/]: Can't keep up! Is the server overloaded? Running 3977ms or 79 ticks behind
[10sept.2026 15:22:38.197] [Server thread/WARN] [net.minecraft.server.MinecraftServer/]: Can't keep up! Is the server overloaded? Running 4262ms or 85 ticks behind
[10sept.2026 15:22:57.468] [Server thread/WARN] [net.minecraft.server.MinecraftServer/]: Can't keep up! Is the server overloaded? Running 4283ms or 85 ticks behind
[10sept.2026 15:23:15.719] [Server thread/WARN] [net.minecraft.server.MinecraftServer/]: Can't keep up! Is the server overloaded? Running 3284ms or 65 ticks behind
[10sept.2026 15:23:34.196] [Server thread/WARN] [net.minecraft.server.MinecraftServer/]: Can't keep up! Is the server overloaded? Running 3512ms or 70 ticks behind
[10sept.2026 15:23:53.194] [Server thread/WARN] [net.minecraft.server.MinecraftServer/]: Can't keep up! Is the server overloaded? Running 4010ms or 80 ticks behind
[10sept.2026 15:24:12.451] [Server thread/WARN] [net.minecraft.server.MinecraftServer/]: Can't keep up! Is the server overloaded? Running 4266ms or 85 ticks behind
[10sept.2026 15:24:29.862] [Server thread/WARN] [net.minecraft.server.MinecraftServer/]: Can't keep up! Is the server overloaded? Running 2427ms or 48 ticks behind
[10sept.2026 15:24:48.377] [Server thread/WARN] [net.minecraft.server.MinecraftServer/]: Can't keep up! Is the server overloaded? Running 3542ms or 70 ticks behind
[10sept.2026 15:25:07.898] [Server thread/WARN] [net.minecraft.server.MinecraftServer/]: Can't keep up! Is the server overloaded? Running 4563ms or 91 ticks behind
[10sept.2026 15:25:26.587] [Server thread/WARN] [net.minecraft.server.MinecraftServer/]: Can't keep up! Is the server overloaded? Running 3702ms or 74 ticks behind
[10sept.2026 15:25:44.582] [Server thread/WARN] [net.minecraft.server.MinecraftServer/]: Can't keep up! Is the server overloaded? Running 2997ms or 59 ticks behind
[10sept.2026 15:26:03.513] [Server thread/WARN] [net.minecraft.server.MinecraftServer/]: Can't keep up! Is the server overloaded? Running 3978ms or 79 ticks behind
[10sept.2026 15:26:23.354] [Server thread/WARN] [net.minecraft.server.MinecraftServer/]: Can't keep up! Is the server overloaded? Running 4870ms or 97 ticks behind
[10sept.2026 15:26:40.882] [Server thread/WARN] [net.minecraft.server.MinecraftServer/]: Can't keep up! Is the server overloaded? Running 2547ms or 50 ticks behind
[10sept.2026 15:26:58.175] [Server thread/WARN] [net.minecraft.server.MinecraftServer/]: Can't keep up! Is the server overloaded? Running 2341ms or 46 ticks behind
[10sept.2026 15:27:15.399] [Server thread/WARN] [net.minecraft.server.MinecraftServer/]: Can't keep up! Is the server overloaded? Running 2264ms or 45 ticks behind
[10sept.2026 15:27:33.096] [Server thread/WARN] [net.minecraft.server.MinecraftServer/]: Can't keep up! Is the server overloaded? Running 2712ms or 54 ticks behind
[10sept.2026 15:27:50.945] [Server thread/WARN] [net.minecraft.server.MinecraftServer/]: Can't keep up! Is the server overloaded? Running 2860ms or 57 ticks behind
[10sept.2026 15:28:09.012] [Server thread/WARN] [net.minecraft.server.MinecraftServer/]: Can't keep up! Is the server overloaded? Running 3077ms or 61 ticks behind
[10sept.2026 15:28:26.795] [Server thread/WARN] [net.minecraft.server.MinecraftServer/]: Can't keep up! Is the server overloaded? Running 2810ms or 56 ticks behind
[10sept.2026 15:28:44.354] [Server thread/WARN] [net.minecraft.server.MinecraftServer/]: Can't keep up! Is the server overloaded? Running 2570ms or 51 ticks behind
[10sept.2026 15:29:03.585] [Server thread/WARN] [net.minecraft.server.MinecraftServer/]: Can't keep up! Is the server overloaded? Running 2000ms or 40 ticks behind
[10sept.2026 15:29:20.695] [Server thread/WARN] [net.minecraft.server.MinecraftServer/]: Can't keep up! Is the server overloaded? Running 2110ms or 42 ticks behind
[10sept.2026 15:29:38.695] [Server thread/WARN] [net.minecraft.server.MinecraftServer/]: Can't keep up! Is the server overloaded? Running 2010ms or 40 ticks behind
[10sept.2026 15:29:59.495] [Server thread/WARN] [net.minecraft.server.MinecraftServer/]: Can't keep up! Is the server overloaded? Running 2010ms or 40 ticks behind
[10sept.2026 15:30:16.685] [Server thread/WARN] [net.minecraft.server.MinecraftServer/]: Can't keep up! Is the server overloaded? Running 2001ms or 40 ticks behind
[10sept.2026 15:30:35.442] [Server thread/WARN] [net.minecraft.server.MinecraftServer/]: Can't keep up! Is the server overloaded? Running 2007ms or 40 ticks behind
[10sept.2026 15:30:51.353] [Server thread/INFO] [AllTheLeaks/]: Listing events...
[10sept.2026 15:30:51.353] [Server thread/INFO] [AllTheLeaks/]: Listing memory leaks so far...
[10sept.2026 15:30:51.354] [Server thread/INFO] [AllTheLeaks/]: B: 858MB / C: 1079MB / Diff: +221MB
[10sept.2026 15:30:51.354] [Server thread/INFO] [AllTheLeaks/]: No memory leak detected!
[10sept.2026 15:30:52.548] [Server thread/WARN] [net.minecraft.server.MinecraftServer/]: Can't keep up! Is the server overloaded? Running 2113ms or 42 ticks behind
[10sept.2026 15:31:10.289] [Server thread/WARN] [net.minecraft.server.MinecraftServer/]: Can't keep up! Is the server overloaded? Running 2004ms or 40 ticks behind
[10sept.2026 15:31:28.287] [Server thread/WARN] [net.minecraft.server.MinecraftServer/]: Can't keep up! Is the server overloaded? Running 2002ms or 40 ticks behind
[10sept.2026 15:31:45.968] [Server thread/WARN] [net.minecraft.server.MinecraftServer/]: Can't keep up! Is the server overloaded? Running 2683ms or 53 ticks behind
[10sept.2026 15:32:03.992] [Server thread/WARN] [net.minecraft.server.MinecraftServer/]: Can't keep up! Is the server overloaded? Running 2008ms or 40 ticks behind
[10sept.2026 15:32:21.224] [Server thread/WARN] [net.minecraft.server.MinecraftServer/]: Can't keep up! Is the server overloaded? Running 2239ms or 44 ticks behind
[10sept.2026 15:32:39.326] [Server thread/WARN] [net.minecraft.server.MinecraftServer/]: Can't keep up! Is the server overloaded? Running 3141ms or 62 ticks behind
[10sept.2026 15:32:56.565] [Server thread/WARN] [net.minecraft.server.MinecraftServer/]: Can't keep up! Is the server overloaded? Running 2280ms or 45 ticks behind
[10sept.2026 15:33:13.552] [Server thread/WARN] [net.minecraft.server.MinecraftServer/]: Can't keep up! Is the server overloaded? Running 2017ms or 40 ticks behind
[10sept.2026 15:33:30.722] [Server thread/WARN] [net.minecraft.server.MinecraftServer/]: Can't keep up! Is the server overloaded? Running 2188ms or 43 ticks behind
[10sept.2026 15:33:47.781] [Server thread/WARN] [net.minecraft.server.MinecraftServer/]: Can't keep up! Is the server overloaded? Running 2097ms or 41 ticks behind
[10sept.2026 15:34:04.940] [Server thread/WARN] [net.minecraft.server.MinecraftServer/]: Can't keep up! Is the server overloaded? Running 2205ms or 44 ticks behind
[10sept.2026 15:34:22.318] [Server thread/WARN] [net.minecraft.server.MinecraftServer/]: Can't keep up! Is the server overloaded? Running 2384ms or 47 ticks behind
[10sept.2026 15:34:39.688] [Server thread/WARN] [net.minecraft.server.MinecraftServer/]: Can't keep up! Is the server overloaded? Running 2003ms or 40 ticks behind
[10sept.2026 15:34:56.895] [Server thread/WARN] [net.minecraft.server.MinecraftServer/]: Can't keep up! Is the server overloaded? Running 2210ms or 44 ticks behind
[10sept.2026 15:35:14.132] [Server thread/WARN] [net.minecraft.server.MinecraftServer/]: Can't keep up! Is the server overloaded? Running 2247ms or 44 ticks behind
[10sept.2026 15:35:31.261] [Server thread/WARN] [net.minecraft.server.MinecraftServer/]: Can't keep up! Is the server overloaded? Running 2176ms or 43 ticks behind
[10sept.2026 15:35:48.802] [Server thread/WARN] [net.minecraft.server.MinecraftServer/]: Can't keep up! Is the server overloaded? Running 2567ms or 51 ticks behind
[10sept.2026 15:36:06.012] [Server thread/WARN] [net.minecraft.server.MinecraftServer/]: Can't keep up! Is the server overloaded? Running 2228ms or 44 ticks behind
[10sept.2026 15:36:23.421] [Server thread/WARN] [net.minecraft.server.MinecraftServer/]: Can't keep up! Is the server overloaded? Running 2436ms or 48 ticks behind
[10sept.2026 15:36:40.460] [Server thread/WARN] [net.minecraft.server.MinecraftServer/]: Can't keep up! Is the server overloaded? Running 2076ms or 41 ticks behind
[10sept.2026 15:36:58.537] [Server thread/WARN] [net.minecraft.server.MinecraftServer/]: Can't keep up! Is the server overloaded? Running 2002ms or 40 ticks behind
[10sept.2026 15:37:17.439] [Server thread/WARN] [net.minecraft.server.MinecraftServer/]: Can't keep up! Is the server overloaded? Running 2004ms or 40 ticks behind
[10sept.2026 15:37:37.691] [Server thread/WARN] [net.minecraft.server.MinecraftServer/]: Can't keep up! Is the server overloaded? Running 2006ms or 40 ticks behind
[10sept.2026 15:37:59.284] [Server thread/WARN] [net.minecraft.server.MinecraftServer/]: Can't keep up! Is the server overloaded? Running 2000ms or 40 ticks behind
[10sept.2026 15:38:21.587] [Server thread/WARN] [net.minecraft.server.MinecraftServer/]: Can't keep up! Is the server overloaded? Running 2002ms or 40 ticks behind
[10sept.2026 15:38:39.235] [Server thread/WARN] [net.minecraft.server.MinecraftServer/]: Can't keep up! Is the server overloaded? Running 2000ms or 40 ticks behind
[10sept.2026 15:38:56.305] [Server thread/WARN] [net.minecraft.server.MinecraftServer/]: Can't keep up! Is the server overloaded? Running 2070ms or 41 ticks behind
[10sept.2026 15:39:13.369] [Server thread/WARN] [net.minecraft.server.MinecraftServer/]: Can't keep up! Is the server overloaded? Running 2085ms or 41 ticks behind
[10sept.2026 15:39:30.395] [Server thread/WARN] [net.minecraft.server.MinecraftServer/]: Can't keep up! Is the server overloaded? Running 2009ms or 40 ticks behind
[10sept.2026 15:39:48.282] [Server thread/WARN] [net.minecraft.server.MinecraftServer/]: Can't keep up! Is the server overloaded? Running 2898ms or 57 ticks behind
[10sept.2026 15:40:06.785] [Server thread/WARN] [net.minecraft.server.MinecraftServer/]: Can't keep up! Is the server overloaded? Running 2000ms or 40 ticks behind
[10sept.2026 15:40:24.385] [Server thread/WARN] [net.minecraft.server.MinecraftServer/]: Can't keep up! Is the server overloaded? Running 2600ms or 52 ticks behind
[10sept.2026 15:40:42.168] [Server thread/WARN] [net.minecraft.server.MinecraftServer/]: Can't keep up! Is the server overloaded? Running 2783ms or 55 ticks behind
[10sept.2026 15:40:59.214] [Server thread/WARN] [net.minecraft.server.MinecraftServer/]: Can't keep up! Is the server overloaded? Running 2079ms or 41 ticks behind
[10sept.2026 15:41:20.535] [Server thread/WARN] [net.minecraft.server.MinecraftServer/]: Can't keep up! Is the server overloaded? Running 2000ms or 40 ticks behind
[10sept.2026 15:41:40.887] [Server thread/WARN] [net.minecraft.server.MinecraftServer/]: Can't keep up! Is the server overloaded? Running 2002ms or 40 ticks behind
[10sept.2026 15:42:00.848] [Server thread/WARN] [net.minecraft.server.MinecraftServer/]: Can't keep up! Is the server overloaded? Running 2013ms or 40 ticks behind
[10sept.2026 15:42:14.378] [Server thread/INFO] [AllTheLeaks/]: Listing events...
[10sept.2026 15:42:14.379] [Server thread/INFO] [AllTheLeaks/]: Listing memory leaks so far...
[10sept.2026 15:42:14.379] [Server thread/INFO] [AllTheLeaks/]: B: 858MB / C: 1044MB / Diff: +186MB
[10sept.2026 15:42:14.379] [Server thread/INFO] [AllTheLeaks/]: No memory leak detected!
[10sept.2026 15:42:18.017] [Server thread/WARN] [net.minecraft.server.MinecraftServer/]: Can't keep up! Is the server overloaded? Running 2183ms or 43 ticks behind
[10sept.2026 15:42:40.042] [Server thread/WARN] [net.minecraft.server.MinecraftServer/]: Can't keep up! Is the server overloaded? Running 2007ms or 40 ticks behind
[10sept.2026 15:42:59.340] [Server thread/WARN] [net.minecraft.server.MinecraftServer/]: Can't keep up! Is the server overloaded? Running 2005ms or 40 ticks behind
[10sept.2026 15:43:22.389] [Server thread/WARN] [net.minecraft.server.MinecraftServer/]: Can't keep up! Is the server overloaded? Running 2004ms or 40 ticks behind
[10sept.2026 15:43:44.848] [Server thread/WARN] [net.minecraft.server.MinecraftServer/]: Can't keep up! Is the server overloaded? Running 2013ms or 40 ticks behind
[10sept.2026 15:44:08.200] [Server thread/WARN] [net.minecraft.server.MinecraftServer/]: Can't keep up! Is the server overloaded? Running 2015ms or 40 ticks behind
[10sept.2026 15:44:28.392] [Server thread/WARN] [net.minecraft.server.MinecraftServer/]: Can't keep up! Is the server overloaded? Running 2008ms or 40 ticks behind
[10sept.2026 15:44:45.417] [Server thread/WARN] [net.minecraft.server.MinecraftServer/]: Can't keep up! Is the server overloaded? Running 2032ms or 40 ticks behind
[10sept.2026 15:45:10.789] [Server thread/WARN] [net.minecraft.server.MinecraftServer/]: Can't keep up! Is the server overloaded? Running 2004ms or 40 ticks behind
[10sept.2026 15:45:36.045] [Server thread/WARN] [net.minecraft.server.MinecraftServer/]: Can't keep up! Is the server overloaded? Running 2010ms or 40 ticks behind
[10sept.2026 15:46:01.888] [Server thread/WARN] [net.minecraft.server.MinecraftServer/]: Can't keep up! Is the server overloaded? Running 2003ms or 40 ticks behind
[10sept.2026 15:46:25.142] [Server thread/WARN] [net.minecraft.server.MinecraftServer/]: Can't keep up! Is the server overloaded? Running 2007ms or 40 ticks behind
[10sept.2026 15:46:51.440] [Server thread/WARN] [net.minecraft.server.MinecraftServer/]: Can't keep up! Is the server overloaded? Running 2005ms or 40 ticks behind
[10sept.2026 15:47:14.189] [Server thread/WARN] [net.minecraft.server.MinecraftServer/]: Can't keep up! Is the server overloaded? Running 2004ms or 40 ticks behind
[10sept.2026 15:47:32.244] [Server thread/WARN] [net.minecraft.server.MinecraftServer/]: Can't keep up! Is the server overloaded? Running 2009ms or 40 ticks behind
[10sept.2026 15:47:50.685] [Server thread/WARN] [net.minecraft.server.MinecraftServer/]: Can't keep up! Is the server overloaded? Running 3450ms or 69 ticks behind
[10sept.2026 15:48:10.841] [Server thread/WARN] [net.minecraft.server.MinecraftServer/]: Can't keep up! Is the server overloaded? Running 2007ms or 40 ticks behind
[10sept.2026 15:48:27.903] [Server thread/WARN] [net.minecraft.server.MinecraftServer/]: Can't keep up! Is the server overloaded? Running 2069ms or 41 ticks behind
[10sept.2026 15:48:46.191] [Server thread/WARN] [net.minecraft.server.MinecraftServer/]: Can't keep up! Is the server overloaded? Running 2006ms or 40 ticks behind
[10sept.2026 15:49:04.138] [Server thread/WARN] [net.minecraft.server.MinecraftServer/]: Can't keep up! Is the server overloaded? Running 2003ms or 40 ticks behind
[10sept.2026 15:49:24.242] [Server thread/WARN] [net.minecraft.server.MinecraftServer/]: Can't keep up! Is the server overloaded? Running 2007ms or 40 ticks behind
[10sept.2026 15:49:41.275] [Server thread/WARN] [net.minecraft.server.MinecraftServer/]: Can't keep up! Is the server overloaded? Running 2041ms or 40 ticks behind
[10sept.2026 15:50:05.438] [Server thread/WARN] [net.minecraft.server.MinecraftServer/]: Can't keep up! Is the server overloaded? Running 2003ms or 40 ticks behind
[10sept.2026 15:50:24.286] [Server thread/WARN] [net.minecraft.server.MinecraftServer/]: Can't keep up! Is the server overloaded? Running 2002ms or 40 ticks behind
[10sept.2026 15:50:44.490] [Server thread/WARN] [net.minecraft.server.MinecraftServer/]: Can't keep up! Is the server overloaded? Running 2005ms or 40 ticks behind
[10sept.2026 15:51:02.385] [Server thread/WARN] [net.minecraft.server.MinecraftServer/]: Can't keep up! Is the server overloaded? Running 2900ms or 58 ticks behind
[10sept.2026 15:51:20.188] [Server thread/WARN] [net.minecraft.server.MinecraftServer/]: Can't keep up! Is the server overloaded? Running 2803ms or 56 ticks behind
[10sept.2026 15:51:37.479] [Server thread/WARN] [net.minecraft.server.MinecraftServer/]: Can't keep up! Is the server overloaded? Running 2294ms or 45 ticks behind
[10sept.2026 15:51:54.581] [Server thread/WARN] [net.minecraft.server.MinecraftServer/]: Can't keep up! Is the server overloaded? Running 2146ms or 42 ticks behind
[10sept.2026 15:52:12.139] [Server thread/WARN] [net.minecraft.server.MinecraftServer/]: Can't keep up! Is the server overloaded? Running 2004ms or 40 ticks behind
[10sept.2026 15:52:29.580] [Server thread/WARN] [net.minecraft.server.MinecraftServer/]: Can't keep up! Is the server overloaded? Running 2445ms or 48 ticks behind
[10sept.2026 15:52:51.049] [Server thread/WARN] [net.minecraft.server.MinecraftServer/]: Can't keep up! Is the server overloaded? Running 2015ms or 40 ticks behind
[10sept.2026 15:53:11.484] [Server thread/WARN] [net.minecraft.server.MinecraftServer/]: Can't keep up! Is the server overloaded? Running 2000ms or 40 ticks behind
[10sept.2026 15:53:24.685] [Server thread/INFO] [AllTheLeaks/]: Listing events...
[10sept.2026 15:53:24.685] [Server thread/INFO] [AllTheLeaks/]: Listing memory leaks so far...
[10sept.2026 15:53:24.686] [Server thread/INFO] [AllTheLeaks/]: B: 858MB / C: 1000MB / Diff: +142MB
[10sept.2026 15:53:24.686] [Server thread/INFO] [AllTheLeaks/]: No memory leak detected!
[10sept.2026 15:53:28.754] [Server thread/WARN] [net.minecraft.server.MinecraftServer/]: Can't keep up! Is the server overloaded? Running 2269ms or 45 ticks behind
[10sept.2026 15:53:47.587] [Server thread/WARN] [net.minecraft.server.MinecraftServer/]: Can't keep up! Is the server overloaded? Running 2002ms or 40 ticks behind
[10sept.2026 15:54:11.444] [Server thread/WARN] [net.minecraft.server.MinecraftServer/]: Can't keep up! Is the server overloaded? Running 2009ms or 40 ticks behind
[10sept.2026 15:54:37.241] [Server thread/WARN] [net.minecraft.server.MinecraftServer/]: Can't keep up! Is the server overloaded? Running 2006ms or 40 ticks behind
[10sept.2026 15:54:54.532] [Server thread/WARN] [net.minecraft.server.MinecraftServer/]: Can't keep up! Is the server overloaded? Running 2296ms or 45 ticks behind
[10sept.2026 15:55:11.998] [Server thread/WARN] [net.minecraft.server.MinecraftServer/]: Can't keep up! Is the server overloaded? Running 2513ms or 50 ticks behind
[10sept.2026 15:55:29.755] [Server thread/WARN] [net.minecraft.server.MinecraftServer/]: Can't keep up! Is the server overloaded? Running 2770ms or 55 ticks behind
[10sept.2026 15:55:47.483] [Server thread/WARN] [net.minecraft.server.MinecraftServer/]: Can't keep up! Is the server overloaded? Running 2748ms or 54 ticks behind
[10sept.2026 15:56:05.236] [Server thread/WARN] [net.minecraft.server.MinecraftServer/]: Can't keep up! Is the server overloaded? Running 2801ms or 56 ticks behind
[10sept.2026 15:56:23.053] [Server thread/WARN] [net.minecraft.server.MinecraftServer/]: Can't keep up! Is the server overloaded? Running 2819ms or 56 ticks behind
[10sept.2026 15:56:40.722] [Server thread/WARN] [net.minecraft.server.MinecraftServer/]: Can't keep up! Is the server overloaded? Running 2687ms or 53 ticks behind
[10sept.2026 15:56:57.758] [Server thread/WARN] [net.minecraft.server.MinecraftServer/]: Can't keep up! Is the server overloaded? Running 2073ms or 41 ticks behind
[10sept.2026 15:57:14.822] [Server thread/WARN] [net.minecraft.server.MinecraftServer/]: Can't keep up! Is the server overloaded? Running 2088ms or 41 ticks behind
[10sept.2026 15:57:31.840] [Server thread/WARN] [net.minecraft.server.MinecraftServer/]: Can't keep up! Is the server overloaded? Running 2005ms or 40 ticks behind
[10sept.2026 15:57:50.189] [Server thread/WARN] [net.minecraft.server.MinecraftServer/]: Can't keep up! Is the server overloaded? Running 2006ms or 40 ticks behind
[10sept.2026 15:58:10.336] [Server thread/WARN] [net.minecraft.server.MinecraftServer/]: Can't keep up! Is the server overloaded? Running 2001ms or 40 ticks behind
[10sept.2026 15:58:33.037] [Server thread/WARN] [net.minecraft.server.MinecraftServer/]: Can't keep up! Is the server overloaded? Running 2003ms or 40 ticks behind
[10sept.2026 15:58:56.834] [Server thread/WARN] [net.minecraft.server.MinecraftServer/]: Can't keep up! Is the server overloaded? Running 2000ms or 40 ticks behind
[10sept.2026 15:59:14.708] [Server thread/WARN] [net.minecraft.server.MinecraftServer/]: Can't keep up! Is the server overloaded? Running 2873ms or 57 ticks behind
[10sept.2026 15:59:32.397] [Server thread/WARN] [net.minecraft.server.MinecraftServer/]: Can't keep up! Is the server overloaded? Running 2712ms or 54 ticks behind
[10sept.2026 15:59:50.245] [Server thread/WARN] [net.minecraft.server.MinecraftServer/]: Can't keep up! Is the server overloaded? Running 2860ms or 57 ticks behind
[10sept.2026 16:00:08.119] [Server thread/WARN] [net.minecraft.server.MinecraftServer/]: Can't keep up! Is the server overloaded? Running 2884ms or 57 ticks behind
[10sept.2026 16:00:25.838] [Server thread/WARN] [net.minecraft.server.MinecraftServer/]: Can't keep up! Is the server overloaded? Running 2753ms or 55 ticks behind
[10sept.2026 16:00:43.260] [Server thread/WARN] [net.minecraft.server.MinecraftServer/]: Can't keep up! Is the server overloaded? Running 2425ms or 48 ticks behind
[10sept.2026 16:01:00.848] [Server thread/WARN] [net.minecraft.server.MinecraftServer/]: Can't keep up! Is the server overloaded? Running 2613ms or 52 ticks behind
[10sept.2026 16:01:19.782] [Server thread/WARN] [net.minecraft.server.MinecraftServer/]: Can't keep up! Is the server overloaded? Running 3947ms or 78 ticks behind
[10sept.2026 16:01:38.606] [Server thread/WARN] [net.minecraft.server.MinecraftServer/]: Can't keep up! Is the server overloaded? Running 3871ms or 77 ticks behind
[10sept.2026 16:01:57.504] [Server thread/WARN] [net.minecraft.server.MinecraftServer/]: Can't keep up! Is the server overloaded? Running 3919ms or 78 ticks behind
[10sept.2026 16:02:16.407] [Server thread/WARN] [net.minecraft.server.MinecraftServer/]: Can't keep up! Is the server overloaded? Running 3922ms or 78 ticks behind
[10sept.2026 16:02:35.236] [Server thread/WARN] [net.minecraft.server.MinecraftServer/]: Can't keep up! Is the server overloaded? Running 3851ms or 77 ticks behind
[10sept.2026 16:02:55.209] [Server thread/WARN] [net.minecraft.server.MinecraftServer/]: Can't keep up! Is the server overloaded? Running 4974ms or 99 ticks behind
[10sept.2026 16:03:14.749] [Server thread/WARN] [net.minecraft.server.MinecraftServer/]: Can't keep up! Is the server overloaded? Running 4564ms or 91 ticks behind
[10sept.2026 16:03:33.393] [Server thread/WARN] [net.minecraft.server.MinecraftServer/]: Can't keep up! Is the server overloaded? Running 3659ms or 73 ticks behind
[10sept.2026 16:03:52.168] [Server thread/WARN] [net.minecraft.server.MinecraftServer/]: Can't keep up! Is the server overloaded? Running 3783ms or 75 ticks behind
[10sept.2026 16:04:11.532] [Server thread/WARN] [net.minecraft.server.MinecraftServer/]: Can't keep up! Is the server overloaded? Running 4397ms or 87 ticks behind
[10sept.2026 16:04:31.278] [Server thread/WARN] [net.minecraft.server.MinecraftServer/]: Can't keep up! Is the server overloaded? Running 4793ms or 95 ticks behind
[10sept.2026 16:04:51.369] [Server thread/WARN] [net.minecraft.server.MinecraftServer/]: Can't keep up! Is the server overloaded? Running 5134ms or 102 ticks behind
[10sept.2026 16:05:10.688] [Server thread/WARN] [net.minecraft.server.MinecraftServer/]: Can't keep up! Is the server overloaded? Running 4353ms or 87 ticks behind
[10sept.2026 16:05:19.602] [Server thread/INFO] [AllTheLeaks/]: Listing events...
[10sept.2026 16:05:19.602] [Server thread/INFO] [AllTheLeaks/]: Listing memory leaks so far...
[10sept.2026 16:05:19.602] [Server thread/INFO] [AllTheLeaks/]: B: 858MB / C: 1020MB / Diff: +162MB
[10sept.2026 16:05:19.602] [Server thread/INFO] [AllTheLeaks/]: No memory leak detected!
[10sept.2026 16:05:30.086] [Server thread/WARN] [net.minecraft.server.MinecraftServer/]: Can't keep up! Is the server overloaded? Running 4402ms or 88 ticks behind
[10sept.2026 16:05:49.192] [Server thread/WARN] [net.minecraft.server.MinecraftServer/]: Can't keep up! Is the server overloaded? Running 4107ms or 82 ticks behind
[10sept.2026 16:06:08.157] [Server thread/WARN] [net.minecraft.server.MinecraftServer/]: Can't keep up! Is the server overloaded? Running 3972ms or 79 ticks behind
[10sept.2026 16:06:26.925] [Server thread/WARN] [net.minecraft.server.MinecraftServer/]: Can't keep up! Is the server overloaded? Running 3790ms or 75 ticks behind
[10sept.2026 16:06:46.283] [Server thread/WARN] [net.minecraft.server.MinecraftServer/]: Can't keep up! Is the server overloaded? Running 4398ms or 87 ticks behind
[10sept.2026 16:07:05.477] [Server thread/WARN] [net.minecraft.server.MinecraftServer/]: Can't keep up! Is the server overloaded? Running 4242ms or 84 ticks behind
[10sept.2026 16:07:24.468] [Server thread/WARN] [net.minecraft.server.MinecraftServer/]: Can't keep up! Is the server overloaded? Running 4033ms or 80 ticks behind
[10sept.2026 16:07:43.649] [Server thread/WARN] [net.minecraft.server.MinecraftServer/]: Can't keep up! Is the server overloaded? Running 4213ms or 84 ticks behind
[10sept.2026 16:08:03.205] [Server thread/WARN] [net.minecraft.server.MinecraftServer/]: Can't keep up! Is the server overloaded? Running 4570ms or 91 ticks behind
[10sept.2026 16:08:22.289] [Server thread/WARN] [net.minecraft.server.MinecraftServer/]: Can't keep up! Is the server overloaded? Running 4104ms or 82 ticks behind
[10sept.2026 16:08:40.749] [Server thread/WARN] [net.minecraft.server.MinecraftServer/]: Can't keep up! Is the server overloaded? Running 3464ms or 69 ticks behind
[10sept.2026 16:09:00.008] [Server thread/WARN] [net.minecraft.server.MinecraftServer/]: Can't keep up! Is the server overloaded? Running 4273ms or 85 ticks behind
[10sept.2026 16:09:18.517] [Server thread/WARN] [net.minecraft.server.MinecraftServer/]: Can't keep up! Is the server overloaded? Running 3531ms or 70 ticks behind
[10sept.2026 16:09:37.367] [Server thread/WARN] [net.minecraft.server.MinecraftServer/]: Can't keep up! Is the server overloaded? Running 3882ms or 77 ticks behind
[10sept.2026 16:09:56.887] [Server thread/WARN] [net.minecraft.server.MinecraftServer/]: Can't keep up! Is the server overloaded? Running 4553ms or 91 ticks behind
[10sept.2026 16:10:15.084] [Server thread/WARN] [net.minecraft.server.MinecraftServer/]: Can't keep up! Is the server overloaded? Running 3200ms or 64 ticks behind
[10sept.2026 16:10:32.257] [Server thread/WARN] [net.minecraft.server.MinecraftServer/]: Can't keep up! Is the server overloaded? Running 2023ms or 40 ticks behind
[10sept.2026 16:10:50.646] [Server thread/WARN] [net.minecraft.server.MinecraftServer/]: Can't keep up! Is the server overloaded? Running 3411ms or 68 ticks behind
[10sept.2026 16:11:08.916] [Server thread/WARN] [net.minecraft.server.MinecraftServer/]: Can't keep up! Is the server overloaded? Running 3282ms or 65 ticks behind
[10sept.2026 16:11:27.350] [Server thread/WARN] [net.minecraft.server.MinecraftServer/]: Can't keep up! Is the server overloaded? Running 3465ms or 69 ticks behind
[10sept.2026 16:11:46.056] [Server thread/WARN] [net.minecraft.server.MinecraftServer/]: Can't keep up! Is the server overloaded? Running 3721ms or 74 ticks behind
[10sept.2026 16:12:04.323] [Server thread/WARN] [net.minecraft.server.MinecraftServer/]: Can't keep up! Is the server overloaded? Running 3288ms or 65 ticks behind
[10sept.2026 16:12:22.599] [Server thread/WARN] [net.minecraft.server.MinecraftServer/]: Can't keep up! Is the server overloaded? Running 3314ms or 66 ticks behind
[10sept.2026 16:12:39.835] [Server thread/WARN] [net.minecraft.server.MinecraftServer/]: Can't keep up! Is the server overloaded? Running 2249ms or 44 ticks behind
[10sept.2026 16:12:57.294] [Server thread/WARN] [net.minecraft.server.MinecraftServer/]: Can't keep up! Is the server overloaded? Running 2008ms or 40 ticks behind
[10sept.2026 16:13:14.317] [Server thread/WARN] [net.minecraft.server.MinecraftServer/]: Can't keep up! Is the server overloaded? Running 2032ms or 40 ticks behind
[10sept.2026 16:13:32.995] [Server thread/WARN] [net.minecraft.server.MinecraftServer/]: Can't keep up! Is the server overloaded? Running 3710ms or 74 ticks behind
[10sept.2026 16:13:50.662] [Server thread/WARN] [net.minecraft.server.MinecraftServer/]: Can't keep up! Is the server overloaded? Running 2678ms or 53 ticks behind
[10sept.2026 16:14:07.662] [Server thread/WARN] [net.minecraft.server.MinecraftServer/]: Can't keep up! Is the server overloaded? Running 2027ms or 40 ticks behind
[10sept.2026 16:14:25.132] [Server thread/WARN] [net.minecraft.server.MinecraftServer/]: Can't keep up! Is the server overloaded? Running 2496ms or 49 ticks behind
[10sept.2026 16:14:42.687] [Server thread/WARN] [net.minecraft.server.MinecraftServer/]: Can't keep up! Is the server overloaded? Running 2002ms or 40 ticks behind
[10sept.2026 16:15:01.058] [Server thread/WARN] [net.minecraft.server.MinecraftServer/]: Can't keep up! Is the server overloaded? Running 2023ms or 40 ticks behind
[10sept.2026 16:15:18.543] [Server thread/WARN] [net.minecraft.server.MinecraftServer/]: Can't keep up! Is the server overloaded? Running 2508ms or 50 ticks behind
[10sept.2026 16:15:38.362] [Server thread/WARN] [net.minecraft.server.MinecraftServer/]: Can't keep up! Is the server overloaded? Running 4827ms or 96 ticks behind
[10sept.2026 16:15:56.227] [Server thread/WARN] [net.minecraft.server.MinecraftServer/]: Can't keep up! Is the server overloaded? Running 2892ms or 57 ticks behind
[10sept.2026 16:16:15.365] [Server thread/WARN] [net.minecraft.server.MinecraftServer/]: Can't keep up! Is the server overloaded? Running 4181ms or 83 ticks behind
[10sept.2026 16:16:36.934] [Server thread/WARN] [net.minecraft.server.MinecraftServer/]: Can't keep up! Is the server overloaded? Running 2000ms or 40 ticks behind
[10sept.2026 16:17:00.736] [Server thread/WARN] [net.minecraft.server.MinecraftServer/]: Can't keep up! Is the server overloaded? Running 2002ms or 40 ticks behind
[10sept.2026 16:17:22.641] [Server thread/WARN] [net.minecraft.server.MinecraftServer/]: Can't keep up! Is the server overloaded? Running 2007ms or 40 ticks behind
[10sept.2026 16:17:26.194] [Server thread/INFO] [AllTheLeaks/]: Listing events...
[10sept.2026 16:17:26.194] [Server thread/INFO] [AllTheLeaks/]: Listing memory leaks so far...
[10sept.2026 16:17:26.194] [Server thread/INFO] [AllTheLeaks/]: B: 858MB / C: 1005MB / Diff: +147MB
[10sept.2026 16:17:26.195] [Server thread/INFO] [AllTheLeaks/]: No memory leak detected!
[10sept.2026 16:17:43.488] [Server thread/WARN] [net.minecraft.server.MinecraftServer/]: Can't keep up! Is the server overloaded? Running 2003ms or 40 ticks behind
[10sept.2026 16:18:02.000] [Server thread/WARN] [net.minecraft.server.MinecraftServer/]: Can't keep up! Is the server overloaded? Running 2016ms or 40 ticks behind
[10sept.2026 16:18:21.186] [Server thread/WARN] [net.minecraft.server.MinecraftServer/]: Can't keep up! Is the server overloaded? Running 2001ms or 40 ticks behind
[10sept.2026 16:18:47.788] [Server thread/WARN] [net.minecraft.server.MinecraftServer/]: Can't keep up! Is the server overloaded? Running 2002ms or 40 ticks behind
[10sept.2026 16:19:12.190] [Server thread/WARN] [net.minecraft.server.MinecraftServer/]: Can't keep up! Is the server overloaded? Running 2005ms or 40 ticks behind
[10sept.2026 16:19:37.295] [Server thread/WARN] [net.minecraft.server.MinecraftServer/]: Can't keep up! Is the server overloaded? Running 2010ms or 40 ticks behind
[10sept.2026 16:19:55.787] [Server thread/WARN] [net.minecraft.server.MinecraftServer/]: Can't keep up! Is the server overloaded? Running 2003ms or 40 ticks behind
[10sept.2026 16:20:13.941] [Server thread/WARN] [net.minecraft.server.MinecraftServer/]: Can't keep up! Is the server overloaded? Running 2006ms or 40 ticks behind
[10sept.2026 16:20:34.135] [Server thread/WARN] [net.minecraft.server.MinecraftServer/]: Can't keep up! Is the server overloaded? Running 2000ms or 40 ticks behind
[10sept.2026 16:20:53.637] [Server thread/WARN] [net.minecraft.server.MinecraftServer/]: Can't keep up! Is the server overloaded? Running 2002ms or 40 ticks behind
[10sept.2026 16:21:13.691] [Server thread/WARN] [net.minecraft.server.MinecraftServer/]: Can't keep up! Is the server overloaded? Running 2006ms or 40 ticks behind
[10sept.2026 16:21:40.336] [Server thread/WARN] [net.minecraft.server.MinecraftServer/]: Can't keep up! Is the server overloaded? Running 2001ms or 40 ticks behind
[10sept.2026 16:22:03.337] [Server thread/WARN] [net.minecraft.server.MinecraftServer/]: Can't keep up! Is the server overloaded? Running 2002ms or 40 ticks behind
[10sept.2026 16:22:24.786] [Server thread/WARN] [net.minecraft.server.MinecraftServer/]: Can't keep up! Is the server overloaded? Running 2001ms or 40 ticks behind
[10sept.2026 16:22:46.540] [Server thread/WARN] [net.minecraft.server.MinecraftServer/]: Can't keep up! Is the server overloaded? Running 2004ms or 40 ticks behind
[10sept.2026 16:23:06.040] [Server thread/WARN] [net.minecraft.server.MinecraftServer/]: Can't keep up! Is the server overloaded? Running 2005ms or 40 ticks behind
[10sept.2026 16:23:29.586] [Server thread/WARN] [net.minecraft.server.MinecraftServer/]: Can't keep up! Is the server overloaded? Running 2001ms or 40 ticks behind
[10sept.2026 16:23:51.390] [Server thread/WARN] [net.minecraft.server.MinecraftServer/]: Can't keep up! Is the server overloaded? Running 2005ms or 40 ticks behind
[10sept.2026 16:24:15.285] [Server thread/WARN] [net.minecraft.server.MinecraftServer/]: Can't keep up! Is the server overloaded? Running 2000ms or 40 ticks behind
[10sept.2026 16:24:38.159] [Server thread/WARN] [net.minecraft.server.MinecraftServer/]: Can't keep up! Is the server overloaded? Running 2025ms or 40 ticks behind
[10sept.2026 16:24:57.259] [Server thread/WARN] [net.minecraft.server.MinecraftServer/]: Can't keep up! Is the server overloaded? Running 4123ms or 82 ticks behind
[10sept.2026 16:25:16.075] [Server thread/WARN] [net.minecraft.server.MinecraftServer/]: Can't keep up! Is the server overloaded? Running 3840ms or 76 ticks behind
[10sept.2026 16:25:40.265] [Server thread/WARN] [net.minecraft.server.MinecraftServer/]: Can't keep up! Is the server overloaded? Running 9230ms or 184 ticks behind
[10sept.2026 16:26:01.109] [Server thread/WARN] [net.minecraft.server.MinecraftServer/]: Can't keep up! Is the server overloaded? Running 5874ms or 117 ticks behind
[10sept.2026 16:26:21.618] [Server thread/WARN] [net.minecraft.server.MinecraftServer/]: Can't keep up! Is the server overloaded? Running 5533ms or 110 ticks behind
[10sept.2026 16:26:41.846] [Server thread/WARN] [net.minecraft.server.MinecraftServer/]: Can't keep up! Is the server overloaded? Running 5261ms or 105 ticks behind
[10sept.2026 16:27:02.127] [Server thread/WARN] [net.minecraft.server.MinecraftServer/]: Can't keep up! Is the server overloaded? Running 5292ms or 105 ticks behind
[10sept.2026 16:27:22.363] [Server thread/WARN] [net.minecraft.server.MinecraftServer/]: Can't keep up! Is the server overloaded? Running 5278ms or 105 ticks behind
[10sept.2026 16:27:42.682] [Server thread/WARN] [net.minecraft.server.MinecraftServer/]: Can't keep up! Is the server overloaded? Running 5348ms or 106 ticks behind
[10sept.2026 16:28:03.074] [Server thread/WARN] [net.minecraft.server.MinecraftServer/]: Can't keep up! Is the server overloaded? Running 5439ms or 108 ticks behind
[10sept.2026 16:28:21.842] [Server thread/WARN] [net.minecraft.server.MinecraftServer/]: Can't keep up! Is the server overloaded? Running 3807ms or 76 ticks behind
[10sept.2026 16:28:40.785] [Server thread/WARN] [net.minecraft.server.MinecraftServer/]: Can't keep up! Is the server overloaded? Running 3950ms or 79 ticks behind
[10sept.2026 16:28:59.618] [Server thread/WARN] [net.minecraft.server.MinecraftServer/]: Can't keep up! Is the server overloaded? Running 3832ms or 76 ticks behind
[10sept.2026 16:29:15.601] [Server thread/INFO] [AllTheLeaks/]: Listing events...
[10sept.2026 16:29:15.602] [Server thread/INFO] [AllTheLeaks/]: Listing memory leaks so far...
[10sept.2026 16:29:15.602] [Server thread/INFO] [AllTheLeaks/]: B: 858MB / C: 1036MB / Diff: +178MB
[10sept.2026 16:29:15.602] [Server thread/INFO] [AllTheLeaks/]: No memory leak detected!
[10sept.2026 16:29:18.718] [Server thread/WARN] [net.minecraft.server.MinecraftServer/]: Can't keep up! Is the server overloaded? Running 4133ms or 82 ticks behind
[10sept.2026 16:29:37.701] [Server thread/WARN] [net.minecraft.server.MinecraftServer/]: Can't keep up! Is the server overloaded? Running 4016ms or 80 ticks behind
[10sept.2026 16:29:56.636] [Server thread/WARN] [net.minecraft.server.MinecraftServer/]: Can't keep up! Is the server overloaded? Running 3951ms or 79 ticks behind
[10sept.2026 16:30:15.380] [Server thread/WARN] [net.minecraft.server.MinecraftServer/]: Can't keep up! Is the server overloaded? Running 3746ms or 74 ticks behind
[10sept.2026 16:30:34.276] [Server thread/WARN] [net.minecraft.server.MinecraftServer/]: Can't keep up! Is the server overloaded? Running 3941ms or 78 ticks behind
[10sept.2026 16:30:53.228] [Server thread/WARN] [net.minecraft.server.MinecraftServer/]: Can't keep up! Is the server overloaded? Running 3993ms or 79 ticks behind
[10sept.2026 16:31:12.130] [Server thread/WARN] [net.minecraft.server.MinecraftServer/]: Can't keep up! Is the server overloaded? Running 3945ms or 78 ticks behind
[10sept.2026 16:31:31.520] [Server thread/WARN] [net.minecraft.server.MinecraftServer/]: Can't keep up! Is the server overloaded? Running 4435ms or 88 ticks behind
[10sept.2026 16:31:48.516] [Server thread/WARN] [net.minecraft.server.MinecraftServer/]: Can't keep up! Is the server overloaded? Running 2031ms or 40 ticks behind
[10sept.2026 16:32:07.635] [Server thread/WARN] [net.minecraft.server.MinecraftServer/]: Can't keep up! Is the server overloaded? Running 2000ms or 40 ticks behind
[10sept.2026 16:32:26.340] [Server thread/WARN] [net.minecraft.server.MinecraftServer/]: Can't keep up! Is the server overloaded? Running 2004ms or 40 ticks behind
[10sept.2026 16:32:44.135] [Server thread/WARN] [net.minecraft.server.MinecraftServer/]: Can't keep up! Is the server overloaded? Running 2001ms or 40 ticks behind
[10sept.2026 16:33:03.189] [Server thread/WARN] [net.minecraft.server.MinecraftServer/]: Can't keep up! Is the server overloaded? Running 2004ms or 40 ticks behind
[10sept.2026 16:33:23.242] [Server thread/WARN] [net.minecraft.server.MinecraftServer/]: Can't keep up! Is the server overloaded? Running 2008ms or 40 ticks behind
[10sept.2026 16:33:44.485] [Server thread/WARN] [net.minecraft.server.MinecraftServer/]: Can't keep up! Is the server overloaded? Running 2000ms or 40 ticks behind
[10sept.2026 16:34:03.088] [Server thread/WARN] [net.minecraft.server.MinecraftServer/]: Can't keep up! Is the server overloaded? Running 2003ms or 40 ticks behind
[10sept.2026 16:34:22.190] [Server thread/WARN] [net.minecraft.server.MinecraftServer/]: Can't keep up! Is the server overloaded? Running 2005ms or 40 ticks behind
[10sept.2026 16:34:44.586] [Server thread/WARN] [net.minecraft.server.MinecraftServer/]: Can't keep up! Is the server overloaded? Running 2001ms or 40 ticks behind
[10sept.2026 16:35:04.487] [Server thread/WARN] [net.minecraft.server.MinecraftServer/]: Can't keep up! Is the server overloaded? Running 2002ms or 40 ticks behind
[10sept.2026 16:35:21.634] [Server thread/WARN] [net.minecraft.server.MinecraftServer/]: Can't keep up! Is the server overloaded? Running 2000ms or 40 ticks behind
[10sept.2026 16:35:38.735] [Server thread/WARN] [net.minecraft.server.MinecraftServer/]: Can't keep up! Is the server overloaded? Running 2100ms or 42 ticks behind
[10sept.2026 16:36:00.085] [Server thread/WARN] [net.minecraft.server.MinecraftServer/]: Can't keep up! Is the server overloaded? Running 2000ms or 40 ticks behind
[10sept.2026 16:36:17.755] [Server thread/WARN] [net.minecraft.server.MinecraftServer/]: Can't keep up! Is the server overloaded? Running 2670ms or 53 ticks behind
[10sept.2026 16:36:34.887] [Server thread/WARN] [net.minecraft.server.MinecraftServer/]: Can't keep up! Is the server overloaded? Running 2152ms or 43 ticks behind
[10sept.2026 16:36:52.137] [Server thread/WARN] [net.minecraft.server.MinecraftServer/]: Can't keep up! Is the server overloaded? Running 2001ms or 40 ticks behind
[10sept.2026 16:37:09.588] [Server thread/WARN] [net.minecraft.server.MinecraftServer/]: Can't keep up! Is the server overloaded? Running 2453ms or 49 ticks behind
[10sept.2026 16:37:27.035] [Server thread/WARN] [net.minecraft.server.MinecraftServer/]: Can't keep up! Is the server overloaded? Running 2000ms or 40 ticks behind
[10sept.2026 16:38:00.891] [Server thread/WARN] [net.minecraft.server.MinecraftServer/]: Can't keep up! Is the server overloaded? Running 2006ms or 40 ticks behind
[10sept.2026 16:38:18.909] [Server thread/WARN] [net.minecraft.server.MinecraftServer/]: Can't keep up! Is the server overloaded? Running 3025ms or 60 ticks behind
[10sept.2026 16:38:36.422] [Server thread/WARN] [net.minecraft.server.MinecraftServer/]: Can't keep up! Is the server overloaded? Running 2537ms or 50 ticks behind
[10sept.2026 16:38:53.915] [Server thread/WARN] [net.minecraft.server.MinecraftServer/]: Can't keep up! Is the server overloaded? Running 2530ms or 50 ticks behind
[10sept.2026 16:39:11.548] [Server thread/WARN] [net.minecraft.server.MinecraftServer/]: Can't keep up! Is the server overloaded? Running 2663ms or 53 ticks behind
[10sept.2026 16:39:29.512] [Server thread/WARN] [net.minecraft.server.MinecraftServer/]: Can't keep up! Is the server overloaded? Running 2977ms or 59 ticks behind
[10sept.2026 16:39:47.017] [Server thread/WARN] [net.minecraft.server.MinecraftServer/]: Can't keep up! Is the server overloaded? Running 2532ms or 50 ticks behind
[10sept.2026 16:40:04.545] [Server thread/WARN] [net.minecraft.server.MinecraftServer/]: Can't keep up! Is the server overloaded? Running 2560ms or 51 ticks behind
[10sept.2026 16:40:23.038] [Server thread/WARN] [net.minecraft.server.MinecraftServer/]: Can't keep up! Is the server overloaded? Running 3503ms or 70 ticks behind
[10sept.2026 16:40:41.285] [Server thread/WARN] [net.minecraft.server.MinecraftServer/]: Can't keep up! Is the server overloaded? Running 3250ms or 65 ticks behind
[10sept.2026 16:40:53.003] [Server thread/INFO] [AllTheLeaks/]: Listing events...
[10sept.2026 16:40:53.003] [Server thread/INFO] [AllTheLeaks/]: Listing memory leaks so far...
[10sept.2026 16:40:53.004] [Server thread/INFO] [AllTheLeaks/]: B: 858MB / C: 1020MB / Diff: +162MB
[10sept.2026 16:40:53.004] [Server thread/INFO] [AllTheLeaks/]: No memory leak detected!
[10sept.2026 16:40:59.412] [Server thread/WARN] [net.minecraft.server.MinecraftServer/]: Can't keep up! Is the server overloaded? Running 3127ms or 62 ticks behind
[10sept.2026 16:41:17.507] [Server thread/WARN] [net.minecraft.server.MinecraftServer/]: Can't keep up! Is the server overloaded? Running 3122ms or 62 ticks behind
[10sept.2026 16:41:34.927] [Server thread/WARN] [net.minecraft.server.MinecraftServer/]: Can't keep up! Is the server overloaded? Running 2442ms or 48 ticks behind
[10sept.2026 16:41:53.902] [Server thread/WARN] [net.minecraft.server.MinecraftServer/]: Can't keep up! Is the server overloaded? Running 4017ms or 80 ticks behind
[10sept.2026 16:42:17.014] [Server thread/WARN] [net.minecraft.server.MinecraftServer/]: Can't keep up! Is the server overloaded? Running 2029ms or 40 ticks behind
[10sept.2026 16:42:42.684] [Server thread/WARN] [net.minecraft.server.MinecraftServer/]: Can't keep up! Is the server overloaded? Running 10699ms or 213 ticks behind
[10sept.2026 16:43:02.451] [Server thread/WARN] [net.minecraft.server.MinecraftServer/]: Can't keep up! Is the server overloaded? Running 4817ms or 96 ticks behind
[10sept.2026 16:43:20.991] [Server thread/WARN] [net.minecraft.server.MinecraftServer/]: Can't keep up! Is the server overloaded? Running 3557ms or 71 ticks behind
[10sept.2026 16:43:40.484] [Server thread/WARN] [net.minecraft.server.MinecraftServer/]: Can't keep up! Is the server overloaded? Running 2000ms or 40 ticks behind
[10sept.2026 16:44:01.295] [Server thread/WARN] [net.minecraft.server.MinecraftServer/]: Can't keep up! Is the server overloaded? Running 2011ms or 40 ticks behind
[10sept.2026 16:44:18.552] [Server thread/WARN] [net.minecraft.server.MinecraftServer/]: Can't keep up! Is the server overloaded? Running 2267ms or 45 ticks behind
[10sept.2026 16:44:36.447] [Server thread/WARN] [net.minecraft.server.MinecraftServer/]: Can't keep up! Is the server overloaded? Running 2912ms or 58 ticks behind
[10sept.2026 16:44:53.536] [Server thread/WARN] [net.minecraft.server.MinecraftServer/]: Can't keep up! Is the server overloaded? Running 2101ms or 42 ticks behind
[10sept.2026 16:45:11.887] [Server thread/WARN] [net.minecraft.server.MinecraftServer/]: Can't keep up! Is the server overloaded? Running 2002ms or 40 ticks behind
[10sept.2026 16:45:29.591] [Server thread/WARN] [net.minecraft.server.MinecraftServer/]: Can't keep up! Is the server overloaded? Running 2007ms or 40 ticks behind
[10sept.2026 16:45:47.621] [Server thread/WARN] [net.minecraft.server.MinecraftServer/]: Can't keep up! Is the server overloaded? Running 3036ms or 60 ticks behind
[10sept.2026 16:46:08.136] [Server thread/WARN] [net.minecraft.server.MinecraftServer/]: Can't keep up! Is the server overloaded? Running 2002ms or 40 ticks behind
[10sept.2026 16:46:25.276] [Server thread/WARN] [net.minecraft.server.MinecraftServer/]: Can't keep up! Is the server overloaded? Running 2141ms or 42 ticks behind
[10sept.2026 16:46:43.989] [Server thread/WARN] [net.minecraft.server.MinecraftServer/]: Can't keep up! Is the server overloaded? Running 2004ms or 40 ticks behind
[10sept.2026 16:47:01.087] [Server thread/WARN] [net.minecraft.server.MinecraftServer/]: Can't keep up! Is the server overloaded? Running 2002ms or 40 ticks behind
[10sept.2026 16:47:19.099] [Server thread/WARN] [net.minecraft.server.MinecraftServer/]: Can't keep up! Is the server overloaded? Running 3014ms or 60 ticks behind
[10sept.2026 16:47:43.534] [Server thread/WARN] [net.minecraft.server.MinecraftServer/]: Can't keep up! Is the server overloaded? Running 2000ms or 40 ticks behind
[10sept.2026 16:48:06.645] [Server thread/WARN] [net.minecraft.server.MinecraftServer/]: Can't keep up! Is the server overloaded? Running 2011ms or 40 ticks behind
[10sept.2026 16:48:23.927] [Server thread/WARN] [net.minecraft.server.MinecraftServer/]: Can't keep up! Is the server overloaded? Running 2292ms or 45 ticks behind
[10sept.2026 16:48:49.242] [Server thread/WARN] [net.minecraft.server.MinecraftServer/]: Can't keep up! Is the server overloaded? Running 2008ms or 40 ticks behind
[10sept.2026 16:49:11.939] [Server thread/WARN] [net.minecraft.server.MinecraftServer/]: Can't keep up! Is the server overloaded? Running 2004ms or 40 ticks behind
[10sept.2026 16:49:35.637] [Server thread/WARN] [net.minecraft.server.MinecraftServer/]: Can't keep up! Is the server overloaded? Running 2002ms or 40 ticks behind
[10sept.2026 16:49:59.597] [Server thread/WARN] [net.minecraft.server.MinecraftServer/]: Can't keep up! Is the server overloaded? Running 2012ms or 40 ticks behind
[10sept.2026 16:50:21.935] [Server thread/WARN] [net.minecraft.server.MinecraftServer/]: Can't keep up! Is the server overloaded? Running 2001ms or 40 ticks behind
[10sept.2026 16:50:38.967] [Server thread/WARN] [net.minecraft.server.MinecraftServer/]: Can't keep up! Is the server overloaded? Running 2032ms or 40 ticks behind
[10sept.2026 16:50:58.435] [Server thread/WARN] [net.minecraft.server.MinecraftServer/]: Can't keep up! Is the server overloaded? Running 2000ms or 40 ticks behind
[10sept.2026 16:51:16.737] [Server thread/WARN] [net.minecraft.server.MinecraftServer/]: Can't keep up! Is the server overloaded? Running 2003ms or 40 ticks behind
[10sept.2026 16:51:35.058] [Server thread/WARN] [net.minecraft.server.MinecraftServer/]: Can't keep up! Is the server overloaded? Running 3323ms or 66 ticks behind
[10sept.2026 16:51:52.698] [Server thread/WARN] [net.minecraft.server.MinecraftServer/]: Can't keep up! Is the server overloaded? Running 2663ms or 53 ticks behind
[10sept.2026 16:52:10.386] [Server thread/WARN] [net.minecraft.server.MinecraftServer/]: Can't keep up! Is the server overloaded? Running 2702ms or 54 ticks behind
[10sept.2026 16:52:27.640] [Server thread/INFO] [AllTheLeaks/]: Listing events...
[10sept.2026 16:52:27.640] [Server thread/INFO] [AllTheLeaks/]: Listing memory leaks so far...
[10sept.2026 16:52:27.641] [Server thread/INFO] [AllTheLeaks/]: B: 858MB / C: 1050MB / Diff: +192MB
[10sept.2026 16:52:27.641] [Server thread/INFO] [AllTheLeaks/]: No memory leak detected!
[10sept.2026 16:52:28.491] [Server thread/WARN] [net.minecraft.server.MinecraftServer/]: Can't keep up! Is the server overloaded? Running 3106ms or 62 ticks behind
[10sept.2026 16:52:45.628] [Server thread/WARN] [net.minecraft.server.MinecraftServer/]: Can't keep up! Is the server overloaded? Running 2143ms or 42 ticks behind
[10sept.2026 16:53:07.835] [Server thread/WARN] [net.minecraft.server.MinecraftServer/]: Can't keep up! Is the server overloaded? Running 2000ms or 40 ticks behind
[10sept.2026 16:53:29.288] [Server thread/WARN] [net.minecraft.server.MinecraftServer/]: Can't keep up! Is the server overloaded? Running 2003ms or 40 ticks behind
[10sept.2026 16:53:50.487] [Server thread/WARN] [net.minecraft.server.MinecraftServer/]: Can't keep up! Is the server overloaded? Running 2002ms or 40 ticks behind
[10sept.2026 16:54:10.747] [Server thread/WARN] [net.minecraft.server.MinecraftServer/]: Can't keep up! Is the server overloaded? Running 2012ms or 40 ticks behind
[10sept.2026 16:54:28.231] [Server thread/WARN] [net.minecraft.server.MinecraftServer/]: Can't keep up! Is the server overloaded? Running 2496ms or 49 ticks behind
[10sept.2026 16:54:45.929] [Server thread/WARN] [net.minecraft.server.MinecraftServer/]: Can't keep up! Is the server overloaded? Running 2744ms or 54 ticks behind
[10sept.2026 16:55:03.352] [Server thread/WARN] [net.minecraft.server.MinecraftServer/]: Can't keep up! Is the server overloaded? Running 2467ms or 49 ticks behind
[10sept.2026 16:55:21.743] [Server thread/WARN] [net.minecraft.server.MinecraftServer/]: Can't keep up! Is the server overloaded? Running 2009ms or 40 ticks behind
[10sept.2026 16:55:42.485] [Server thread/WARN] [net.minecraft.server.MinecraftServer/]: Can't keep up! Is the server overloaded? Running 2000ms or 40 ticks behind
[10sept.2026 16:56:05.988] [Server thread/WARN] [net.minecraft.server.MinecraftServer/]: Can't keep up! Is the server overloaded? Running 2002ms or 40 ticks behind
[10sept.2026 16:56:28.641] [Server thread/WARN] [net.minecraft.server.MinecraftServer/]: Can't keep up! Is the server overloaded? Running 2006ms or 40 ticks behind
[10sept.2026 16:56:47.034] [Server thread/WARN] [net.minecraft.server.MinecraftServer/]: Can't keep up! Is the server overloaded? Running 2000ms or 40 ticks behind
[10sept.2026 16:57:10.437] [Server thread/WARN] [net.minecraft.server.MinecraftServer/]: Can't keep up! Is the server overloaded? Running 2002ms or 40 ticks behind
[10sept.2026 16:57:32.285] [Server thread/WARN] [net.minecraft.server.MinecraftServer/]: Can't keep up! Is the server overloaded? Running 2000ms or 40 ticks behind
[10sept.2026 16:57:53.841] [Server thread/WARN] [net.minecraft.server.MinecraftServer/]: Can't keep up! Is the server overloaded? Running 2006ms or 40 ticks behind
[10sept.2026 16:58:12.937] [Server thread/WARN] [net.minecraft.server.MinecraftServer/]: Can't keep up! Is the server overloaded? Running 2002ms or 40 ticks behind
[10sept.2026 16:58:33.336] [Server thread/WARN] [net.minecraft.server.MinecraftServer/]: Can't keep up! Is the server overloaded? Running 2002ms or 40 ticks behind
[10sept.2026 16:58:53.534] [Server thread/WARN] [net.minecraft.server.MinecraftServer/]: Can't keep up! Is the server overloaded? Running 2000ms or 40 ticks behind
[10sept.2026 16:59:11.686] [Server thread/WARN] [net.minecraft.server.MinecraftServer/]: Can't keep up! Is the server overloaded? Running 2000ms or 40 ticks behind
[10sept.2026 16:59:29.189] [Server thread/WARN] [net.minecraft.server.MinecraftServer/]: Can't keep up! Is the server overloaded? Running 2004ms or 40 ticks behind
[10sept.2026 16:59:46.225] [Server thread/WARN] [net.minecraft.server.MinecraftServer/]: Can't keep up! Is the server overloaded? Running 2040ms or 40 ticks behind
[10sept.2026 17:00:04.041] [Server thread/WARN] [net.minecraft.server.MinecraftServer/]: Can't keep up! Is the server overloaded? Running 2005ms or 40 ticks behind
[10sept.2026 17:00:25.585] [Server thread/WARN] [net.minecraft.server.MinecraftServer/]: Can't keep up! Is the server overloaded? Running 2001ms or 40 ticks behind
[10sept.2026 17:00:42.736] [Server thread/WARN] [net.minecraft.server.MinecraftServer/]: Can't keep up! Is the server overloaded? Running 2001ms or 40 ticks behind
[10sept.2026 17:01:06.497] [Server thread/WARN] [net.minecraft.server.MinecraftServer/]: Can't keep up! Is the server overloaded? Running 2013ms or 40 ticks behind
[10sept.2026 17:01:30.284] [Server thread/WARN] [net.minecraft.server.MinecraftServer/]: Can't keep up! Is the server overloaded? Running 2000ms or 40 ticks behind
[10sept.2026 17:01:55.040] [Server thread/WARN] [net.minecraft.server.MinecraftServer/]: Can't keep up! Is the server overloaded? Running 2005ms or 40 ticks behind
[10sept.2026 17:02:14.239] [Server thread/WARN] [net.minecraft.server.MinecraftServer/]: Can't keep up! Is the server overloaded? Running 2004ms or 40 ticks behind
[10sept.2026 17:02:34.299] [Server thread/WARN] [net.minecraft.server.MinecraftServer/]: Can't keep up! Is the server overloaded? Running 2014ms or 40 ticks behind
[10sept.2026 17:02:58.434] [Server thread/WARN] [net.minecraft.server.MinecraftServer/]: Can't keep up! Is the server overloaded? Running 2000ms or 40 ticks behind
[10sept.2026 17:03:16.740] [Server thread/WARN] [net.minecraft.server.MinecraftServer/]: Can't keep up! Is the server overloaded? Running 2006ms or 40 ticks behind
[10sept.2026 17:03:34.671] [Server thread/WARN] [net.minecraft.server.MinecraftServer/]: Can't keep up! Is the server overloaded? Running 2036ms or 40 ticks behind
[10sept.2026 17:03:35.854] [Server thread/INFO] [AllTheLeaks/]: Listing events...
[10sept.2026 17:03:35.854] [Server thread/INFO] [AllTheLeaks/]: Listing memory leaks so far...
[10sept.2026 17:03:35.855] [Server thread/INFO] [AllTheLeaks/]: B: 858MB / C: 1019MB / Diff: +161MB
[10sept.2026 17:03:35.855] [Server thread/INFO] [AllTheLeaks/]: No memory leak detected!
[10sept.2026 17:03:51.994] [Server thread/WARN] [net.minecraft.server.MinecraftServer/]: Can't keep up! Is the server overloaded? Running 2359ms or 47 ticks behind
[10sept.2026 17:04:09.193] [Server thread/WARN] [net.minecraft.server.MinecraftServer/]: Can't keep up! Is the server overloaded? Running 2209ms or 44 ticks behind
[10sept.2026 17:04:26.416] [Server thread/WARN] [net.minecraft.server.MinecraftServer/]: Can't keep up! Is the server overloaded? Running 2231ms or 44 ticks behind
[10sept.2026 17:04:43.494] [Server thread/WARN] [net.minecraft.server.MinecraftServer/]: Can't keep up! Is the server overloaded? Running 2011ms or 40 ticks behind
[10sept.2026 17:05:00.525] [Server thread/WARN] [net.minecraft.server.MinecraftServer/]: Can't keep up! Is the server overloaded? Running 2040ms or 40 ticks behind
[10sept.2026 17:05:17.489] [Server thread/WARN] [net.minecraft.server.MinecraftServer/]: Can't keep up! Is the server overloaded? Running 2004ms or 40 ticks behind
[10sept.2026 17:05:34.593] [Server thread/WARN] [net.minecraft.server.MinecraftServer/]: Can't keep up! Is the server overloaded? Running 2108ms or 42 ticks behind
[10sept.2026 17:05:51.735] [Server thread/WARN] [net.minecraft.server.MinecraftServer/]: Can't keep up! Is the server overloaded? Running 2150ms or 43 ticks behind
[10sept.2026 17:06:11.038] [Server thread/WARN] [net.minecraft.server.MinecraftServer/]: Can't keep up! Is the server overloaded? Running 2003ms or 40 ticks behind
[10sept.2026 17:06:28.436] [Server thread/WARN] [net.minecraft.server.MinecraftServer/]: Can't keep up! Is the server overloaded? Running 2401ms or 48 ticks behind
[10sept.2026 17:06:46.398] [Server thread/WARN] [net.minecraft.server.MinecraftServer/]: Can't keep up! Is the server overloaded? Running 2963ms or 59 ticks behind
[10sept.2026 17:07:10.837] [Server thread/WARN] [net.minecraft.server.MinecraftServer/]: Can't keep up! Is the server overloaded? Running 2003ms or 40 ticks behind
[10sept.2026 17:07:36.898] [Server thread/WARN] [net.minecraft.server.MinecraftServer/]: Can't keep up! Is the server overloaded? Running 2013ms or 40 ticks behind
[10sept.2026 17:08:01.341] [Server thread/WARN] [net.minecraft.server.MinecraftServer/]: Can't keep up! Is the server overloaded? Running 2006ms or 40 ticks behind
[10sept.2026 17:08:26.085] [Server thread/WARN] [net.minecraft.server.MinecraftServer/]: Can't keep up! Is the server overloaded? Running 2000ms or 40 ticks behind
[10sept.2026 17:08:50.241] [Server thread/WARN] [net.minecraft.server.MinecraftServer/]: Can't keep up! Is the server overloaded? Running 2006ms or 40 ticks behind
[10sept.2026 17:09:13.841] [Server thread/WARN] [net.minecraft.server.MinecraftServer/]: Can't keep up! Is the server overloaded? Running 2006ms or 40 ticks behind
[10sept.2026 17:09:42.147] [Server thread/WARN] [net.minecraft.server.MinecraftServer/]: Can't keep up! Is the server overloaded? Running 2012ms or 40 ticks behind
[10sept.2026 17:10:14.396] [Server thread/WARN] [net.minecraft.server.MinecraftServer/]: Can't keep up! Is the server overloaded? Running 2011ms or 40 ticks behind
[10sept.2026 17:10:36.488] [Server thread/WARN] [net.minecraft.server.MinecraftServer/]: Can't keep up! Is the server overloaded? Running 2003ms or 40 ticks behind
[10sept.2026 17:11:02.435] [Server thread/WARN] [net.minecraft.server.MinecraftServer/]: Can't keep up! Is the server overloaded? Running 2001ms or 40 ticks behind
[10sept.2026 17:11:27.639] [Server thread/WARN] [net.minecraft.server.MinecraftServer/]: Can't keep up! Is the server overloaded? Running 2004ms or 40 ticks behind
[10sept.2026 17:11:55.391] [Server thread/WARN] [net.minecraft.server.MinecraftServer/]: Can't keep up! Is the server overloaded? Running 2006ms or 40 ticks behind
[10sept.2026 17:12:23.895] [Server thread/WARN] [net.minecraft.server.MinecraftServer/]: Can't keep up! Is the server overloaded? Running 2010ms or 40 ticks behind
[10sept.2026 17:12:50.037] [Server thread/WARN] [net.minecraft.server.MinecraftServer/]: Can't keep up! Is the server overloaded? Running 2002ms or 40 ticks behind
[10sept.2026 17:13:19.640] [Server thread/WARN] [net.minecraft.server.MinecraftServer/]: Can't keep up! Is the server overloaded? Running 2005ms or 40 ticks behind
[10sept.2026 17:13:51.887] [Server thread/WARN] [net.minecraft.server.MinecraftServer/]: Can't keep up! Is the server overloaded? Running 2002ms or 40 ticks behind
[10sept.2026 17:14:14.837] [Server thread/WARN] [net.minecraft.server.MinecraftServer/]: Can't keep up! Is the server overloaded? Running 2002ms or 40 ticks behind
[10sept.2026 17:14:35.094] [Server thread/WARN] [net.minecraft.server.MinecraftServer/]: Can't keep up! Is the server overloaded? Running 2009ms or 40 ticks behind
[10sept.2026 17:14:36.145] [Server thread/INFO] [AllTheLeaks/]: Listing events...
[10sept.2026 17:14:36.145] [Server thread/INFO] [AllTheLeaks/]: Listing memory leaks so far...
[10sept.2026 17:14:36.146] [Server thread/INFO] [AllTheLeaks/]: B: 858MB / C: 1043MB / Diff: +185MB
[10sept.2026 17:14:36.146] [Server thread/INFO] [AllTheLeaks/]: No memory leak detected!
[10sept.2026 17:15:00.889] [Server thread/WARN] [net.minecraft.server.MinecraftServer/]: Can't keep up! Is the server overloaded? Running 2005ms or 40 ticks behind
[10sept.2026 17:15:29.346] [Server thread/WARN] [net.minecraft.server.MinecraftServer/]: Can't keep up! Is the server overloaded? Running 2012ms or 40 ticks behind
[10sept.2026 17:15:52.938] [Server thread/WARN] [net.minecraft.server.MinecraftServer/]: Can't keep up! Is the server overloaded? Running 2003ms or 40 ticks behind
[10sept.2026 17:16:19.385] [Server thread/WARN] [net.minecraft.server.MinecraftServer/]: Can't keep up! Is the server overloaded? Running 2001ms or 40 ticks behind
[10sept.2026 17:16:39.691] [Server thread/WARN] [net.minecraft.server.MinecraftServer/]: Can't keep up! Is the server overloaded? Running 2006ms or 40 ticks behind
[10sept.2026 17:17:04.235] [Server thread/WARN] [net.minecraft.server.MinecraftServer/]: Can't keep up! Is the server overloaded? Running 2001ms or 40 ticks behind
[10sept.2026 17:17:30.136] [Server thread/WARN] [net.minecraft.server.MinecraftServer/]: Can't keep up! Is the server overloaded? Running 2001ms or 40 ticks behind
[10sept.2026 17:17:53.643] [Server thread/WARN] [net.minecraft.server.MinecraftServer/]: Can't keep up! Is the server overloaded? Running 2009ms or 40 ticks behind
[10sept.2026 17:18:13.044] [Server thread/WARN] [net.minecraft.server.MinecraftServer/]: Can't keep up! Is the server overloaded? Running 2009ms or 40 ticks behind
[10sept.2026 17:18:35.994] [Server thread/WARN] [net.minecraft.server.MinecraftServer/]: Can't keep up! Is the server overloaded? Running 2010ms or 40 ticks behind
[10sept.2026 17:19:02.035] [Server thread/WARN] [net.minecraft.server.MinecraftServer/]: Can't keep up! Is the server overloaded? Running 2001ms or 40 ticks behind
[10sept.2026 17:19:31.735] [Server thread/WARN] [net.minecraft.server.MinecraftServer/]: Can't keep up! Is the server overloaded? Running 2000ms or 40 ticks behind
[10sept.2026 17:20:01.138] [Server thread/WARN] [net.minecraft.server.MinecraftServer/]: Can't keep up! Is the server overloaded? Running 2003ms or 40 ticks behind
[10sept.2026 17:20:22.044] [Server thread/WARN] [net.minecraft.server.MinecraftServer/]: Can't keep up! Is the server overloaded? Running 2009ms or 40 ticks behind
[10sept.2026 17:20:39.112] [Server thread/WARN] [net.minecraft.server.MinecraftServer/]: Can't keep up! Is the server overloaded? Running 2077ms or 41 ticks behind
[10sept.2026 17:21:01.442] [Server thread/WARN] [net.minecraft.server.MinecraftServer/]: Can't keep up! Is the server overloaded? Running 2007ms or 40 ticks behind
[10sept.2026 17:21:26.687] [Server thread/WARN] [net.minecraft.server.MinecraftServer/]: Can't keep up! Is the server overloaded? Running 2002ms or 40 ticks behind
[10sept.2026 17:21:43.804] [Server thread/WARN] [net.minecraft.server.MinecraftServer/]: Can't keep up! Is the server overloaded? Running 2119ms or 42 ticks behind
[10sept.2026 17:22:08.937] [Server thread/WARN] [net.minecraft.server.MinecraftServer/]: Can't keep up! Is the server overloaded? Running 2003ms or 40 ticks behind
[10sept.2026 17:22:31.746] [Server thread/WARN] [net.minecraft.server.MinecraftServer/]: Can't keep up! Is the server overloaded? Running 2012ms or 40 ticks behind
[10sept.2026 17:22:59.685] [Server thread/WARN] [net.minecraft.server.MinecraftServer/]: Can't keep up! Is the server overloaded? Running 2000ms or 40 ticks behind
[10sept.2026 17:23:24.539] [Server thread/WARN] [net.minecraft.server.MinecraftServer/]: Can't keep up! Is the server overloaded? Running 2004ms or 40 ticks behind
[10sept.2026 17:23:52.044] [Server thread/WARN] [net.minecraft.server.MinecraftServer/]: Can't keep up! Is the server overloaded? Running 2010ms or 40 ticks behind
[10sept.2026 17:24:20.938] [Server thread/WARN] [net.minecraft.server.MinecraftServer/]: Can't keep up! Is the server overloaded? Running 2004ms or 40 ticks behind
[10sept.2026 17:24:45.297] [Server thread/WARN] [net.minecraft.server.MinecraftServer/]: Can't keep up! Is the server overloaded? Running 2012ms or 40 ticks behind
[10sept.2026 17:25:10.987] [Server thread/WARN] [net.minecraft.server.MinecraftServer/]: Can't keep up! Is the server overloaded? Running 2003ms or 40 ticks behind
[10sept.2026 17:25:29.737] [Server thread/INFO] [AllTheLeaks/]: Listing events...
[10sept.2026 17:25:29.737] [Server thread/INFO] [AllTheLeaks/]: Listing memory leaks so far...
[10sept.2026 17:25:29.737] [Server thread/INFO] [AllTheLeaks/]: B: 858MB / C: 1020MB / Diff: +162MB
[10sept.2026 17:25:29.738] [Server thread/INFO] [AllTheLeaks/]: No memory leak detected!
[10sept.2026 17:25:35.848] [Server thread/WARN] [net.minecraft.server.MinecraftServer/]: Can't keep up! Is the server overloaded? Running 2013ms or 40 ticks behind
[10sept.2026 17:25:58.287] [Server thread/WARN] [net.minecraft.server.MinecraftServer/]: Can't keep up! Is the server overloaded? Running 2002ms or 40 ticks behind
[10sept.2026 17:26:24.185] [Server thread/WARN] [net.minecraft.server.MinecraftServer/]: Can't keep up! Is the server overloaded? Running 2000ms or 40 ticks behind
[10sept.2026 17:27:00.936] [Server thread/WARN] [net.minecraft.server.MinecraftServer/]: Can't keep up! Is the server overloaded? Running 2001ms or 40 ticks behind
[10sept.2026 17:27:42.194] [Server thread/WARN] [net.minecraft.server.MinecraftServer/]: Can't keep up! Is the server overloaded? Running 2009ms or 40 ticks behind
[10sept.2026 17:28:10.343] [Server thread/WARN] [net.minecraft.server.MinecraftServer/]: Can't keep up! Is the server overloaded? Running 2008ms or 40 ticks behind
[10sept.2026 17:28:33.286] [Server thread/WARN] [net.minecraft.server.MinecraftServer/]: Can't keep up! Is the server overloaded? Running 2001ms or 40 ticks behind
[10sept.2026 17:28:56.586] [Server thread/WARN] [net.minecraft.server.MinecraftServer/]: Can't keep up! Is the server overloaded? Running 2001ms or 40 ticks behind
[10sept.2026 17:29:18.987] [Server thread/WARN] [net.minecraft.server.MinecraftServer/]: Can't keep up! Is the server overloaded? Running 2002ms or 40 ticks behind
[10sept.2026 17:29:39.188] [Server thread/WARN] [net.minecraft.server.MinecraftServer/]: Can't keep up! Is the server overloaded? Running 2003ms or 40 ticks behind
[10sept.2026 17:30:01.988] [Server thread/WARN] [net.minecraft.server.MinecraftServer/]: Can't keep up! Is the server overloaded? Running 2003ms or 40 ticks behind
[10sept.2026 17:30:22.292] [Server thread/WARN] [net.minecraft.server.MinecraftServer/]: Can't keep up! Is the server overloaded? Running 2008ms or 40 ticks behind
[10sept.2026 17:30:39.930] [Server thread/WARN] [net.minecraft.server.MinecraftServer/]: Can't keep up! Is the server overloaded? Running 2645ms or 52 ticks behind
[10sept.2026 17:30:57.596] [Server thread/WARN] [net.minecraft.server.MinecraftServer/]: Can't keep up! Is the server overloaded? Running 2712ms or 54 ticks behind
[10sept.2026 17:31:14.797] [Server thread/WARN] [net.minecraft.server.MinecraftServer/]: Can't keep up! Is the server overloaded? Running 2213ms or 44 ticks behind
[10sept.2026 17:31:32.262] [Server thread/WARN] [net.minecraft.server.MinecraftServer/]: Can't keep up! Is the server overloaded? Running 2478ms or 49 ticks behind
[10sept.2026 17:31:49.800] [Server thread/WARN] [net.minecraft.server.MinecraftServer/]: Can't keep up! Is the server overloaded? Running 2565ms or 51 ticks behind
[10sept.2026 17:32:07.460] [Server thread/WARN] [net.minecraft.server.MinecraftServer/]: Can't keep up! Is the server overloaded? Running 2675ms or 53 ticks behind
[10sept.2026 17:32:25.228] [Server thread/WARN] [net.minecraft.server.MinecraftServer/]: Can't keep up! Is the server overloaded? Running 2793ms or 55 ticks behind
[10sept.2026 17:32:42.343] [Server thread/WARN] [net.minecraft.server.MinecraftServer/]: Can't keep up! Is the server overloaded? Running 2158ms or 43 ticks behind
[10sept.2026 17:33:03.016] [Server thread/WARN] [net.minecraft.server.MinecraftServer/]: Can't keep up! Is the server overloaded? Running 2031ms or 40 ticks behind
[10sept.2026 17:33:26.136] [Server thread/WARN] [net.minecraft.server.MinecraftServer/]: Can't keep up! Is the server overloaded? Running 2001ms or 40 ticks behind
[10sept.2026 17:33:56.039] [Server thread/WARN] [net.minecraft.server.MinecraftServer/]: Can't keep up! Is the server overloaded? Running 2004ms or 40 ticks behind
[10sept.2026 17:34:22.992] [Server thread/WARN] [net.minecraft.server.MinecraftServer/]: Can't keep up! Is the server overloaded? Running 2008ms or 40 ticks behind
[10sept.2026 17:34:51.335] [Server thread/WARN] [net.minecraft.server.MinecraftServer/]: Can't keep up! Is the server overloaded? Running 2000ms or 40 ticks behind
[10sept.2026 17:35:17.902] [Server thread/WARN] [net.minecraft.server.MinecraftServer/]: Can't keep up! Is the server overloaded? Running 2017ms or 40 ticks behind
[10sept.2026 17:35:40.585] [Server thread/WARN] [net.minecraft.server.MinecraftServer/]: Can't keep up! Is the server overloaded? Running 2000ms or 40 ticks behind
[10sept.2026 17:36:10.435] [Server thread/WARN] [net.minecraft.server.MinecraftServer/]: Can't keep up! Is the server overloaded? Running 2000ms or 40 ticks behind
[10sept.2026 17:36:29.323] [Server thread/WARN] [net.minecraft.server.MinecraftServer/]: Can't keep up! Is the server overloaded? Running 2039ms or 40 ticks behind
[10sept.2026 17:36:30.542] [Server thread/INFO] [AllTheLeaks/]: Listing events...
[10sept.2026 17:36:30.549] [Server thread/INFO] [AllTheLeaks/]: Listing memory leaks so far...
[10sept.2026 17:36:30.554] [Server thread/INFO] [AllTheLeaks/]: B: 858MB / C: 1038MB / Diff: +180MB
[10sept.2026 17:36:30.555] [Server thread/INFO] [AllTheLeaks/]: No memory leak detected!
[10sept.2026 17:36:46.371] [Server thread/WARN] [net.minecraft.server.MinecraftServer/]: Can't keep up! Is the server overloaded? Running 2086ms or 41 ticks behind
[10sept.2026 17:37:08.086] [Server thread/WARN] [net.minecraft.server.MinecraftServer/]: Can't keep up! Is the server overloaded? Running 2001ms or 40 ticks behind
[10sept.2026 17:37:34.036] [Server thread/WARN] [net.minecraft.server.MinecraftServer/]: Can't keep up! Is the server overloaded? Running 2000ms or 40 ticks behind
[10sept.2026 17:38:00.035] [Server thread/WARN] [net.minecraft.server.MinecraftServer/]: Can't keep up! Is the server overloaded? Running 2000ms or 40 ticks behind
[10sept.2026 17:38:21.935] [Server thread/WARN] [net.minecraft.server.MinecraftServer/]: Can't keep up! Is the server overloaded? Running 2000ms or 40 ticks behind
[10sept.2026 17:38:47.836] [Server thread/WARN] [net.minecraft.server.MinecraftServer/]: Can't keep up! Is the server overloaded? Running 2002ms or 40 ticks behind
[10sept.2026 17:39:08.992] [Server thread/WARN] [net.minecraft.server.MinecraftServer/]: Can't keep up! Is the server overloaded? Running 2007ms or 40 ticks behind
[10sept.2026 17:39:30.298] [Server thread/WARN] [net.minecraft.server.MinecraftServer/]: Can't keep up! Is the server overloaded? Running 2013ms or 40 ticks behind
[10sept.2026 17:39:51.637] [Server thread/WARN] [net.minecraft.server.MinecraftServer/]: Can't keep up! Is the server overloaded? Running 2002ms or 40 ticks behind
[10sept.2026 17:40:11.236] [Server thread/WARN] [net.minecraft.server.MinecraftServer/]: Can't keep up! Is the server overloaded? Running 2001ms or 40 ticks behind
[10sept.2026 17:40:28.303] [Server thread/WARN] [net.minecraft.server.MinecraftServer/]: Can't keep up! Is the server overloaded? Running 2068ms or 41 ticks behind
[10sept.2026 17:40:47.744] [Server thread/WARN] [net.minecraft.server.MinecraftServer/]: Can't keep up! Is the server overloaded? Running 2009ms or 40 ticks behind
[10sept.2026 17:41:10.545] [Server thread/WARN] [net.minecraft.server.MinecraftServer/]: Can't keep up! Is the server overloaded? Running 2010ms or 40 ticks behind
[10sept.2026 17:41:31.186] [Server thread/WARN] [net.minecraft.server.MinecraftServer/]: Can't keep up! Is the server overloaded? Running 2001ms or 40 ticks behind
[10sept.2026 17:41:54.387] [Server thread/WARN] [net.minecraft.server.MinecraftServer/]: Can't keep up! Is the server overloaded? Running 2002ms or 40 ticks behind
[10sept.2026 17:42:14.795] [Server thread/WARN] [net.minecraft.server.MinecraftServer/]: Can't keep up! Is the server overloaded? Running 2010ms or 40 ticks behind
[10sept.2026 17:42:32.049] [Server thread/WARN] [net.minecraft.server.MinecraftServer/]: Can't keep up! Is the server overloaded? Running 2263ms or 45 ticks behind
[10sept.2026 17:42:49.135] [Server thread/WARN] [net.minecraft.server.MinecraftServer/]: Can't keep up! Is the server overloaded? Running 2000ms or 40 ticks behind
[10sept.2026 17:43:10.087] [Server thread/WARN] [net.minecraft.server.MinecraftServer/]: Can't keep up! Is the server overloaded? Running 2002ms or 40 ticks behind
[10sept.2026 17:43:36.299] [Server thread/WARN] [net.minecraft.server.MinecraftServer/]: Can't keep up! Is the server overloaded? Running 2015ms or 40 ticks behind
[10sept.2026 17:44:04.285] [Server thread/WARN] [net.minecraft.server.MinecraftServer/]: Can't keep up! Is the server overloaded? Running 2000ms or 40 ticks behind
[10sept.2026 17:44:27.841] [Server thread/WARN] [net.minecraft.server.MinecraftServer/]: Can't keep up! Is the server overloaded? Running 2006ms or 40 ticks behind
[10sept.2026 17:44:51.741] [Server thread/WARN] [net.minecraft.server.MinecraftServer/]: Can't keep up! Is the server overloaded? Running 2006ms or 40 ticks behind
[10sept.2026 17:45:15.784] [Server thread/WARN] [net.minecraft.server.MinecraftServer/]: Can't keep up! Is the server overloaded? Running 2000ms or 40 ticks behind
[10sept.2026 17:45:40.387] [Server thread/WARN] [net.minecraft.server.MinecraftServer/]: Can't keep up! Is the server overloaded? Running 2002ms or 40 ticks behind
[10sept.2026 17:45:57.754] [Server thread/WARN] [net.minecraft.server.MinecraftServer/]: Can't keep up! Is the server overloaded? Running 2369ms or 47 ticks behind
[10sept.2026 17:46:15.155] [Server thread/WARN] [net.minecraft.server.MinecraftServer/]: Can't keep up! Is the server overloaded? Running 2421ms or 48 ticks behind
[10sept.2026 17:46:32.875] [Server thread/WARN] [net.minecraft.server.MinecraftServer/]: Can't keep up! Is the server overloaded? Running 2740ms or 54 ticks behind
[10sept.2026 17:46:50.189] [Server thread/WARN] [net.minecraft.server.MinecraftServer/]: Can't keep up! Is the server overloaded? Running 2354ms or 47 ticks behind
[10sept.2026 17:47:07.552] [Server thread/WARN] [net.minecraft.server.MinecraftServer/]: Can't keep up! Is the server overloaded? Running 2367ms or 47 ticks behind
[10sept.2026 17:47:24.707] [Server thread/WARN] [net.minecraft.server.MinecraftServer/]: Can't keep up! Is the server overloaded? Running 2172ms or 43 ticks behind
[10sept.2026 17:47:36.470] [Server thread/INFO] [AllTheLeaks/]: Listing events...
[10sept.2026 17:47:36.470] [Server thread/INFO] [AllTheLeaks/]: Listing memory leaks so far...
[10sept.2026 17:47:36.471] [Server thread/INFO] [AllTheLeaks/]: B: 858MB / C: 1027MB / Diff: +169MB
[10sept.2026 17:47:36.471] [Server thread/INFO] [AllTheLeaks/]: No memory leak detected!
[10sept.2026 17:47:42.088] [Server thread/WARN] [net.minecraft.server.MinecraftServer/]: Can't keep up! Is the server overloaded? Running 2003ms or 40 ticks behind
[10sept.2026 17:48:01.293] [Server thread/WARN] [net.minecraft.server.MinecraftServer/]: Can't keep up! Is the server overloaded? Running 2009ms or 40 ticks behind
[10sept.2026 17:48:18.838] [Server thread/WARN] [net.minecraft.server.MinecraftServer/]: Can't keep up! Is the server overloaded? Running 2553ms or 51 ticks behind
[10sept.2026 17:48:43.985] [Server thread/WARN] [net.minecraft.server.MinecraftServer/]: Can't keep up! Is the server overloaded? Running 2000ms or 40 ticks behind
[10sept.2026 17:49:02.689] [Server thread/WARN] [net.minecraft.server.MinecraftServer/]: Can't keep up! Is the server overloaded? Running 2005ms or 40 ticks behind
[10sept.2026 17:49:30.037] [Server thread/WARN] [net.minecraft.server.MinecraftServer/]: Can't keep up! Is the server overloaded? Running 2002ms or 40 ticks behind
[10sept.2026 17:49:59.289] [Server thread/WARN] [net.minecraft.server.MinecraftServer/]: Can't keep up! Is the server overloaded? Running 2004ms or 40 ticks behind
[10sept.2026 17:50:30.044] [Server thread/WARN] [net.minecraft.server.MinecraftServer/]: Can't keep up! Is the server overloaded? Running 2009ms or 40 ticks behind
[10sept.2026 17:50:53.939] [Server thread/WARN] [net.minecraft.server.MinecraftServer/]: Can't keep up! Is the server overloaded? Running 2004ms or 40 ticks behind
[10sept.2026 17:51:24.484] [Server thread/WARN] [net.minecraft.server.MinecraftServer/]: Can't keep up! Is the server overloaded? Running 2000ms or 40 ticks behind
[10sept.2026 17:51:52.487] [Server thread/WARN] [net.minecraft.server.MinecraftServer/]: Can't keep up! Is the server overloaded? Running 2002ms or 40 ticks behind
[10sept.2026 17:52:09.785] [Server thread/WARN] [net.minecraft.server.MinecraftServer/]: Can't keep up! Is the server overloaded? Running 2300ms or 46 ticks behind
[10sept.2026 17:52:35.087] [Server thread/WARN] [net.minecraft.server.MinecraftServer/]: Can't keep up! Is the server overloaded? Running 2002ms or 40 ticks behind
[10sept.2026 17:53:02.794] [Server thread/WARN] [net.minecraft.server.MinecraftServer/]: Can't keep up! Is the server overloaded? Running 2009ms or 40 ticks behind
[10sept.2026 17:53:24.693] [Server thread/WARN] [net.minecraft.server.MinecraftServer/]: Can't keep up! Is the server overloaded? Running 2008ms or 40 ticks behind
[10sept.2026 17:53:43.837] [Server thread/WARN] [net.minecraft.server.MinecraftServer/]: Can't keep up! Is the server overloaded? Running 2002ms or 40 ticks behind
[10sept.2026 17:54:05.841] [Server thread/WARN] [net.minecraft.server.MinecraftServer/]: Can't keep up! Is the server overloaded? Running 2007ms or 40 ticks behind
[10sept.2026 17:54:40.187] [Server thread/WARN] [net.minecraft.server.MinecraftServer/]: Can't keep up! Is the server overloaded? Running 2003ms or 40 ticks behind
[10sept.2026 17:54:57.453] [Server thread/WARN] [net.minecraft.server.MinecraftServer/]: Can't keep up! Is the server overloaded? Running 2268ms or 45 ticks behind
[10sept.2026 17:55:14.875] [Server thread/WARN] [net.minecraft.server.MinecraftServer/]: Can't keep up! Is the server overloaded? Running 2440ms or 48 ticks behind
[10sept.2026 17:55:32.088] [Server thread/WARN] [net.minecraft.server.MinecraftServer/]: Can't keep up! Is the server overloaded? Running 2003ms or 40 ticks behind
[10sept.2026 17:55:52.238] [Server thread/WARN] [net.minecraft.server.MinecraftServer/]: Can't keep up! Is the server overloaded? Running 2003ms or 40 ticks behind
[10sept.2026 17:56:15.746] [Server thread/WARN] [net.minecraft.server.MinecraftServer/]: Can't keep up! Is the server overloaded? Running 2011ms or 40 ticks behind
[10sept.2026 17:56:33.537] [Server thread/WARN] [net.minecraft.server.MinecraftServer/]: Can't keep up! Is the server overloaded? Running 2002ms or 40 ticks behind
[10sept.2026 17:56:51.021] [Server thread/WARN] [net.minecraft.server.MinecraftServer/]: Can't keep up! Is the server overloaded? Running 2485ms or 49 ticks behind
[10sept.2026 17:57:08.707] [Server thread/WARN] [net.minecraft.server.MinecraftServer/]: Can't keep up! Is the server overloaded? Running 2722ms or 54 ticks behind
[10sept.2026 17:57:26.291] [Server thread/WARN] [net.minecraft.server.MinecraftServer/]: Can't keep up! Is the server overloaded? Running 2606ms or 52 ticks behind
[10sept.2026 17:57:44.635] [Server thread/WARN] [net.minecraft.server.MinecraftServer/]: Can't keep up! Is the server overloaded? Running 3350ms or 67 ticks behind
[10sept.2026 17:58:01.972] [Server thread/WARN] [net.minecraft.server.MinecraftServer/]: Can't keep up! Is the server overloaded? Running 2337ms or 46 ticks behind
[10sept.2026 17:58:19.440] [Server thread/WARN] [net.minecraft.server.MinecraftServer/]: Can't keep up! Is the server overloaded? Running 2505ms or 50 ticks behind
[10sept.2026 17:58:36.950] [Server thread/WARN] [net.minecraft.server.MinecraftServer/]: Can't keep up! Is the server overloaded? Running 2515ms or 50 ticks behind
[10sept.2026 17:58:44.329] [Server thread/INFO] [AllTheLeaks/]: Listing events...
[10sept.2026 17:58:44.330] [Server thread/INFO] [AllTheLeaks/]: Listing memory leaks so far...
[10sept.2026 17:58:44.331] [Server thread/INFO] [AllTheLeaks/]: B: 858MB / C: 1026MB / Diff: +168MB
[10sept.2026 17:58:44.331] [Server thread/INFO] [AllTheLeaks/]: No memory leak detected!
[10sept.2026 17:58:54.860] [Server thread/WARN] [net.minecraft.server.MinecraftServer/]: Can't keep up! Is the server overloaded? Running 2925ms or 58 ticks behind
[10sept.2026 17:59:12.413] [Server thread/WARN] [net.minecraft.server.MinecraftServer/]: Can't keep up! Is the server overloaded? Running 2578ms or 51 ticks behind
[10sept.2026 17:59:30.173] [Server thread/WARN] [net.minecraft.server.MinecraftServer/]: Can't keep up! Is the server overloaded? Running 2788ms or 55 ticks behind
[10sept.2026 17:59:47.809] [Server thread/WARN] [net.minecraft.server.MinecraftServer/]: Can't keep up! Is the server overloaded? Running 2674ms or 53 ticks behind
[10sept.2026 18:00:05.365] [Server thread/WARN] [net.minecraft.server.MinecraftServer/]: Can't keep up! Is the server overloaded? Running 2581ms or 51 ticks behind
[10sept.2026 18:00:23.021] [Server thread/WARN] [net.minecraft.server.MinecraftServer/]: Can't keep up! Is the server overloaded? Running 2686ms or 53 ticks behind
[10sept.2026 18:00:40.909] [Server thread/WARN] [net.minecraft.server.MinecraftServer/]: Can't keep up! Is the server overloaded? Running 2924ms or 58 ticks behind
[10sept.2026 18:00:58.758] [Server thread/WARN] [net.minecraft.server.MinecraftServer/]: Can't keep up! Is the server overloaded? Running 2873ms or 57 ticks behind
[10sept.2026 18:01:16.338] [Server thread/WARN] [net.minecraft.server.MinecraftServer/]: Can't keep up! Is the server overloaded? Running 2603ms or 52 ticks behind
[10sept.2026 18:01:33.767] [Server thread/WARN] [net.minecraft.server.MinecraftServer/]: Can't keep up! Is the server overloaded? Running 2431ms or 48 ticks behind
[10sept.2026 18:01:51.274] [Server thread/WARN] [net.minecraft.server.MinecraftServer/]: Can't keep up! Is the server overloaded? Running 2539ms or 50 ticks behind
[10sept.2026 18:02:09.334] [Server thread/WARN] [net.minecraft.server.MinecraftServer/]: Can't keep up! Is the server overloaded? Running 3099ms or 61 ticks behind
[10sept.2026 18:02:26.983] [Server thread/WARN] [net.minecraft.server.MinecraftServer/]: Can't keep up! Is the server overloaded? Running 2698ms or 53 ticks behind
[10sept.2026 18:02:44.681] [Server thread/WARN] [net.minecraft.server.MinecraftServer/]: Can't keep up! Is the server overloaded? Running 2746ms or 54 ticks behind
[10sept.2026 18:03:02.222] [Server thread/WARN] [net.minecraft.server.MinecraftServer/]: Can't keep up! Is the server overloaded? Running 2587ms or 51 ticks behind
[10sept.2026 18:03:19.752] [Server thread/WARN] [net.minecraft.server.MinecraftServer/]: Can't keep up! Is the server overloaded? Running 2567ms or 51 ticks behind
[10sept.2026 18:03:37.254] [Server thread/WARN] [net.minecraft.server.MinecraftServer/]: Can't keep up! Is the server overloaded? Running 2520ms or 50 ticks behind
[10sept.2026 18:03:54.688] [Server thread/WARN] [net.minecraft.server.MinecraftServer/]: Can't keep up! Is the server overloaded? Running 2453ms or 49 ticks behind
[10sept.2026 18:04:11.966] [Server thread/WARN] [net.minecraft.server.MinecraftServer/]: Can't keep up! Is the server overloaded? Running 2282ms or 45 ticks behind
[10sept.2026 18:04:29.615] [Server thread/WARN] [net.minecraft.server.MinecraftServer/]: Can't keep up! Is the server overloaded? Running 2680ms or 53 ticks behind
[10sept.2026 18:04:47.693] [Server thread/WARN] [net.minecraft.server.MinecraftServer/]: Can't keep up! Is the server overloaded? Running 3108ms or 62 ticks behind
[10sept.2026 18:05:05.224] [Server thread/WARN] [net.minecraft.server.MinecraftServer/]: Can't keep up! Is the server overloaded? Running 2539ms or 50 ticks behind
[10sept.2026 18:05:22.185] [Server thread/WARN] [net.minecraft.server.MinecraftServer/]: Can't keep up! Is the server overloaded? Running 2000ms or 40 ticks behind
[10sept.2026 18:05:39.447] [Server thread/WARN] [net.minecraft.server.MinecraftServer/]: Can't keep up! Is the server overloaded? Running 2012ms or 40 ticks behind
[10sept.2026 18:05:58.943] [Server thread/WARN] [net.minecraft.server.MinecraftServer/]: Can't keep up! Is the server overloaded? Running 2009ms or 40 ticks behind
[10sept.2026 18:06:20.238] [Server thread/WARN] [net.minecraft.server.MinecraftServer/]: Can't keep up! Is the server overloaded? Running 2003ms or 40 ticks behind
[10sept.2026 18:06:37.287] [Server thread/WARN] [net.minecraft.server.MinecraftServer/]: Can't keep up! Is the server overloaded? Running 2002ms or 40 ticks behind
[10sept.2026 18:06:54.287] [Server thread/WARN] [net.minecraft.server.MinecraftServer/]: Can't keep up! Is the server overloaded? Running 2002ms or 40 ticks behind
[10sept.2026 18:07:12.234] [Server thread/WARN] [net.minecraft.server.MinecraftServer/]: Can't keep up! Is the server overloaded? Running 2950ms or 59 ticks behind
[10sept.2026 18:07:30.443] [Server thread/WARN] [net.minecraft.server.MinecraftServer/]: Can't keep up! Is the server overloaded? Running 2008ms or 40 ticks behind
[10sept.2026 18:07:47.692] [Server thread/WARN] [net.minecraft.server.MinecraftServer/]: Can't keep up! Is the server overloaded? Running 2007ms or 40 ticks behind
[10sept.2026 18:08:11.040] [Server thread/WARN] [net.minecraft.server.MinecraftServer/]: Can't keep up! Is the server overloaded? Running 2005ms or 40 ticks behind
[10sept.2026 18:08:33.239] [Server thread/WARN] [net.minecraft.server.MinecraftServer/]: Can't keep up! Is the server overloaded? Running 2005ms or 40 ticks behind
[10sept.2026 18:08:57.090] [Server thread/WARN] [net.minecraft.server.MinecraftServer/]: Can't keep up! Is the server overloaded? Running 2005ms or 40 ticks behind
[10sept.2026 18:09:21.289] [Server thread/WARN] [net.minecraft.server.MinecraftServer/]: Can't keep up! Is the server overloaded? Running 2004ms or 40 ticks behind
[10sept.2026 18:09:48.736] [Server thread/WARN] [net.minecraft.server.MinecraftServer/]: Can't keep up! Is the server overloaded? Running 2001ms or 40 ticks behind
[10sept.2026 18:10:11.887] [Server thread/WARN] [net.minecraft.server.MinecraftServer/]: Can't keep up! Is the server overloaded? Running 2002ms or 40 ticks behind
[10sept.2026 18:10:12.223] [Server thread/INFO] [AllTheLeaks/]: Listing events...
[10sept.2026 18:10:12.223] [Server thread/INFO] [AllTheLeaks/]: Listing memory leaks so far...
[10sept.2026 18:10:12.223] [Server thread/INFO] [AllTheLeaks/]: B: 858MB / C: 1028MB / Diff: +170MB
[10sept.2026 18:10:12.224] [Server thread/INFO] [AllTheLeaks/]: No memory leak detected!
[10sept.2026 18:10:35.648] [Server thread/WARN] [net.minecraft.server.MinecraftServer/]: Can't keep up! Is the server overloaded? Running 2013ms or 40 ticks behind
[10sept.2026 18:10:56.686] [Server thread/WARN] [net.minecraft.server.MinecraftServer/]: Can't keep up! Is the server overloaded? Running 2001ms or 40 ticks behind
[10sept.2026 18:11:20.638] [Server thread/WARN] [net.minecraft.server.MinecraftServer/]: Can't keep up! Is the server overloaded? Running 2003ms or 40 ticks behind
[10sept.2026 18:11:43.048] [Server thread/WARN] [net.minecraft.server.MinecraftServer/]: Can't keep up! Is the server overloaded? Running 2014ms or 40 ticks behind
[10sept.2026 18:12:03.488] [Server thread/WARN] [net.minecraft.server.MinecraftServer/]: Can't keep up! Is the server overloaded? Running 2003ms or 40 ticks behind
[10sept.2026 18:12:20.607] [Server thread/WARN] [net.minecraft.server.MinecraftServer/]: Can't keep up! Is the server overloaded? Running 2121ms or 42 ticks behind
[10sept.2026 18:12:38.114] [Server thread/WARN] [net.minecraft.server.MinecraftServer/]: Can't keep up! Is the server overloaded? Running 2530ms or 50 ticks behind
[10sept.2026 18:12:55.672] [Server thread/WARN] [net.minecraft.server.MinecraftServer/]: Can't keep up! Is the server overloaded? Running 2587ms or 51 ticks behind
[10sept.2026 18:13:13.276] [Server thread/WARN] [net.minecraft.server.MinecraftServer/]: Can't keep up! Is the server overloaded? Running 2641ms or 52 ticks behind
[10sept.2026 18:13:30.698] [Server thread/WARN] [net.minecraft.server.MinecraftServer/]: Can't keep up! Is the server overloaded? Running 2463ms or 49 ticks behind
[10sept.2026 18:13:48.237] [Server thread/WARN] [net.minecraft.server.MinecraftServer/]: Can't keep up! Is the server overloaded? Running 2553ms or 51 ticks behind
[10sept.2026 18:14:05.889] [Server thread/WARN] [net.minecraft.server.MinecraftServer/]: Can't keep up! Is the server overloaded? Running 2655ms or 53 ticks behind
[10sept.2026 18:14:23.673] [Server thread/WARN] [net.minecraft.server.MinecraftServer/]: Can't keep up! Is the server overloaded? Running 2789ms or 55 ticks behind
[10sept.2026 18:14:41.629] [Server thread/WARN] [net.minecraft.server.MinecraftServer/]: Can't keep up! Is the server overloaded? Running 2994ms or 59 ticks behind
[10sept.2026 18:14:59.106] [Server thread/WARN] [net.minecraft.server.MinecraftServer/]: Can't keep up! Is the server overloaded? Running 2522ms or 50 ticks behind
[10sept.2026 18:15:16.635] [Server thread/WARN] [net.minecraft.server.MinecraftServer/]: Can't keep up! Is the server overloaded? Running 2550ms or 51 ticks behind
[10sept.2026 18:15:34.011] [Server thread/WARN] [net.minecraft.server.MinecraftServer/]: Can't keep up! Is the server overloaded? Running 2377ms or 47 ticks behind
[10sept.2026 18:15:51.682] [Server thread/WARN] [net.minecraft.server.MinecraftServer/]: Can't keep up! Is the server overloaded? Running 2697ms or 53 ticks behind
[10sept.2026 18:16:09.524] [Server thread/WARN] [net.minecraft.server.MinecraftServer/]: Can't keep up! Is the server overloaded? Running 2890ms or 57 ticks behind
[10sept.2026 18:16:27.215] [Server thread/WARN] [net.minecraft.server.MinecraftServer/]: Can't keep up! Is the server overloaded? Running 2730ms or 54 ticks behind
[10sept.2026 18:16:45.058] [Server thread/WARN] [net.minecraft.server.MinecraftServer/]: Can't keep up! Is the server overloaded? Running 2873ms or 57 ticks behind
[10sept.2026 18:17:03.155] [Server thread/WARN] [net.minecraft.server.MinecraftServer/]: Can't keep up! Is the server overloaded? Running 3120ms or 62 ticks behind
[10sept.2026 18:17:21.489] [Server thread/WARN] [net.minecraft.server.MinecraftServer/]: Can't keep up! Is the server overloaded? Running 3355ms or 67 ticks behind
[10sept.2026 18:17:40.289] [Server thread/WARN] [net.minecraft.server.MinecraftServer/]: Can't keep up! Is the server overloaded? Running 3804ms or 76 ticks behind
[10sept.2026 18:17:58.137] [Server thread/WARN] [net.minecraft.server.MinecraftServer/]: Can't keep up! Is the server overloaded? Running 2853ms or 57 ticks behind
[10sept.2026 18:18:15.837] [Server thread/WARN] [net.minecraft.server.MinecraftServer/]: Can't keep up! Is the server overloaded? Running 2702ms or 54 ticks behind
[10sept.2026 18:18:33.258] [Server thread/WARN] [net.minecraft.server.MinecraftServer/]: Can't keep up! Is the server overloaded? Running 2423ms or 48 ticks behind
[10sept.2026 18:18:50.940] [Server thread/WARN] [net.minecraft.server.MinecraftServer/]: Can't keep up! Is the server overloaded? Running 2705ms or 54 ticks behind
[10sept.2026 18:19:09.068] [Server thread/WARN] [net.minecraft.server.MinecraftServer/]: Can't keep up! Is the server overloaded? Running 3133ms or 62 ticks behind
[10sept.2026 18:19:26.363] [Server thread/WARN] [net.minecraft.server.MinecraftServer/]: Can't keep up! Is the server overloaded? Running 2328ms or 46 ticks behind
[10sept.2026 18:19:45.589] [Server thread/WARN] [net.minecraft.server.MinecraftServer/]: Can't keep up! Is the server overloaded? Running 2004ms or 40 ticks behind
[10sept.2026 18:20:05.540] [Server thread/WARN] [net.minecraft.server.MinecraftServer/]: Can't keep up! Is the server overloaded? Running 2006ms or 40 ticks behind
[10sept.2026 18:20:24.987] [Server thread/WARN] [net.minecraft.server.MinecraftServer/]: Can't keep up! Is the server overloaded? Running 2003ms or 40 ticks behind
[10sept.2026 18:20:42.765] [Server thread/WARN] [net.minecraft.server.MinecraftServer/]: Can't keep up! Is the server overloaded? Running 2780ms or 55 ticks behind
[10sept.2026 18:21:00.631] [Server thread/WARN] [net.minecraft.server.MinecraftServer/]: Can't keep up! Is the server overloaded? Running 2896ms or 57 ticks behind
[10sept.2026 18:21:18.163] [Server thread/WARN] [net.minecraft.server.MinecraftServer/]: Can't keep up! Is the server overloaded? Running 2579ms or 51 ticks behind
[10sept.2026 18:21:35.573] [Server thread/WARN] [net.minecraft.server.MinecraftServer/]: Can't keep up! Is the server overloaded? Running 2438ms or 48 ticks behind
[10sept.2026 18:21:48.835] [Server thread/INFO] [AllTheLeaks/]: Listing events...
[10sept.2026 18:21:48.836] [Server thread/INFO] [AllTheLeaks/]: Listing memory leaks so far...
[10sept.2026 18:21:48.836] [Server thread/INFO] [AllTheLeaks/]: B: 858MB / C: 1024MB / Diff: +166MB
[10sept.2026 18:21:48.836] [Server thread/INFO] [AllTheLeaks/]: No memory leak detected!
[10sept.2026 18:21:53.393] [Server thread/WARN] [net.minecraft.server.MinecraftServer/]: Can't keep up! Is the server overloaded? Running 2859ms or 57 ticks behind
[10sept.2026 18:22:10.754] [Server thread/WARN] [net.minecraft.server.MinecraftServer/]: Can't keep up! Is the server overloaded? Running 2370ms or 47 ticks behind
[10sept.2026 18:22:28.210] [Server thread/WARN] [net.minecraft.server.MinecraftServer/]: Can't keep up! Is the server overloaded? Running 2475ms or 49 ticks behind
[10sept.2026 18:22:46.991] [Server thread/WARN] [net.minecraft.server.MinecraftServer/]: Can't keep up! Is the server overloaded? Running 2006ms or 40 ticks behind
[10sept.2026 18:23:04.006] [Server thread/WARN] [net.minecraft.server.MinecraftServer/]: Can't keep up! Is the server overloaded? Running 2022ms or 40 ticks behind
[10sept.2026 18:23:21.287] [Server thread/WARN] [net.minecraft.server.MinecraftServer/]: Can't keep up! Is the server overloaded? Running 2303ms or 46 ticks behind
[10sept.2026 18:23:38.477] [Server thread/WARN] [net.minecraft.server.MinecraftServer/]: Can't keep up! Is the server overloaded? Running 2192ms or 43 ticks behind
[10sept.2026 18:23:55.661] [Server thread/WARN] [net.minecraft.server.MinecraftServer/]: Can't keep up! Is the server overloaded? Running 2227ms or 44 ticks behind
[10sept.2026 18:24:13.080] [Server thread/WARN] [net.minecraft.server.MinecraftServer/]: Can't keep up! Is the server overloaded? Running 2445ms or 48 ticks behind
[10sept.2026 18:24:30.445] [Server thread/WARN] [net.minecraft.server.MinecraftServer/]: Can't keep up! Is the server overloaded? Running 2410ms or 48 ticks behind
[10sept.2026 18:24:47.486] [Server thread/WARN] [net.minecraft.server.MinecraftServer/]: Can't keep up! Is the server overloaded? Running 2051ms or 41 ticks behind
[10sept.2026 18:25:04.798] [Server thread/WARN] [net.minecraft.server.MinecraftServer/]: Can't keep up! Is the server overloaded? Running 2313ms or 46 ticks behind
[10sept.2026 18:25:22.246] [Server thread/WARN] [net.minecraft.server.MinecraftServer/]: Can't keep up! Is the server overloaded? Running 2012ms or 40 ticks behind
[10sept.2026 18:25:39.678] [Server thread/WARN] [net.minecraft.server.MinecraftServer/]: Can't keep up! Is the server overloaded? Running 2443ms or 48 ticks behind
[10sept.2026 18:25:56.956] [Server thread/WARN] [net.minecraft.server.MinecraftServer/]: Can't keep up! Is the server overloaded? Running 2322ms or 46 ticks behind
[10sept.2026 18:26:14.186] [Server thread/WARN] [net.minecraft.server.MinecraftServer/]: Can't keep up! Is the server overloaded? Running 2251ms or 45 ticks behind
[10sept.2026 18:26:31.456] [Server thread/WARN] [net.minecraft.server.MinecraftServer/]: Can't keep up! Is the server overloaded? Running 2272ms or 45 ticks behind
[10sept.2026 18:26:48.633] [Server thread/WARN] [net.minecraft.server.MinecraftServer/]: Can't keep up! Is the server overloaded? Running 2198ms or 43 ticks behind
[10sept.2026 18:27:05.746] [Server thread/WARN] [net.minecraft.server.MinecraftServer/]: Can't keep up! Is the server overloaded? Running 2160ms or 43 ticks behind
[10sept.2026 18:27:22.901] [Server thread/WARN] [net.minecraft.server.MinecraftServer/]: Can't keep up! Is the server overloaded? Running 2166ms or 43 ticks behind
[10sept.2026 18:27:39.899] [Server thread/WARN] [net.minecraft.server.MinecraftServer/]: Can't keep up! Is the server overloaded? Running 2014ms or 40 ticks behind
[10sept.2026 18:28:06.387] [Server thread/WARN] [net.minecraft.server.MinecraftServer/]: Can't keep up! Is the server overloaded? Running 2002ms or 40 ticks behind
[10sept.2026 18:28:26.292] [Server thread/WARN] [net.minecraft.server.MinecraftServer/]: Can't keep up! Is the server overloaded? Running 2008ms or 40 ticks behind
[10sept.2026 18:28:52.292] [Server thread/WARN] [net.minecraft.server.MinecraftServer/]: Can't keep up! Is the server overloaded? Running 2007ms or 40 ticks behind
[10sept.2026 18:29:12.186] [Server thread/WARN] [net.minecraft.server.MinecraftServer/]: Can't keep up! Is the server overloaded? Running 2001ms or 40 ticks behind
[10sept.2026 18:29:37.637] [Server thread/WARN] [net.minecraft.server.MinecraftServer/]: Can't keep up! Is the server overloaded? Running 2002ms or 40 ticks behind
[10sept.2026 18:30:00.095] [Server thread/WARN] [net.minecraft.server.MinecraftServer/]: Can't keep up! Is the server overloaded? Running 2010ms or 40 ticks behind
[10sept.2026 18:30:20.194] [Server thread/WARN] [net.minecraft.server.MinecraftServer/]: Can't keep up! Is the server overloaded? Running 2009ms or 40 ticks behind
[10sept.2026 18:30:37.223] [Server thread/WARN] [net.minecraft.server.MinecraftServer/]: Can't keep up! Is the server overloaded? Running 2038ms or 40 ticks behind
[10sept.2026 18:30:56.237] [Server thread/WARN] [net.minecraft.server.MinecraftServer/]: Can't keep up! Is the server overloaded? Running 2002ms or 40 ticks behind
[10sept.2026 18:31:16.596] [Server thread/WARN] [net.minecraft.server.MinecraftServer/]: Can't keep up! Is the server overloaded? Running 2011ms or 40 ticks behind
[10sept.2026 18:31:35.540] [Server thread/WARN] [net.minecraft.server.MinecraftServer/]: Can't keep up! Is the server overloaded? Running 2005ms or 40 ticks behind
[10sept.2026 18:31:52.622] [Server thread/WARN] [net.minecraft.server.MinecraftServer/]: Can't keep up! Is the server overloaded? Running 2088ms or 41 ticks behind
[10sept.2026 18:32:09.733] [Server thread/WARN] [net.minecraft.server.MinecraftServer/]: Can't keep up! Is the server overloaded? Running 2148ms or 42 ticks behind
[10sept.2026 18:32:26.847] [Server thread/WARN] [net.minecraft.server.MinecraftServer/]: Can't keep up! Is the server overloaded? Running 2162ms or 43 ticks behind
[10sept.2026 18:32:45.337] [Server thread/WARN] [net.minecraft.server.MinecraftServer/]: Can't keep up! Is the server overloaded? Running 2002ms or 40 ticks behind
[10sept.2026 18:33:05.945] [Server thread/WARN] [net.minecraft.server.MinecraftServer/]: Can't keep up! Is the server overloaded? Running 2010ms or 40 ticks behind
[10sept.2026 18:33:06.112] [Server thread/INFO] [AllTheLeaks/]: Listing events...
[10sept.2026 18:33:06.113] [Server thread/INFO] [AllTheLeaks/]: Listing memory leaks so far...
[10sept.2026 18:33:06.113] [Server thread/INFO] [AllTheLeaks/]: B: 858MB / C: 999MB / Diff: +141MB
[10sept.2026 18:33:06.113] [Server thread/INFO] [AllTheLeaks/]: No memory leak detected!
[10sept.2026 18:33:34.286] [Server thread/WARN] [net.minecraft.server.MinecraftServer/]: Can't keep up! Is the server overloaded? Running 2001ms or 40 ticks behind
[10sept.2026 18:34:03.344] [Server thread/WARN] [net.minecraft.server.MinecraftServer/]: Can't keep up! Is the server overloaded? Running 2009ms or 40 ticks behind
[10sept.2026 18:34:23.993] [Server thread/WARN] [net.minecraft.server.MinecraftServer/]: Can't keep up! Is the server overloaded? Running 2008ms or 40 ticks behind
[10sept.2026 18:34:45.635] [Server thread/WARN] [net.minecraft.server.MinecraftServer/]: Can't keep up! Is the server overloaded? Running 2001ms or 40 ticks behind
[10sept.2026 18:35:09.795] [Server thread/WARN] [net.minecraft.server.MinecraftServer/]: Can't keep up! Is the server overloaded? Running 2010ms or 40 ticks behind
[10sept.2026 18:35:33.985] [Server thread/WARN] [net.minecraft.server.MinecraftServer/]: Can't keep up! Is the server overloaded? Running 2000ms or 40 ticks behind
[10sept.2026 18:35:55.786] [Server thread/WARN] [net.minecraft.server.MinecraftServer/]: Can't keep up! Is the server overloaded? Running 2002ms or 40 ticks behind
[10sept.2026 18:36:16.601] [Server thread/WARN] [net.minecraft.server.MinecraftServer/]: Can't keep up! Is the server overloaded? Running 2017ms or 40 ticks behind
[10sept.2026 18:36:52.943] [Server thread/WARN] [net.minecraft.server.MinecraftServer/]: Can't keep up! Is the server overloaded? Running 2008ms or 40 ticks behind
[10sept.2026 18:37:14.237] [Server thread/WARN] [net.minecraft.server.MinecraftServer/]: Can't keep up! Is the server overloaded? Running 2002ms or 40 ticks behind
[10sept.2026 18:37:31.786] [Server thread/WARN] [net.minecraft.server.MinecraftServer/]: Can't keep up! Is the server overloaded? Running 2001ms or 40 ticks behind
[10sept.2026 18:37:51.891] [Server thread/WARN] [net.minecraft.server.MinecraftServer/]: Can't keep up! Is the server overloaded? Running 2005ms or 40 ticks behind
[10sept.2026 18:38:09.588] [Server thread/WARN] [net.minecraft.server.MinecraftServer/]: Can't keep up! Is the server overloaded? Running 2703ms or 54 ticks behind
[10sept.2026 18:38:27.028] [Server thread/WARN] [net.minecraft.server.MinecraftServer/]: Can't keep up! Is the server overloaded? Running 2444ms or 48 ticks behind
[10sept.2026 18:38:44.260] [Server thread/WARN] [net.minecraft.server.MinecraftServer/]: Can't keep up! Is the server overloaded? Running 2275ms or 45 ticks behind
[10sept.2026 18:39:01.289] [Server thread/WARN] [net.minecraft.server.MinecraftServer/]: Can't keep up! Is the server overloaded? Running 2054ms or 41 ticks behind
[10sept.2026 18:39:25.691] [Server thread/WARN] [net.minecraft.server.MinecraftServer/]: Can't keep up! Is the server overloaded? Running 2006ms or 40 ticks behind
[10sept.2026 18:40:01.836] [Server thread/WARN] [net.minecraft.server.MinecraftServer/]: Can't keep up! Is the server overloaded? Running 2001ms or 40 ticks behind
[10sept.2026 18:40:21.775] [Server thread/WARN] [net.minecraft.server.MinecraftServer/]: Can't keep up! Is the server overloaded? Running 4941ms or 98 ticks behind
[10sept.2026 18:40:43.472] [Server thread/WARN] [net.minecraft.server.MinecraftServer/]: Can't keep up! Is the server overloaded? Running 6737ms or 134 ticks behind
[10sept.2026 18:41:05.062] [Server thread/WARN] [net.minecraft.server.MinecraftServer/]: Can't keep up! Is the server overloaded? Running 6627ms or 132 ticks behind
[10sept.2026 18:41:27.606] [Server thread/WARN] [net.minecraft.server.MinecraftServer/]: Can't keep up! Is the server overloaded? Running 7571ms or 151 ticks behind
[10sept.2026 18:41:52.317] [Server thread/WARN] [net.minecraft.server.MinecraftServer/]: Can't keep up! Is the server overloaded? Running 9732ms or 194 ticks behind
[10sept.2026 18:42:13.183] [Server thread/WARN] [net.minecraft.server.MinecraftServer/]: Can't keep up! Is the server overloaded? Running 5898ms or 117 ticks behind
[10sept.2026 18:42:34.025] [Server thread/WARN] [net.minecraft.server.MinecraftServer/]: Can't keep up! Is the server overloaded? Running 5892ms or 117 ticks behind
[10sept.2026 18:42:52.429] [Server thread/WARN] [net.minecraft.server.MinecraftServer/]: Can't keep up! Is the server overloaded? Running 3444ms or 68 ticks behind
[10sept.2026 18:43:10.348] [Server thread/WARN] [net.minecraft.server.MinecraftServer/]: Can't keep up! Is the server overloaded? Running 2963ms or 59 ticks behind
[10sept.2026 18:43:28.702] [Server thread/WARN] [net.minecraft.server.MinecraftServer/]: Can't keep up! Is the server overloaded? Running 3368ms or 67 ticks behind
[10sept.2026 18:43:47.194] [Server thread/WARN] [net.minecraft.server.MinecraftServer/]: Can't keep up! Is the server overloaded? Running 3509ms or 70 ticks behind
[10sept.2026 18:44:05.952] [Server thread/WARN] [net.minecraft.server.MinecraftServer/]: Can't keep up! Is the server overloaded? Running 3768ms or 75 ticks behind
[10sept.2026 18:44:23.830] [Server thread/WARN] [net.minecraft.server.MinecraftServer/]: Can't keep up! Is the server overloaded? Running 2896ms or 57 ticks behind
[10sept.2026 18:44:42.241] [Server thread/WARN] [net.minecraft.server.MinecraftServer/]: Can't keep up! Is the server overloaded? Running 3456ms or 69 ticks behind
[10sept.2026 18:44:56.669] [Server thread/INFO] [AllTheLeaks/]: Listing events...
[10sept.2026 18:44:56.670] [Server thread/INFO] [AllTheLeaks/]: Listing memory leaks so far...
[10sept.2026 18:44:56.676] [Server thread/INFO] [AllTheLeaks/]: B: 858MB / C: 1033MB / Diff: +175MB
[10sept.2026 18:44:56.677] [Server thread/INFO] [AllTheLeaks/]: No memory leak detected!
[10sept.2026 18:45:00.533] [Server thread/WARN] [net.minecraft.server.MinecraftServer/]: Can't keep up! Is the server overloaded? Running 3299ms or 65 ticks behind
[10sept.2026 18:45:19.298] [Server thread/WARN] [net.minecraft.server.MinecraftServer/]: Can't keep up! Is the server overloaded? Running 3813ms or 76 ticks behind
[10sept.2026 18:45:39.221] [Server thread/WARN] [net.minecraft.server.MinecraftServer/]: Can't keep up! Is the server overloaded? Running 4936ms or 98 ticks behind
[10sept.2026 18:45:58.705] [Server thread/WARN] [net.minecraft.server.MinecraftServer/]: Can't keep up! Is the server overloaded? Running 4521ms or 90 ticks behind
[10sept.2026 18:46:18.251] [Server thread/WARN] [net.minecraft.server.MinecraftServer/]: Can't keep up! Is the server overloaded? Running 4567ms or 91 ticks behind
[10sept.2026 18:46:37.553] [Server thread/WARN] [net.minecraft.server.MinecraftServer/]: Can't keep up! Is the server overloaded? Running 4318ms or 86 ticks behind
[10sept.2026 18:46:58.175] [Server thread/WARN] [net.minecraft.server.MinecraftServer/]: Can't keep up! Is the server overloaded? Running 5640ms or 112 ticks behind
[10sept.2026 18:47:18.605] [Server thread/WARN] [net.minecraft.server.MinecraftServer/]: Can't keep up! Is the server overloaded? Running 5469ms or 109 ticks behind
[10sept.2026 18:47:37.590] [Server thread/WARN] [net.minecraft.server.MinecraftServer/]: Can't keep up! Is the server overloaded? Running 4005ms or 80 ticks behind
[10sept.2026 18:47:57.209] [Server thread/WARN] [net.minecraft.server.MinecraftServer/]: Can't keep up! Is the server overloaded? Running 4624ms or 92 ticks behind
[10sept.2026 18:48:16.062] [Server thread/WARN] [net.minecraft.server.MinecraftServer/]: Can't keep up! Is the server overloaded? Running 3878ms or 77 ticks behind
[10sept.2026 18:48:34.503] [Server thread/WARN] [net.minecraft.server.MinecraftServer/]: Can't keep up! Is the server overloaded? Running 3468ms or 69 ticks behind
[10sept.2026 18:48:54.660] [Server thread/WARN] [net.minecraft.server.MinecraftServer/]: Can't keep up! Is the server overloaded? Running 5175ms or 103 ticks behind
[10sept.2026 18:49:13.690] [Server thread/WARN] [net.minecraft.server.MinecraftServer/]: Can't keep up! Is the server overloaded? Running 4056ms or 81 ticks behind
[10sept.2026 18:49:32.677] [Server thread/WARN] [net.minecraft.server.MinecraftServer/]: Can't keep up! Is the server overloaded? Running 3992ms or 79 ticks behind
[10sept.2026 18:49:50.694] [Server thread/WARN] [net.minecraft.server.MinecraftServer/]: Can't keep up! Is the server overloaded? Running 3059ms or 61 ticks behind
[10sept.2026 18:50:09.100] [Server thread/WARN] [net.minecraft.server.MinecraftServer/]: Can't keep up! Is the server overloaded? Running 3416ms or 68 ticks behind
[10sept.2026 18:50:29.144] [Server thread/WARN] [net.minecraft.server.MinecraftServer/]: Can't keep up! Is the server overloaded? Running 5060ms or 101 ticks behind
[10sept.2026 18:50:50.734] [Server thread/WARN] [net.minecraft.server.MinecraftServer/]: Can't keep up! Is the server overloaded? Running 6599ms or 131 ticks behind
[10sept.2026 18:51:11.187] [Server thread/WARN] [net.minecraft.server.MinecraftServer/]: Can't keep up! Is the server overloaded? Running 5502ms or 110 ticks behind
[10sept.2026 18:51:31.293] [Server thread/WARN] [net.minecraft.server.MinecraftServer/]: Can't keep up! Is the server overloaded? Running 5108ms or 102 ticks behind
[10sept.2026 18:51:52.665] [Server thread/WARN] [net.minecraft.server.MinecraftServer/]: Can't keep up! Is the server overloaded? Running 6380ms or 127 ticks behind
[10sept.2026 18:52:12.486] [Server thread/WARN] [net.minecraft.server.MinecraftServer/]: Can't keep up! Is the server overloaded? Running 4852ms or 97 ticks behind
[10sept.2026 18:52:33.516] [Server thread/WARN] [net.minecraft.server.MinecraftServer/]: Can't keep up! Is the server overloaded? Running 6031ms or 120 ticks behind
[10sept.2026 18:52:52.452] [Server thread/WARN] [net.minecraft.server.MinecraftServer/]: Can't keep up! Is the server overloaded? Running 3968ms or 79 ticks behind
[10sept.2026 18:53:14.674] [Server thread/WARN] [net.minecraft.server.MinecraftServer/]: Can't keep up! Is the server overloaded? Running 7240ms or 144 ticks behind
[10sept.2026 18:53:34.729] [Server thread/WARN] [net.minecraft.server.MinecraftServer/]: Can't keep up! Is the server overloaded? Running 5093ms or 101 ticks behind
[10sept.2026 18:53:54.014] [Server thread/WARN] [net.minecraft.server.MinecraftServer/]: Can't keep up! Is the server overloaded? Running 4329ms or 86 ticks behind
[10sept.2026 18:54:12.647] [Server thread/WARN] [net.minecraft.server.MinecraftServer/]: Can't keep up! Is the server overloaded? Running 3663ms or 73 ticks behind
[10sept.2026 18:54:31.400] [Server thread/WARN] [net.minecraft.server.MinecraftServer/]: Can't keep up! Is the server overloaded? Running 3765ms or 75 ticks behind
[10sept.2026 18:54:50.584] [Server thread/WARN] [net.minecraft.server.MinecraftServer/]: Can't keep up! Is the server overloaded? Running 4199ms or 83 ticks behind
[10sept.2026 18:55:09.403] [Server thread/WARN] [net.minecraft.server.MinecraftServer/]: Can't keep up! Is the server overloaded? Running 3869ms or 77 ticks behind
[10sept.2026 18:55:27.882] [Server thread/WARN] [net.minecraft.server.MinecraftServer/]: Can't keep up! Is the server overloaded? Running 3497ms or 69 ticks behind
[10sept.2026 18:55:47.516] [Server thread/WARN] [net.minecraft.server.MinecraftServer/]: Can't keep up! Is the server overloaded? Running 4681ms or 93 ticks behind
[10sept.2026 18:56:08.786] [Server thread/WARN] [net.minecraft.server.MinecraftServer/]: Can't keep up! Is the server overloaded? Running 6302ms or 126 ticks behind
[10sept.2026 18:56:27.825] [Server thread/WARN] [net.minecraft.server.MinecraftServer/]: Can't keep up! Is the server overloaded? Running 4041ms or 80 ticks behind
[10sept.2026 18:56:46.886] [Server thread/WARN] [net.minecraft.server.MinecraftServer/]: Can't keep up! Is the server overloaded? Running 4101ms or 82 ticks behind
[10sept.2026 18:57:05.530] [Server thread/WARN] [net.minecraft.server.MinecraftServer/]: Can't keep up! Is the server overloaded? Running 3645ms or 72 ticks behind
[10sept.2026 18:57:24.770] [Server thread/WARN] [net.minecraft.server.MinecraftServer/]: Can't keep up! Is the server overloaded? Running 4285ms or 85 ticks behind
[10sept.2026 18:57:43.140] [Server thread/WARN] [net.minecraft.server.MinecraftServer/]: Can't keep up! Is the server overloaded? Running 3406ms or 68 ticks behind
[10sept.2026 18:57:58.004] [Server thread/INFO] [AllTheLeaks/]: Listing events...
[10sept.2026 18:57:58.004] [Server thread/INFO] [AllTheLeaks/]: Listing memory leaks so far...
[10sept.2026 18:57:58.005] [Server thread/INFO] [AllTheLeaks/]: B: 858MB / C: 1005MB / Diff: +147MB
[10sept.2026 18:57:58.005] [Server thread/INFO] [AllTheLeaks/]: No memory leak detected!
[10sept.2026 18:58:02.012] [Server thread/WARN] [net.minecraft.server.MinecraftServer/]: Can't keep up! Is the server overloaded? Running 3878ms or 77 ticks behind
[10sept.2026 18:58:22.942] [Server thread/WARN] [net.minecraft.server.MinecraftServer/]: Can't keep up! Is the server overloaded? Running 5957ms or 119 ticks behind
[10sept.2026 18:58:41.530] [Server thread/WARN] [net.minecraft.server.MinecraftServer/]: Can't keep up! Is the server overloaded? Running 3596ms or 71 ticks behind
[10sept.2026 18:58:59.949] [Server thread/WARN] [net.minecraft.server.MinecraftServer/]: Can't keep up! Is the server overloaded? Running 3464ms or 69 ticks behind
[10sept.2026 18:59:18.329] [Server thread/WARN] [net.minecraft.server.MinecraftServer/]: Can't keep up! Is the server overloaded? Running 3395ms or 67 ticks behind
[10sept.2026 19:00:48.794] [Server thread/WARN] [net.minecraft.server.MinecraftServer/]: Can't keep up! Is the server overloaded? Running 2008ms or 40 ticks behind
[10sept.2026 19:01:13.207] [Server thread/WARN] [net.minecraft.server.MinecraftServer/]: Can't keep up! Is the server overloaded? Running 9423ms or 188 ticks behind
[10sept.2026 19:01:32.039] [Server thread/WARN] [net.minecraft.server.MinecraftServer/]: Can't keep up! Is the server overloaded? Running 3855ms or 77 ticks behind
[10sept.2026 19:01:50.870] [Server thread/WARN] [net.minecraft.server.MinecraftServer/]: Can't keep up! Is the server overloaded? Running 3835ms or 76 ticks behind
[10sept.2026 19:02:08.631] [Server thread/WARN] [net.minecraft.server.MinecraftServer/]: Can't keep up! Is the server overloaded? Running 2799ms or 55 ticks behind
[10sept.2026 19:02:25.946] [Server thread/WARN] [net.minecraft.server.MinecraftServer/]: Can't keep up! Is the server overloaded? Running 2366ms or 47 ticks behind
[10sept.2026 19:02:43.634] [Server thread/WARN] [net.minecraft.server.MinecraftServer/]: Can't keep up! Is the server overloaded? Running 2705ms or 54 ticks behind
[10sept.2026 19:03:00.846] [Server thread/WARN] [net.minecraft.server.MinecraftServer/]: Can't keep up! Is the server overloaded? Running 2221ms or 44 ticks behind
[10sept.2026 19:03:18.361] [Server thread/WARN] [net.minecraft.server.MinecraftServer/]: Can't keep up! Is the server overloaded? Running 2537ms or 50 ticks behind
[10sept.2026 19:03:35.814] [Server thread/WARN] [net.minecraft.server.MinecraftServer/]: Can't keep up! Is the server overloaded? Running 2492ms or 49 ticks behind
[10sept.2026 19:03:53.411] [Server thread/WARN] [net.minecraft.server.MinecraftServer/]: Can't keep up! Is the server overloaded? Running 2642ms or 52 ticks behind
[10sept.2026 19:04:10.813] [Server thread/WARN] [net.minecraft.server.MinecraftServer/]: Can't keep up! Is the server overloaded? Running 2446ms or 48 ticks behind
[10sept.2026 19:04:28.088] [Server thread/WARN] [net.minecraft.server.MinecraftServer/]: Can't keep up! Is the server overloaded? Running 2321ms or 46 ticks behind
[10sept.2026 19:04:46.339] [Server thread/WARN] [net.minecraft.server.MinecraftServer/]: Can't keep up! Is the server overloaded? Running 3275ms or 65 ticks behind
[10sept.2026 19:05:06.409] [Server thread/WARN] [net.minecraft.server.MinecraftServer/]: Can't keep up! Is the server overloaded? Running 5098ms or 101 ticks behind
[10sept.2026 19:05:25.874] [Server thread/WARN] [net.minecraft.server.MinecraftServer/]: Can't keep up! Is the server overloaded? Running 4515ms or 90 ticks behind
[10sept.2026 19:05:48.197] [Server thread/WARN] [net.minecraft.server.MinecraftServer/]: Can't keep up! Is the server overloaded? Running 7341ms or 146 ticks behind
[10sept.2026 19:06:06.859] [Server thread/WARN] [net.minecraft.server.MinecraftServer/]: Can't keep up! Is the server overloaded? Running 3705ms or 74 ticks behind
[10sept.2026 19:06:25.600] [Server thread/WARN] [net.minecraft.server.MinecraftServer/]: Can't keep up! Is the server overloaded? Running 3748ms or 74 ticks behind
[10sept.2026 19:06:44.685] [Server thread/WARN] [net.minecraft.server.MinecraftServer/]: Can't keep up! Is the server overloaded? Running 4135ms or 82 ticks behind
[10sept.2026 19:07:03.682] [Server thread/WARN] [net.minecraft.server.MinecraftServer/]: Can't keep up! Is the server overloaded? Running 4036ms or 80 ticks behind
[10sept.2026 19:07:22.358] [Server thread/WARN] [net.minecraft.server.MinecraftServer/]: Can't keep up! Is the server overloaded? Running 3712ms or 74 ticks behind
[10sept.2026 19:07:41.951] [Server thread/WARN] [net.minecraft.server.MinecraftServer/]: Can't keep up! Is the server overloaded? Running 2908ms or 58 ticks behind
[10sept.2026 19:08:30.813] [Server thread/INFO] [com.simibubi.create.Create/]: RecipeTrie of depth 9 with 1735 nodes built with 2786 variants, 850 ingredients, and 1288 recipes
[10sept.2026 19:08:30.885] [Server thread/INFO] [com.simibubi.create.Create/]: RecipeTrie of depth 4 with 387 nodes built with 831 variants, 382 ingredients, and 383 recipes
[10sept.2026 19:09:38.521] [Server thread/INFO] [AllTheLeaks/]: Listing events...
[10sept.2026 19:09:38.522] [Server thread/INFO] [AllTheLeaks/]: Listing memory leaks so far...
[10sept.2026 19:09:38.522] [Server thread/INFO] [AllTheLeaks/]: B: 858MB / C: 1071MB / Diff: +213MB
[10sept.2026 19:09:38.522] [Server thread/INFO] [AllTheLeaks/]: No memory leak detected!
[10sept.2026 19:19:38.505] [Server thread/INFO] [AllTheLeaks/]: Listing events...
[10sept.2026 19:19:38.505] [Server thread/INFO] [AllTheLeaks/]: Listing memory leaks so far...
[10sept.2026 19:19:38.505] [Server thread/INFO] [AllTheLeaks/]: B: 858MB / C: 1045MB / Diff: +187MB
[10sept.2026 19:19:38.505] [Server thread/INFO] [AllTheLeaks/]: No memory leak detected!
[10sept.2026 19:22:41.598] [Server thread/WARN] [net.minecraft.server.MinecraftServer/]: Can't keep up! Is the server overloaded? Running 2005ms or 40 ticks behind
[10sept.2026 19:23:00.674] [Server thread/WARN] [net.minecraft.server.MinecraftServer/]: Can't keep up! Is the server overloaded? Running 4082ms or 81 ticks behind
[10sept.2026 19:23:19.325] [Server thread/WARN] [net.minecraft.server.MinecraftServer/]: Can't keep up! Is the server overloaded? Running 3685ms or 73 ticks behind
[10sept.2026 19:23:36.955] [Server thread/WARN] [net.minecraft.server.MinecraftServer/]: Can't keep up! Is the server overloaded? Running 2666ms or 53 ticks behind
[10sept.2026 19:23:54.076] [Server thread/WARN] [net.minecraft.server.MinecraftServer/]: Can't keep up! Is the server overloaded? Running 2138ms or 42 ticks behind
[10sept.2026 19:24:12.396] [Server thread/WARN] [net.minecraft.server.MinecraftServer/]: Can't keep up! Is the server overloaded? Running 3360ms or 67 ticks behind
[10sept.2026 19:29:44.811] [Server thread/WARN] [net.minecraft.server.MinecraftServer/]: Can't keep up! Is the server overloaded? Running 2003ms or 40 ticks behind
[10sept.2026 19:30:01.709] [Server thread/INFO] [AllTheLeaks/]: Listing events...
[10sept.2026 19:30:01.709] [Server thread/INFO] [AllTheLeaks/]: Listing memory leaks so far...
[10sept.2026 19:30:01.710] [Server thread/INFO] [AllTheLeaks/]: B: 858MB / C: 1010MB / Diff: +152MB
[10sept.2026 19:30:01.710] [Server thread/INFO] [AllTheLeaks/]: No memory leak detected!
[10sept.2026 19:30:03.585] [Server thread/WARN] [net.minecraft.server.MinecraftServer/]: Can't keep up! Is the server overloaded? Running 3778ms or 75 ticks behind
[10sept.2026 19:30:24.531] [Server thread/WARN] [net.minecraft.server.MinecraftServer/]: Can't keep up! Is the server overloaded? Running 5977ms or 119 ticks behind
[10sept.2026 19:30:43.284] [Server thread/WARN] [net.minecraft.server.MinecraftServer/]: Can't keep up! Is the server overloaded? Running 3780ms or 75 ticks behind
[10sept.2026 19:31:01.031] [Server thread/WARN] [net.minecraft.server.MinecraftServer/]: Can't keep up! Is the server overloaded? Running 2780ms or 55 ticks behind
[10sept.2026 19:31:18.337] [Server thread/WARN] [net.minecraft.server.MinecraftServer/]: Can't keep up! Is the server overloaded? Running 2338ms or 46 ticks behind
[10sept.2026 19:31:35.711] [Server thread/WARN] [net.minecraft.server.MinecraftServer/]: Can't keep up! Is the server overloaded? Running 2412ms or 48 ticks behind
[10sept.2026 19:31:53.433] [Server thread/WARN] [net.minecraft.server.MinecraftServer/]: Can't keep up! Is the server overloaded? Running 2736ms or 54 ticks behind
[10sept.2026 19:32:11.162] [Server thread/WARN] [net.minecraft.server.MinecraftServer/]: Can't keep up! Is the server overloaded? Running 2767ms or 55 ticks behind
[10sept.2026 19:32:29.921] [Server thread/WARN] [net.minecraft.server.MinecraftServer/]: Can't keep up! Is the server overloaded? Running 3778ms or 75 ticks behind
[10sept.2026 19:32:48.804] [Server thread/WARN] [net.minecraft.server.MinecraftServer/]: Can't keep up! Is the server overloaded? Running 3912ms or 78 ticks behind
[10sept.2026 19:33:07.063] [Server thread/WARN] [net.minecraft.server.MinecraftServer/]: Can't keep up! Is the server overloaded? Running 3272ms or 65 ticks behind
[10sept.2026 19:33:25.046] [Server thread/WARN] [net.minecraft.server.MinecraftServer/]: Can't keep up! Is the server overloaded? Running 3007ms or 60 ticks behind
[10sept.2026 19:33:44.098] [Server thread/WARN] [net.minecraft.server.MinecraftServer/]: Can't keep up! Is the server overloaded? Running 4060ms or 81 ticks behind
[10sept.2026 19:34:01.745] [Server thread/WARN] [net.minecraft.server.MinecraftServer/]: Can't keep up! Is the server overloaded? Running 2659ms or 53 ticks behind
[10sept.2026 19:34:22.989] [Server thread/WARN] [net.minecraft.server.MinecraftServer/]: Can't keep up! Is the server overloaded? Running 2005ms or 40 ticks behind
[10sept.2026 19:34:40.105] [Server thread/WARN] [net.minecraft.server.MinecraftServer/]: Can't keep up! Is the server overloaded? Running 2122ms or 42 ticks behind
[10sept.2026 19:34:58.241] [Server thread/WARN] [net.minecraft.server.MinecraftServer/]: Can't keep up! Is the server overloaded? Running 3160ms or 63 ticks behind
[10sept.2026 19:35:16.450] [Server thread/WARN] [net.minecraft.server.MinecraftServer/]: Can't keep up! Is the server overloaded? Running 3221ms or 64 ticks behind
[10sept.2026 19:35:33.845] [Server thread/WARN] [net.minecraft.server.MinecraftServer/]: Can't keep up! Is the server overloaded? Running 2417ms or 48 ticks behind
[10sept.2026 19:35:51.263] [Server thread/WARN] [net.minecraft.server.MinecraftServer/]: Can't keep up! Is the server overloaded? Running 2436ms or 48 ticks behind
[10sept.2026 19:36:09.060] [Server thread/WARN] [net.minecraft.server.MinecraftServer/]: Can't keep up! Is the server overloaded? Running 2835ms or 56 ticks behind
[10sept.2026 19:36:26.693] [Server thread/WARN] [net.minecraft.server.MinecraftServer/]: Can't keep up! Is the server overloaded? Running 2669ms or 53 ticks behind
[10sept.2026 19:36:44.346] [Server thread/WARN] [net.minecraft.server.MinecraftServer/]: Can't keep up! Is the server overloaded? Running 2673ms or 53 ticks behind
[10sept.2026 19:37:02.014] [Server thread/WARN] [net.minecraft.server.MinecraftServer/]: Can't keep up! Is the server overloaded? Running 2691ms or 53 ticks behind
[10sept.2026 19:37:19.313] [Server thread/WARN] [net.minecraft.server.MinecraftServer/]: Can't keep up! Is the server overloaded? Running 2342ms or 46 ticks behind
[10sept.2026 19:37:36.520] [Server thread/WARN] [net.minecraft.server.MinecraftServer/]: Can't keep up! Is the server overloaded? Running 2250ms or 45 ticks behind
[10sept.2026 19:37:55.474] [Server thread/WARN] [net.minecraft.server.MinecraftServer/]: Can't keep up! Is the server overloaded? Running 3956ms or 79 ticks behind
[10sept.2026 19:38:13.120] [Server thread/WARN] [net.minecraft.server.MinecraftServer/]: Can't keep up! Is the server overloaded? Running 2652ms or 53 ticks behind
[10sept.2026 19:38:30.442] [Server thread/WARN] [net.minecraft.server.MinecraftServer/]: Can't keep up! Is the server overloaded? Running 2325ms or 46 ticks behind
[10sept.2026 19:38:47.964] [Server thread/WARN] [net.minecraft.server.MinecraftServer/]: Can't keep up! Is the server overloaded? Running 2548ms or 50 ticks behind
[10sept.2026 19:39:05.281] [Server thread/WARN] [net.minecraft.server.MinecraftServer/]: Can't keep up! Is the server overloaded? Running 2366ms or 47 ticks behind
[10sept.2026 19:39:22.298] [Server thread/WARN] [net.minecraft.server.MinecraftServer/]: Can't keep up! Is the server overloaded? Running 2034ms or 40 ticks behind
[10sept.2026 19:39:39.427] [Server thread/WARN] [net.minecraft.server.MinecraftServer/]: Can't keep up! Is the server overloaded? Running 2164ms or 43 ticks behind
[10sept.2026 19:39:56.782] [Server thread/WARN] [net.minecraft.server.MinecraftServer/]: Can't keep up! Is the server overloaded? Running 2370ms or 47 ticks behind
[10sept.2026 19:40:13.864] [Server thread/WARN] [net.minecraft.server.MinecraftServer/]: Can't keep up! Is the server overloaded? Running 2104ms or 42 ticks behind
[10sept.2026 19:40:31.287] [Server thread/WARN] [net.minecraft.server.MinecraftServer/]: Can't keep up! Is the server overloaded? Running 2428ms or 48 ticks behind
[10sept.2026 19:40:49.196] [Server thread/WARN] [net.minecraft.server.MinecraftServer/]: Can't keep up! Is the server overloaded? Running 2938ms or 58 ticks behind
[10sept.2026 19:41:06.515] [Server thread/WARN] [net.minecraft.server.MinecraftServer/]: Can't keep up! Is the server overloaded? Running 2358ms or 47 ticks behind
[10sept.2026 19:41:23.668] [Server thread/WARN] [net.minecraft.server.MinecraftServer/]: Can't keep up! Is the server overloaded? Running 2162ms or 43 ticks behind
[10sept.2026 19:41:41.287] [Server thread/WARN] [net.minecraft.server.MinecraftServer/]: Can't keep up! Is the server overloaded? Running 2631ms or 52 ticks behind
[10sept.2026 19:41:52.568] [Server thread/INFO] [AllTheLeaks/]: Listing events...
[10sept.2026 19:41:52.569] [Server thread/INFO] [AllTheLeaks/]: Listing memory leaks so far...
[10sept.2026 19:41:52.569] [Server thread/INFO] [AllTheLeaks/]: B: 858MB / C: 1042MB / Diff: +184MB
[10sept.2026 19:41:52.569] [Server thread/INFO] [AllTheLeaks/]: No memory leak detected!
[10sept.2026 19:41:59.036] [Server thread/WARN] [net.minecraft.server.MinecraftServer/]: Can't keep up! Is the server overloaded? Running 2782ms or 55 ticks behind
[10sept.2026 19:42:16.493] [Server thread/WARN] [net.minecraft.server.MinecraftServer/]: Can't keep up! Is the server overloaded? Running 2490ms or 49 ticks behind
[10sept.2026 19:42:34.755] [Server thread/WARN] [net.minecraft.server.MinecraftServer/]: Can't keep up! Is the server overloaded? Running 3303ms or 66 ticks behind
[10sept.2026 19:42:52.734] [Server thread/WARN] [net.minecraft.server.MinecraftServer/]: Can't keep up! Is the server overloaded? Running 2983ms or 59 ticks behind
[10sept.2026 19:43:10.341] [Server thread/WARN] [net.minecraft.server.MinecraftServer/]: Can't keep up! Is the server overloaded? Running 2641ms or 52 ticks behind
[10sept.2026 19:43:27.672] [Server thread/WARN] [net.minecraft.server.MinecraftServer/]: Can't keep up! Is the server overloaded? Running 2374ms or 47 ticks behind
[10sept.2026 19:43:45.117] [Server thread/WARN] [net.minecraft.server.MinecraftServer/]: Can't keep up! Is the server overloaded? Running 2469ms or 49 ticks behind
[10sept.2026 19:44:02.514] [Server thread/WARN] [net.minecraft.server.MinecraftServer/]: Can't keep up! Is the server overloaded? Running 2417ms or 48 ticks behind
[10sept.2026 19:44:20.293] [Server thread/WARN] [net.minecraft.server.MinecraftServer/]: Can't keep up! Is the server overloaded? Running 2798ms or 55 ticks behind
[10sept.2026 19:44:37.984] [Server thread/WARN] [net.minecraft.server.MinecraftServer/]: Can't keep up! Is the server overloaded? Running 2740ms or 54 ticks behind
[10sept.2026 19:44:55.406] [Server thread/WARN] [net.minecraft.server.MinecraftServer/]: Can't keep up! Is the server overloaded? Running 2462ms or 49 ticks behind
[10sept.2026 19:45:12.743] [Server thread/WARN] [net.minecraft.server.MinecraftServer/]: Can't keep up! Is the server overloaded? Running 2001ms or 40 ticks behind
[10sept.2026 19:45:30.091] [Server thread/WARN] [net.minecraft.server.MinecraftServer/]: Can't keep up! Is the server overloaded? Running 2350ms or 47 ticks behind
[10sept.2026 19:45:47.242] [Server thread/WARN] [net.minecraft.server.MinecraftServer/]: Can't keep up! Is the server overloaded? Running 2152ms or 43 ticks behind
[10sept.2026 19:46:04.446] [Server thread/WARN] [net.minecraft.server.MinecraftServer/]: Can't keep up! Is the server overloaded? Running 2007ms or 40 ticks behind
[10sept.2026 19:46:21.572] [Server thread/WARN] [net.minecraft.server.MinecraftServer/]: Can't keep up! Is the server overloaded? Running 2135ms or 42 ticks behind
[10sept.2026 19:46:38.639] [Server thread/WARN] [net.minecraft.server.MinecraftServer/]: Can't keep up! Is the server overloaded? Running 2002ms or 40 ticks behind
[10sept.2026 19:46:55.736] [Server thread/WARN] [net.minecraft.server.MinecraftServer/]: Can't keep up! Is the server overloaded? Running 2101ms or 42 ticks behind
[10sept.2026 19:47:13.744] [Server thread/WARN] [net.minecraft.server.MinecraftServer/]: Can't keep up! Is the server overloaded? Running 2009ms or 40 ticks behind
[10sept.2026 19:47:30.998] [Server thread/WARN] [net.minecraft.server.MinecraftServer/]: Can't keep up! Is the server overloaded? Running 2014ms or 40 ticks behind
[10sept.2026 19:47:48.523] [Server thread/WARN] [net.minecraft.server.MinecraftServer/]: Can't keep up! Is the server overloaded? Running 2540ms or 50 ticks behind
[10sept.2026 19:48:05.584] [Server thread/WARN] [net.minecraft.server.MinecraftServer/]: Can't keep up! Is the server overloaded? Running 2102ms or 42 ticks behind
[10sept.2026 19:48:23.474] [Server thread/WARN] [net.minecraft.server.MinecraftServer/]: Can't keep up! Is the server overloaded? Running 2894ms or 57 ticks behind
[10sept.2026 19:48:41.234] [Server thread/WARN] [net.minecraft.server.MinecraftServer/]: Can't keep up! Is the server overloaded? Running 2004ms or 40 ticks behind
[10sept.2026 19:48:58.705] [Server thread/WARN] [net.minecraft.server.MinecraftServer/]: Can't keep up! Is the server overloaded? Running 2476ms or 49 ticks behind
[10sept.2026 19:49:15.898] [Server thread/WARN] [net.minecraft.server.MinecraftServer/]: Can't keep up! Is the server overloaded? Running 2221ms or 44 ticks behind
[10sept.2026 19:49:32.898] [Server thread/WARN] [net.minecraft.server.MinecraftServer/]: Can't keep up! Is the server overloaded? Running 2021ms or 40 ticks behind
[10sept.2026 19:52:54.508] [Server thread/INFO] [AllTheLeaks/]: Listing events...
[10sept.2026 19:52:54.508] [Server thread/INFO] [AllTheLeaks/]: Listing memory leaks so far...
[10sept.2026 19:52:54.508] [Server thread/INFO] [AllTheLeaks/]: B: 858MB / C: 1025MB / Diff: +167MB
[10sept.2026 19:52:54.508] [Server thread/INFO] [AllTheLeaks/]: No memory leak detected!
[10sept.2026 19:58:16.900] [Server thread/WARN] [net.minecraft.server.MinecraftServer/]: Can't keep up! Is the server overloaded? Running 2000ms or 40 ticks behind
[10sept.2026 19:58:40.905] [Server thread/WARN] [net.minecraft.server.MinecraftServer/]: Can't keep up! Is the server overloaded? Running 9006ms or 180 ticks behind
[10sept.2026 19:59:11.455] [Server thread/WARN] [net.minecraft.server.MinecraftServer/]: Can't keep up! Is the server overloaded? Running 15557ms or 311 ticks behind
[10sept.2026 19:59:30.850] [Server thread/WARN] [net.minecraft.server.MinecraftServer/]: Can't keep up! Is the server overloaded? Running 4403ms or 88 ticks behind
[10sept.2026 20:00:04.258] [Server thread/WARN] [net.minecraft.server.MinecraftServer/]: Can't keep up! Is the server overloaded? Running 2012ms or 40 ticks behind
[10sept.2026 20:00:22.450] [Server thread/WARN] [net.minecraft.server.MinecraftServer/]: Can't keep up! Is the server overloaded? Running 3204ms or 64 ticks behind
[10sept.2026 20:01:51.395] [Server thread/WARN] [net.minecraft.server.MinecraftServer/]: Can't keep up! Is the server overloaded? Running 2005ms or 40 ticks behind
[10sept.2026 20:02:15.723] [Server thread/WARN] [net.minecraft.server.MinecraftServer/]: Can't keep up! Is the server overloaded? Running 9334ms or 186 ticks behind
[10sept.2026 20:02:38.821] [Server thread/WARN] [net.minecraft.server.MinecraftServer/]: Can't keep up! Is the server overloaded? Running 8133ms or 162 ticks behind
[10sept.2026 20:02:57.788] [Server thread/WARN] [net.minecraft.server.MinecraftServer/]: Can't keep up! Is the server overloaded? Running 2050ms or 41 ticks behind
[10sept.2026 20:03:23.086] [Server thread/WARN] [net.minecraft.server.MinecraftServer/]: Can't keep up! Is the server overloaded? Running 10299ms or 205 ticks behind
[10sept.2026 20:04:01.140] [Server thread/WARN] [net.minecraft.server.MinecraftServer/]: Can't keep up! Is the server overloaded? Running 2005ms or 40 ticks behind
[10sept.2026 20:04:06.116] [Server thread/INFO] [AllTheLeaks/]: Listing events...
[10sept.2026 20:04:06.120] [Server thread/INFO] [AllTheLeaks/]: Listing memory leaks so far...
[10sept.2026 20:04:06.122] [Server thread/INFO] [AllTheLeaks/]: B: 858MB / C: 1030MB / Diff: +172MB
[10sept.2026 20:04:06.122] [Server thread/INFO] [AllTheLeaks/]: No memory leak detected!
[10sept.2026 20:04:19.017] [Server thread/WARN] [net.minecraft.server.MinecraftServer/]: Can't keep up! Is the server overloaded? Running 2133ms or 42 ticks behind
[10sept.2026 20:04:36.044] [Server thread/WARN] [net.minecraft.server.MinecraftServer/]: Can't keep up! Is the server overloaded? Running 2061ms or 41 ticks behind
[10sept.2026 20:05:13.236] [Server thread/WARN] [net.minecraft.server.MinecraftServer/]: Can't keep up! Is the server overloaded? Running 2004ms or 40 ticks behind
[10sept.2026 20:07:25.094] [Server thread/WARN] [net.minecraft.server.MinecraftServer/]: Can't keep up! Is the server overloaded? Running 2018ms or 40 ticks behind
[10sept.2026 20:09:10.044] [Server thread/WARN] [net.minecraft.server.MinecraftServer/]: Can't keep up! Is the server overloaded? Running 2023ms or 40 ticks behind
[10sept.2026 20:14:14.559] [Server thread/INFO] [AllTheLeaks/]: Listing events...
[10sept.2026 20:14:14.559] [Server thread/INFO] [AllTheLeaks/]: Listing memory leaks so far...
[10sept.2026 20:14:14.559] [Server thread/INFO] [AllTheLeaks/]: B: 858MB / C: 1055MB / Diff: +197MB
[10sept.2026 20:14:14.559] [Server thread/INFO] [AllTheLeaks/]: No memory leak detected!
[10sept.2026 20:17:02.586] [Server thread/WARN] [net.minecraft.server.MinecraftServer/]: Can't keep up! Is the server overloaded? Running 2029ms or 40 ticks behind
[10sept.2026 20:17:21.649] [Server thread/WARN] [net.minecraft.server.MinecraftServer/]: Can't keep up! Is the server overloaded? Running 4093ms or 81 ticks behind
[10sept.2026 20:17:41.220] [Server thread/WARN] [net.minecraft.server.MinecraftServer/]: Can't keep up! Is the server overloaded? Running 4615ms or 92 ticks behind
[10sept.2026 20:18:00.471] [Server thread/WARN] [net.minecraft.server.MinecraftServer/]: Can't keep up! Is the server overloaded? Running 4266ms or 85 ticks behind
[10sept.2026 20:18:19.416] [Server thread/WARN] [net.minecraft.server.MinecraftServer/]: Can't keep up! Is the server overloaded? Running 3961ms or 79 ticks behind
[10sept.2026 20:18:38.210] [Server thread/WARN] [net.minecraft.server.MinecraftServer/]: Can't keep up! Is the server overloaded? Running 3807ms or 76 ticks behind
[10sept.2026 20:18:57.957] [Server thread/WARN] [net.minecraft.server.MinecraftServer/]: Can't keep up! Is the server overloaded? Running 4754ms or 95 ticks behind
[10sept.2026 20:19:17.649] [Server thread/WARN] [net.minecraft.server.MinecraftServer/]: Can't keep up! Is the server overloaded? Running 4696ms or 93 ticks behind
[10sept.2026 20:19:37.337] [Server thread/WARN] [net.minecraft.server.MinecraftServer/]: Can't keep up! Is the server overloaded? Running 4736ms or 94 ticks behind
[10sept.2026 20:19:57.309] [Server thread/WARN] [net.minecraft.server.MinecraftServer/]: Can't keep up! Is the server overloaded? Running 5008ms or 100 ticks behind
[10sept.2026 20:20:16.239] [Server thread/WARN] [net.minecraft.server.MinecraftServer/]: Can't keep up! Is the server overloaded? Running 3939ms or 78 ticks behind
[10sept.2026 20:20:36.142] [Server thread/WARN] [net.minecraft.server.MinecraftServer/]: Can't keep up! Is the server overloaded? Running 4942ms or 98 ticks behind
[10sept.2026 20:20:55.570] [Server thread/WARN] [net.minecraft.server.MinecraftServer/]: Can't keep up! Is the server overloaded? Running 4472ms or 89 ticks behind
[10sept.2026 20:21:14.393] [Server thread/WARN] [net.minecraft.server.MinecraftServer/]: Can't keep up! Is the server overloaded? Running 3845ms or 76 ticks behind
[10sept.2026 20:21:33.413] [Server thread/WARN] [net.minecraft.server.MinecraftServer/]: Can't keep up! Is the server overloaded? Running 4066ms or 81 ticks behind
[10sept.2026 20:21:52.744] [Server thread/WARN] [net.minecraft.server.MinecraftServer/]: Can't keep up! Is the server overloaded? Running 4346ms or 86 ticks behind
[10sept.2026 20:22:12.208] [Server thread/WARN] [net.minecraft.server.MinecraftServer/]: Can't keep up! Is the server overloaded? Running 4511ms or 90 ticks behind
[10sept.2026 20:22:38.699] [Server thread/WARN] [net.minecraft.server.MinecraftServer/]: Can't keep up! Is the server overloaded? Running 2004ms or 40 ticks behind
[10sept.2026 20:23:08.161] [Server thread/WARN] [net.minecraft.server.MinecraftServer/]: Can't keep up! Is the server overloaded? Running 2017ms or 40 ticks behind
[10sept.2026 20:23:26.952] [Server thread/WARN] [net.minecraft.server.MinecraftServer/]: Can't keep up! Is the server overloaded? Running 3807ms or 76 ticks behind
[10sept.2026 20:23:59.749] [User Authenticator #2/INFO] [net.minecraft.server.network.ServerLoginPacketListenerImpl/]: UUID of player Parmenyyon is 3d7bab1e-6346-48d6-ad16-21171529fdf8
[10sept.2026 20:24:07.466] [Server thread/INFO] [net.minecraft.server.players.PlayerList/]: Parmenyyon[/25.19.195.136:54921] logged in with entity id 47471 at (772.9151560177498, 98.74229431569402, 939.8882817710577)
[10sept.2026 20:24:07.511] [Server thread/INFO] [net.minecraft.server.MinecraftServer/]: Parmenyyon joined the game
[10sept.2026 20:24:07.616] [Server thread/INFO] [artifacts.Artifacts/]: Sending item configs to client
[10sept.2026 20:24:21.351] [Server thread/WARN] [net.minecraft.server.MinecraftServer/]: Can't keep up! Is the server overloaded? Running 2008ms or 40 ticks behind
[10sept.2026 20:24:49.364] [Server thread/INFO] [net.minecraft.server.network.ServerGamePacketListenerImpl/]: Parmenyyon lost connection: Disconnected
[10sept.2026 20:24:49.364] [Server thread/INFO] [net.minecraft.server.MinecraftServer/]: Parmenyyon left the game
[10sept.2026 20:24:53.226] [User Authenticator #3/INFO] [net.minecraft.server.network.ServerLoginPacketListenerImpl/]: UUID of player Parmenyyon is 3d7bab1e-6346-48d6-ad16-21171529fdf8
[10sept.2026 20:25:00.589] [Server thread/INFO] [net.minecraft.server.players.PlayerList/]: Parmenyyon[/25.19.195.136:57064] logged in with entity id 52213 at (707.6510470537594, 102.4922221020149, 1048.998879593743)
[10sept.2026 20:25:00.605] [Server thread/INFO] [net.minecraft.server.MinecraftServer/]: Parmenyyon joined the game
[10sept.2026 20:25:00.659] [Server thread/INFO] [artifacts.Artifacts/]: Sending item configs to client
[10sept.2026 20:25:14.824] [Server thread/INFO] [journeymap/]: Zakohen teleported to 684.0 68.0 1035.0 minecraft:overworld
[10sept.2026 20:25:36.131] [Server thread/INFO] [AllTheLeaks/]: Listing events...
[10sept.2026 20:25:36.132] [Server thread/INFO] [AllTheLeaks/]: Server Player Logout: 1
[10sept.2026 20:25:36.132] [Server thread/INFO] [AllTheLeaks/]: Listing memory leaks so far...
[10sept.2026 20:25:36.132] [Server thread/INFO] [AllTheLeaks/]: B: 858MB / C: 1044MB / Diff: +186MB
[10sept.2026 20:25:36.132] [Server thread/INFO] [AllTheLeaks/]: Memory Leaks detected: (/atl force_refresh to update)
[10sept.2026 20:25:36.136] [Server thread/INFO] [AllTheLeaks/]: | Player:
[10sept.2026 20:25:36.136] [Server thread/INFO] [AllTheLeaks/]: |- ServerPlayer (minecraft): 1
[10sept.2026 20:35:36.341] [Server thread/INFO] [AllTheLeaks/]: Listing events...
[10sept.2026 20:35:36.342] [Server thread/INFO] [AllTheLeaks/]: Server Player Logout: 1
[10sept.2026 20:35:36.343] [Server thread/INFO] [AllTheLeaks/]: Listing memory leaks so far...
[10sept.2026 20:35:36.344] [Server thread/INFO] [AllTheLeaks/]: B: 858MB / C: 994MB / Diff: +136MB
[10sept.2026 20:35:36.344] [Server thread/INFO] [AllTheLeaks/]: No memory leak detected!
[10sept.2026 20:40:20.124] [Server thread/WARN] [net.minecraft.server.network.ServerGamePacketListenerImpl/]: Parmenyyon moved too quickly! 4.958081639776992,0.0,-9.59877635413227
[10sept.2026 20:42:27.932] [Server thread/INFO] [net.minecraft.server.MinecraftServer/]: <Zakohen> ficelle
[10sept.2026 20:45:36.383] [Server thread/INFO] [AllTheLeaks/]: Listing events...
[10sept.2026 20:45:36.384] [Server thread/INFO] [AllTheLeaks/]: Server Player Logout: 1
[10sept.2026 20:45:36.384] [Server thread/INFO] [AllTheLeaks/]: Listing memory leaks so far...
[10sept.2026 20:45:36.385] [Server thread/INFO] [AllTheLeaks/]: B: 858MB / C: 1053MB / Diff: +195MB
[10sept.2026 20:45:36.385] [Server thread/INFO] [AllTheLeaks/]: No memory leak detected!
[10sept.2026 20:55:38.043] [Server thread/INFO] [AllTheLeaks/]: Listing events...
[10sept.2026 20:55:38.044] [Server thread/INFO] [AllTheLeaks/]: Server Player Logout: 1
[10sept.2026 20:55:38.044] [Server thread/INFO] [AllTheLeaks/]: Listing memory leaks so far...
[10sept.2026 20:55:38.045] [Server thread/INFO] [AllTheLeaks/]: B: 858MB / C: 1049MB / Diff: +191MB
[10sept.2026 20:55:38.046] [Server thread/INFO] [AllTheLeaks/]: Memory Leaks detected: (/atl force_refresh to update)
[10sept.2026 20:55:38.046] [Server thread/INFO] [AllTheLeaks/]: | ChunkAccess:
[10sept.2026 20:55:38.046] [Server thread/INFO] [AllTheLeaks/]: |- LevelChunk (minecraft): 28
[10sept.2026 20:55:40.172] [Server thread/WARN] [net.minecraft.server.MinecraftServer/]: Can't keep up! Is the server overloaded? Running 2019ms or 40 ticks behind
[10sept.2026 20:56:39.011] [Server thread/WARN] [net.minecraft.server.MinecraftServer/]: Can't keep up! Is the server overloaded? Running 2008ms or 40 ticks behind
[10sept.2026 20:59:10.575] [Server thread/WARN] [net.minecraft.server.MinecraftServer/]: Can't keep up! Is the server overloaded? Running 2025ms or 40 ticks behind
[10sept.2026 20:59:27.655] [Server thread/WARN] [net.minecraft.server.MinecraftServer/]: Can't keep up! Is the server overloaded? Running 2105ms or 42 ticks behind
[10sept.2026 21:05:44.460] [Server thread/INFO] [AllTheLeaks/]: Listing events...
[10sept.2026 21:05:44.460] [Server thread/INFO] [AllTheLeaks/]: Server Player Logout: 1
[10sept.2026 21:05:44.462] [Server thread/INFO] [AllTheLeaks/]: Listing memory leaks so far...
[10sept.2026 21:05:44.464] [Server thread/INFO] [AllTheLeaks/]: B: 858MB / C: 1036MB / Diff: +178MB
[10sept.2026 21:05:44.464] [Server thread/INFO] [AllTheLeaks/]: No memory leak detected!
[10sept.2026 21:06:47.195] [Server thread/WARN] [net.minecraft.server.MinecraftServer/]: Can't keep up! Is the server overloaded? Running 2001ms or 40 ticks behind
[10sept.2026 21:07:58.257] [Server thread/WARN] [net.minecraft.server.MinecraftServer/]: Can't keep up! Is the server overloaded? Running 2014ms or 40 ticks behind
[10sept.2026 21:08:36.946] [Server thread/WARN] [net.minecraft.server.MinecraftServer/]: Can't keep up! Is the server overloaded? Running 2003ms or 40 ticks behind
[10sept.2026 21:09:16.160] [Server thread/WARN] [net.minecraft.server.MinecraftServer/]: Can't keep up! Is the server overloaded? Running 2017ms or 40 ticks behind
[10sept.2026 21:09:57.398] [Server thread/WARN] [net.minecraft.server.MinecraftServer/]: Can't keep up! Is the server overloaded? Running 2005ms or 40 ticks behind
[10sept.2026 21:10:26.246] [Server thread/WARN] [net.minecraft.server.MinecraftServer/]: Can't keep up! Is the server overloaded? Running 2004ms or 40 ticks behind
[10sept.2026 21:10:45.225] [Server thread/WARN] [net.minecraft.server.MinecraftServer/]: Can't keep up! Is the server overloaded? Running 3983ms or 79 ticks behind
[10sept.2026 21:11:28.248] [Server thread/WARN] [net.minecraft.server.MinecraftServer/]: Can't keep up! Is the server overloaded? Running 2007ms or 40 ticks behind
[10sept.2026 21:11:56.846] [Server thread/WARN] [net.minecraft.server.MinecraftServer/]: Can't keep up! Is the server overloaded? Running 2005ms or 40 ticks behind
[10sept.2026 21:12:27.648] [Server thread/WARN] [net.minecraft.server.MinecraftServer/]: Can't keep up! Is the server overloaded? Running 2007ms or 40 ticks behind
[10sept.2026 21:12:37.381] [Server thread/INFO] [journeymap/]: Parmenyyon teleported to 377.0 99.0 1172.0 minecraft:overworld
[10sept.2026 21:12:38.059] [Server thread/ERROR] [net.minecraft.world.item.ItemStack/]: Tried to load invalid item: 'No key id in MapLike[{}]'
[10sept.2026 21:12:47.734] [Server thread/WARN] [net.minecraft.server.MinecraftServer/]: Can't keep up! Is the server overloaded? Running 5093ms or 101 ticks behind
[10sept.2026 21:13:07.465] [Server thread/WARN] [net.minecraft.server.network.ServerGamePacketListenerImpl/]: Parmenyyon moved too quickly! -8.548308461262025,0.0,5.78924380837293
[10sept.2026 21:13:09.878] [Server thread/WARN] [net.minecraft.server.MinecraftServer/]: Can't keep up! Is the server overloaded? Running 7187ms or 143 ticks behind
[10sept.2026 21:13:30.470] [Server thread/WARN] [net.minecraft.server.MinecraftServer/]: Can't keep up! Is the server overloaded? Running 5630ms or 112 ticks behind
[10sept.2026 21:13:50.824] [Server thread/WARN] [net.minecraft.server.MinecraftServer/]: Can't keep up! Is the server overloaded? Running 5383ms or 107 ticks behind
[10sept.2026 21:14:10.663] [Server thread/WARN] [net.minecraft.server.MinecraftServer/]: Can't keep up! Is the server overloaded? Running 4874ms or 97 ticks behind
[10sept.2026 21:14:29.745] [Server thread/WARN] [net.minecraft.server.MinecraftServer/]: Can't keep up! Is the server overloaded? Running 4106ms or 82 ticks behind
[10sept.2026 21:14:48.799] [Server thread/WARN] [net.minecraft.server.MinecraftServer/]: Can't keep up! Is the server overloaded? Running 4060ms or 81 ticks behind
[10sept.2026 21:15:07.668] [Server thread/WARN] [net.minecraft.server.MinecraftServer/]: Can't keep up! Is the server overloaded? Running 3879ms or 77 ticks behind
[10sept.2026 21:15:26.243] [Server thread/WARN] [net.minecraft.server.MinecraftServer/]: Can't keep up! Is the server overloaded? Running 3604ms or 72 ticks behind
[10sept.2026 21:15:46.617] [Server thread/WARN] [net.minecraft.server.MinecraftServer/]: Can't keep up! Is the server overloaded? Running 5379ms or 107 ticks behind
[10sept.2026 21:16:05.144] [Server thread/WARN] [net.minecraft.server.MinecraftServer/]: Can't keep up! Is the server overloaded? Running 3556ms or 71 ticks behind
[10sept.2026 21:16:59.420] [Server thread/INFO] [AllTheLeaks/]: Listing events...
[10sept.2026 21:16:59.420] [Server thread/INFO] [AllTheLeaks/]: Server Player Logout: 1
[10sept.2026 21:16:59.421] [Server thread/INFO] [AllTheLeaks/]: Listing memory leaks so far...
[10sept.2026 21:16:59.421] [Server thread/INFO] [AllTheLeaks/]: B: 858MB / C: 1098MB / Diff: +240MB
[10sept.2026 21:16:59.421] [Server thread/INFO] [AllTheLeaks/]: Memory Leaks detected: (/atl force_refresh to update)
[10sept.2026 21:16:59.421] [Server thread/INFO] [AllTheLeaks/]: | ChunkAccess:
[10sept.2026 21:16:59.422] [Server thread/INFO] [AllTheLeaks/]: |- LevelChunk (minecraft): 353
[10sept.2026 21:17:22.596] [Server thread/WARN] [net.minecraft.server.MinecraftServer/]: Can't keep up! Is the server overloaded? Running 2009ms or 40 ticks behind
[10sept.2026 21:19:40.556] [Server thread/WARN] [net.minecraft.server.MinecraftServer/]: Can't keep up! Is the server overloaded? Running 2020ms or 40 ticks behind
[10sept.2026 21:21:04.290] [Server thread/WARN] [net.minecraft.server.MinecraftServer/]: Can't keep up! Is the server overloaded? Running 2004ms or 40 ticks behind
[10sept.2026 21:22:32.284] [Server thread/WARN] [net.minecraft.server.MinecraftServer/]: Can't keep up! Is the server overloaded? Running 2000ms or 40 ticks behind
[10sept.2026 21:23:42.095] [Server thread/WARN] [net.minecraft.server.MinecraftServer/]: Can't keep up! Is the server overloaded? Running 2010ms or 40 ticks behind
[10sept.2026 21:24:02.907] [Server thread/WARN] [net.minecraft.server.MinecraftServer/]: Can't keep up! Is the server overloaded? Running 2023ms or 40 ticks behind
[10sept.2026 21:24:21.585] [Server thread/WARN] [net.minecraft.server.MinecraftServer/]: Can't keep up! Is the server overloaded? Running 2001ms or 40 ticks behind
[10sept.2026 21:27:12.828] [Server thread/INFO] [AllTheLeaks/]: Listing events...
[10sept.2026 21:27:12.828] [Server thread/INFO] [AllTheLeaks/]: Server Player Logout: 1
[10sept.2026 21:27:12.828] [Server thread/INFO] [AllTheLeaks/]: Listing memory leaks so far...
[10sept.2026 21:27:12.830] [Server thread/INFO] [AllTheLeaks/]: B: 858MB / C: 1095MB / Diff: +237MB
[10sept.2026 21:27:12.830] [Server thread/INFO] [AllTheLeaks/]: Memory Leaks detected: (/atl force_refresh to update)
[10sept.2026 21:27:12.830] [Server thread/INFO] [AllTheLeaks/]: | ChunkAccess:
[10sept.2026 21:27:12.830] [Server thread/INFO] [AllTheLeaks/]: |- LevelChunk (minecraft): 134
[10sept.2026 21:27:15.670] [Server thread/WARN] [net.minecraft.server.network.ServerGamePacketListenerImpl/]: Parmenyyon moved too quickly! -3.224598529995319,0.0,-9.982386193109505
[10sept.2026 21:27:15.671] [Server thread/WARN] [net.minecraft.server.network.ServerGamePacketListenerImpl/]: Zakohen moved too quickly! 10.159903703348391,0.0,-1.6483256448846078
[10sept.2026 21:27:17.612] [Server thread/WARN] [net.minecraft.server.MinecraftServer/]: Can't keep up! Is the server overloaded? Running 2779ms or 55 ticks behind
[10sept.2026 21:27:17.703] [Server thread/WARN] [net.minecraft.server.network.ServerGamePacketListenerImpl/]: Parmenyyon moved too quickly! -1.1906173738656207,-1.5637440621376015,-9.842092812047895
[10sept.2026 21:27:53.236] [Server thread/WARN] [net.minecraft.server.MinecraftServer/]: Can't keep up! Is the server overloaded? Running 2004ms or 40 ticks behind
[10sept.2026 21:35:15.594] [Server thread/WARN] [net.minecraft.server.MinecraftServer/]: Can't keep up! Is the server overloaded? Running 2015ms or 40 ticks behind
[10sept.2026 21:35:22.607] [Server thread/INFO] [net.minecraft.server.MinecraftServer/]: <Parmenyyon> Tu m'entends ?
[10sept.2026 21:35:26.549] [Server thread/INFO] [net.minecraft.server.MinecraftServer/]: <Zakohen> bipboup
[10sept.2026 21:35:27.049] [Server thread/INFO] [net.minecraft.server.MinecraftServer/]: <Parmenyyon> Moi non
[10sept.2026 21:35:30.291] [Server thread/INFO] [net.minecraft.server.MinecraftServer/]: <Zakohen> discord est mort
[10sept.2026 21:35:32.770] [Server thread/WARN] [net.minecraft.server.MinecraftServer/]: Can't keep up! Is the server overloaded? Running 2191ms or 43 ticks behind
[10sept.2026 21:35:46.902] [Server thread/INFO] [net.minecraft.server.MinecraftServer/]: <Parmenyyon> Ah
[10sept.2026 21:35:49.281] [Server thread/INFO] [net.minecraft.server.MinecraftServer/]: <Zakohen> bethesda ils ont juste recup les mods de la communauté et vendu un jeu avec les mods deja appliqué
[10sept.2026 21:37:21.847] [Server thread/INFO] [AllTheLeaks/]: Listing events...
[10sept.2026 21:37:21.847] [Server thread/INFO] [AllTheLeaks/]: Server Player Logout: 1
[10sept.2026 21:37:21.847] [Server thread/INFO] [AllTheLeaks/]: Listing memory leaks so far...
[10sept.2026 21:37:21.847] [Server thread/INFO] [AllTheLeaks/]: B: 858MB / C: 1068MB / Diff: +210MB
[10sept.2026 21:37:21.848] [Server thread/INFO] [AllTheLeaks/]: No memory leak detected!
[10sept.2026 21:38:02.293] [Server thread/WARN] [net.minecraft.server.MinecraftServer/]: Can't keep up! Is the server overloaded? Running 2066ms or 41 ticks behind
[10sept.2026 21:38:21.544] [Server thread/WARN] [net.minecraft.server.MinecraftServer/]: Can't keep up! Is the server overloaded? Running 4267ms or 85 ticks behind
[10sept.2026 21:41:02.546] [Server thread/WARN] [net.minecraft.server.MinecraftServer/]: Can't keep up! Is the server overloaded? Running 2119ms or 42 ticks behind
[10sept.2026 21:41:21.572] [Server thread/WARN] [net.minecraft.server.MinecraftServer/]: Can't keep up! Is the server overloaded? Running 4046ms or 80 ticks behind
[10sept.2026 21:42:18.937] [Server thread/WARN] [net.minecraft.server.MinecraftServer/]: Can't keep up! Is the server overloaded? Running 2012ms or 40 ticks behind
[10sept.2026 21:42:40.927] [Server thread/WARN] [net.minecraft.server.MinecraftServer/]: Can't keep up! Is the server overloaded? Running 7001ms or 140 ticks behind
[10sept.2026 21:43:24.684] [Server thread/WARN] [net.minecraft.server.MinecraftServer/]: Can't keep up! Is the server overloaded? Running 2009ms or 40 ticks behind
[10sept.2026 21:43:57.989] [Server thread/WARN] [net.minecraft.server.MinecraftServer/]: Can't keep up! Is the server overloaded? Running 2014ms or 40 ticks behind
[10sept.2026 21:44:25.494] [Server thread/WARN] [net.minecraft.server.MinecraftServer/]: Can't keep up! Is the server overloaded? Running 12519ms or 250 ticks behind
[10sept.2026 21:44:48.500] [Server thread/WARN] [net.minecraft.server.MinecraftServer/]: Can't keep up! Is the server overloaded? Running 8025ms or 160 ticks behind
[10sept.2026 21:48:07.713] [Server thread/INFO] [AllTheLeaks/]: Listing events...
[10sept.2026 21:48:07.713] [Server thread/INFO] [AllTheLeaks/]: Server Player Logout: 1
[10sept.2026 21:48:07.713] [Server thread/INFO] [AllTheLeaks/]: Listing memory leaks so far...
[10sept.2026 21:48:07.715] [Server thread/INFO] [AllTheLeaks/]: B: 858MB / C: 1083MB / Diff: +225MB
[10sept.2026 21:48:07.715] [Server thread/INFO] [AllTheLeaks/]: No memory leak detected!
[10sept.2026 21:57:18.035] [Server thread/WARN] [net.minecraft.server.MinecraftServer/]: Can't keep up! Is the server overloaded? Running 2014ms or 40 ticks behind
[10sept.2026 21:57:43.010] [Server thread/WARN] [net.minecraft.server.MinecraftServer/]: Can't keep up! Is the server overloaded? Running 9989ms or 199 ticks behind
[10sept.2026 21:58:20.175] [Server thread/INFO] [AllTheLeaks/]: Listing events...
[10sept.2026 21:58:20.175] [Server thread/INFO] [AllTheLeaks/]: Server Player Logout: 1
[10sept.2026 21:58:20.178] [Server thread/INFO] [AllTheLeaks/]: Listing memory leaks so far...
[10sept.2026 21:58:20.178] [Server thread/INFO] [AllTheLeaks/]: B: 858MB / C: 1089MB / Diff: +231MB
[10sept.2026 21:58:20.178] [Server thread/INFO] [AllTheLeaks/]: No memory leak detected!
[10sept.2026 22:08:20.413] [Server thread/INFO] [AllTheLeaks/]: Listing events...
[10sept.2026 22:08:20.413] [Server thread/INFO] [AllTheLeaks/]: Server Player Logout: 1
[10sept.2026 22:08:20.413] [Server thread/INFO] [AllTheLeaks/]: Listing memory leaks so far...
[10sept.2026 22:08:20.414] [Server thread/INFO] [AllTheLeaks/]: B: 858MB / C: 1084MB / Diff: +226MB
[10sept.2026 22:08:20.414] [Server thread/INFO] [AllTheLeaks/]: No memory leak detected!
[10sept.2026 22:09:37.230] [Server thread/WARN] [net.minecraft.server.MinecraftServer/]: Can't keep up! Is the server overloaded? Running 2012ms or 40 ticks behind
[10sept.2026 22:18:22.568] [Server thread/INFO] [AllTheLeaks/]: Listing events...
[10sept.2026 22:18:22.569] [Server thread/INFO] [AllTheLeaks/]: Server Player Logout: 1
[10sept.2026 22:18:22.569] [Server thread/INFO] [AllTheLeaks/]: Listing memory leaks so far...
[10sept.2026 22:18:22.569] [Server thread/INFO] [AllTheLeaks/]: B: 858MB / C: 1097MB / Diff: +239MB
[10sept.2026 22:18:22.569] [Server thread/INFO] [AllTheLeaks/]: No memory leak detected!
[10sept.2026 22:22:05.520] [Server thread/WARN] [net.minecraft.server.MinecraftServer/]: Can't keep up! Is the server overloaded? Running 2004ms or 40 ticks behind
[10sept.2026 22:22:22.815] [Server thread/WARN] [net.minecraft.server.MinecraftServer/]: Can't keep up! Is the server overloaded? Running 2299ms or 45 ticks behind
[10sept.2026 22:22:40.915] [Server thread/WARN] [net.minecraft.server.MinecraftServer/]: Can't keep up! Is the server overloaded? Running 3149ms or 62 ticks behind
[10sept.2026 22:23:05.432] [Server thread/WARN] [net.minecraft.server.MinecraftServer/]: Can't keep up! Is the server overloaded? Running 2017ms or 40 ticks behind
[10sept.2026 22:27:31.535] [Server thread/INFO] [net.minecraft.server.MinecraftServer/]: Parmenyyon has made the advancement [No Longer Short-Staffed]
[10sept.2026 22:28:31.602] [Server thread/INFO] [AllTheLeaks/]: Listing events...
[10sept.2026 22:28:31.603] [Server thread/INFO] [AllTheLeaks/]: Server Player Logout: 1
[10sept.2026 22:28:31.603] [Server thread/INFO] [AllTheLeaks/]: Listing memory leaks so far...
[10sept.2026 22:28:31.604] [Server thread/INFO] [AllTheLeaks/]: B: 858MB / C: 1090MB / Diff: +232MB
[10sept.2026 22:28:31.604] [Server thread/INFO] [AllTheLeaks/]: No memory leak detected!
[10sept.2026 22:29:23.969] [Server thread/WARN] [net.minecraft.server.MinecraftServer/]: Can't keep up! Is the server overloaded? Running 2005ms or 40 ticks behind
[10sept.2026 22:29:48.019] [Server thread/WARN] [net.minecraft.server.MinecraftServer/]: Can't keep up! Is the server overloaded? Running 9054ms or 181 ticks behind
[10sept.2026 22:35:13.987] [Server thread/WARN] [net.minecraft.server.MinecraftServer/]: Can't keep up! Is the server overloaded? Running 2024ms or 40 ticks behind
[10sept.2026 22:35:39.962] [Server thread/WARN] [net.minecraft.server.MinecraftServer/]: Can't keep up! Is the server overloaded? Running 10998ms or 219 ticks behind
[10sept.2026 22:36:04.087] [Server thread/WARN] [net.minecraft.server.MinecraftServer/]: Can't keep up! Is the server overloaded? Running 9173ms or 183 ticks behind
[10sept.2026 22:36:25.814] [Server thread/WARN] [net.minecraft.server.MinecraftServer/]: Can't keep up! Is the server overloaded? Running 6750ms or 135 ticks behind
[10sept.2026 22:36:46.284] [Server thread/WARN] [net.minecraft.server.MinecraftServer/]: Can't keep up! Is the server overloaded? Running 5471ms or 109 ticks behind
[10sept.2026 22:37:06.814] [Server thread/WARN] [net.minecraft.server.MinecraftServer/]: Can't keep up! Is the server overloaded? Running 5550ms or 111 ticks behind
[10sept.2026 22:38:16.294] [Server thread/WARN] [net.minecraft.server.network.ServerGamePacketListenerImpl/]: Parmenyyon moved too quickly! 2.290360720929243,0.0,-10.635062341550906
[10sept.2026 22:38:19.865] [Server thread/WARN] [net.minecraft.server.MinecraftServer/]: Can't keep up! Is the server overloaded? Running 2002ms or 40 ticks behind
[10sept.2026 22:38:41.929] [Server thread/WARN] [net.minecraft.server.MinecraftServer/]: Can't keep up! Is the server overloaded? Running 7065ms or 141 ticks behind
[10sept.2026 22:39:08.079] [Server thread/WARN] [net.minecraft.server.MinecraftServer/]: Can't keep up! Is the server overloaded? Running 2015ms or 40 ticks behind
[10sept.2026 22:39:31.014] [Server thread/WARN] [net.minecraft.server.MinecraftServer/]: Can't keep up! Is the server overloaded? Running 7950ms or 159 ticks behind
[10sept.2026 22:39:51.188] [Server thread/INFO] [AllTheLeaks/]: Listing events...
[10sept.2026 22:39:51.188] [Server thread/INFO] [AllTheLeaks/]: Server Player Logout: 1
[10sept.2026 22:39:51.188] [Server thread/INFO] [AllTheLeaks/]: Listing memory leaks so far...
[10sept.2026 22:39:51.188] [Server thread/INFO] [AllTheLeaks/]: B: 858MB / C: 1312MB / Diff: +454MB
[10sept.2026 22:39:51.189] [Server thread/INFO] [AllTheLeaks/]: Memory Leaks detected: (/atl force_refresh to update)
[10sept.2026 22:39:51.189] [Server thread/INFO] [AllTheLeaks/]: | ChunkAccess:
[10sept.2026 22:39:51.189] [Server thread/INFO] [AllTheLeaks/]: |- LevelChunk (minecraft): 33
[10sept.2026 22:40:00.153] [Server thread/WARN] [net.minecraft.server.MinecraftServer/]: Can't keep up! Is the server overloaded? Running 14139ms or 282 ticks behind
[10sept.2026 22:40:27.795] [Server thread/WARN] [net.minecraft.server.MinecraftServer/]: Can't keep up! Is the server overloaded? Running 12682ms or 253 ticks behind
[10sept.2026 22:40:54.718] [Server thread/WARN] [net.minecraft.server.MinecraftServer/]: Can't keep up! Is the server overloaded? Running 11955ms or 239 ticks behind
[10sept.2026 22:41:19.363] [Server thread/WARN] [net.minecraft.server.MinecraftServer/]: Can't keep up! Is the server overloaded? Running 9650ms or 193 ticks behind
[10sept.2026 22:41:43.310] [Server thread/WARN] [net.minecraft.server.MinecraftServer/]: Can't keep up! Is the server overloaded? Running 8947ms or 178 ticks behind
[10sept.2026 22:42:09.517] [Server thread/WARN] [net.minecraft.server.MinecraftServer/]: Can't keep up! Is the server overloaded? Running 11255ms or 225 ticks behind
[10sept.2026 22:42:37.973] [Server thread/WARN] [net.minecraft.server.MinecraftServer/]: Can't keep up! Is the server overloaded? Running 13460ms or 269 ticks behind
[10sept.2026 22:43:05.429] [Server thread/WARN] [net.minecraft.server.MinecraftServer/]: Can't keep up! Is the server overloaded? Running 12467ms or 249 ticks behind
[10sept.2026 22:43:28.665] [Server thread/WARN] [net.minecraft.server.MinecraftServer/]: Can't keep up! Is the server overloaded? Running 8252ms or 165 ticks behind
[10sept.2026 22:49:05.678] [Server thread/WARN] [net.minecraft.server.MinecraftServer/]: Can't keep up! Is the server overloaded? Running 2016ms or 40 ticks behind
[10sept.2026 22:49:28.328] [Server thread/WARN] [net.minecraft.server.MinecraftServer/]: Can't keep up! Is the server overloaded? Running 7666ms or 153 ticks behind
[10sept.2026 22:49:50.911] [Server thread/WARN] [net.minecraft.server.MinecraftServer/]: Can't keep up! Is the server overloaded? Running 7599ms or 151 ticks behind
[10sept.2026 22:50:14.094] [Server thread/WARN] [net.minecraft.server.MinecraftServer/]: Can't keep up! Is the server overloaded? Running 8232ms or 164 ticks behind
[10sept.2026 22:50:38.351] [Server thread/WARN] [net.minecraft.server.MinecraftServer/]: Can't keep up! Is the server overloaded? Running 9289ms or 185 ticks behind
[10sept.2026 22:51:00.790] [Server thread/WARN] [net.minecraft.server.MinecraftServer/]: Can't keep up! Is the server overloaded? Running 7478ms or 149 ticks behind
[10sept.2026 22:51:21.104] [Server thread/WARN] [net.minecraft.server.MinecraftServer/]: Can't keep up! Is the server overloaded? Running 5342ms or 106 ticks behind
[10sept.2026 22:51:41.825] [Server thread/WARN] [net.minecraft.server.MinecraftServer/]: Can't keep up! Is the server overloaded? Running 5762ms or 115 ticks behind
[10sept.2026 22:52:02.483] [Server thread/WARN] [net.minecraft.server.MinecraftServer/]: Can't keep up! Is the server overloaded? Running 5671ms or 113 ticks behind
[10sept.2026 22:52:22.967] [Server thread/WARN] [net.minecraft.server.MinecraftServer/]: Can't keep up! Is the server overloaded? Running 5505ms or 110 ticks behind
[10sept.2026 22:52:30.606] [Server thread/INFO] [AllTheLeaks/]: Listing events...
[10sept.2026 22:52:30.607] [Server thread/INFO] [AllTheLeaks/]: Server Player Logout: 1
[10sept.2026 22:52:30.607] [Server thread/INFO] [AllTheLeaks/]: Listing memory leaks so far...
[10sept.2026 22:52:30.608] [Server thread/INFO] [AllTheLeaks/]: B: 858MB / C: 1124MB / Diff: +266MB
[10sept.2026 22:52:30.608] [Server thread/INFO] [AllTheLeaks/]: Memory Leaks detected: (/atl force_refresh to update)
[10sept.2026 22:52:30.609] [Server thread/INFO] [AllTheLeaks/]: | ChunkAccess:
[10sept.2026 22:52:30.609] [Server thread/INFO] [AllTheLeaks/]: |- LevelChunk (minecraft): 22
[10sept.2026 22:52:44.518] [Server thread/WARN] [net.minecraft.server.MinecraftServer/]: Can't keep up! Is the server overloaded? Running 6555ms or 131 ticks behind
[10sept.2026 22:53:06.211] [Server thread/WARN] [net.minecraft.server.MinecraftServer/]: Can't keep up! Is the server overloaded? Running 6700ms or 134 ticks behind
[10sept.2026 22:53:28.509] [Server thread/WARN] [net.minecraft.server.MinecraftServer/]: Can't keep up! Is the server overloaded? Running 7297ms or 145 ticks behind
[10sept.2026 22:53:49.791] [Server thread/WARN] [net.minecraft.server.MinecraftServer/]: Can't keep up! Is the server overloaded? Running 6329ms or 126 ticks behind
[10sept.2026 22:54:11.466] [Server thread/WARN] [net.minecraft.server.MinecraftServer/]: Can't keep up! Is the server overloaded? Running 6704ms or 134 ticks behind
[10sept.2026 22:54:32.625] [Server thread/WARN] [net.minecraft.server.MinecraftServer/]: Can't keep up! Is the server overloaded? Running 6163ms or 123 ticks behind
[10sept.2026 22:54:55.291] [Server thread/WARN] [net.minecraft.server.MinecraftServer/]: Can't keep up! Is the server overloaded? Running 7679ms or 153 ticks behind
[10sept.2026 22:55:20.227] [Server thread/WARN] [net.minecraft.server.MinecraftServer/]: Can't keep up! Is the server overloaded? Running 9965ms or 199 ticks behind
[10sept.2026 22:55:41.461] [Server thread/WARN] [net.minecraft.server.MinecraftServer/]: Can't keep up! Is the server overloaded? Running 6249ms or 124 ticks behind
[10sept.2026 22:56:01.051] [Server thread/WARN] [net.minecraft.server.MinecraftServer/]: Can't keep up! Is the server overloaded? Running 4640ms or 92 ticks behind
[10sept.2026 22:56:22.650] [Server thread/WARN] [net.minecraft.server.MinecraftServer/]: Can't keep up! Is the server overloaded? Running 6638ms or 132 ticks behind
[10sept.2026 22:56:43.063] [Server thread/WARN] [net.minecraft.server.MinecraftServer/]: Can't keep up! Is the server overloaded? Running 5451ms or 109 ticks behind
[10sept.2026 22:57:04.176] [Server thread/WARN] [net.minecraft.server.MinecraftServer/]: Can't keep up! Is the server overloaded? Running 6115ms or 122 ticks behind
[10sept.2026 22:57:25.927] [Server thread/WARN] [net.minecraft.server.MinecraftServer/]: Can't keep up! Is the server overloaded? Running 6765ms or 135 ticks behind
[10sept.2026 22:57:46.866] [Server thread/WARN] [net.minecraft.server.MinecraftServer/]: Can't keep up! Is the server overloaded? Running 5954ms or 119 ticks behind
[10sept.2026 22:58:09.703] [Server thread/WARN] [net.minecraft.server.MinecraftServer/]: Can't keep up! Is the server overloaded? Running 7841ms or 156 ticks behind
[10sept.2026 22:58:31.399] [Server thread/WARN] [net.minecraft.server.MinecraftServer/]: Can't keep up! Is the server overloaded? Running 6737ms or 134 ticks behind
[10sept.2026 22:58:52.380] [Server thread/WARN] [net.minecraft.server.MinecraftServer/]: Can't keep up! Is the server overloaded? Running 6018ms or 120 ticks behind
[10sept.2026 22:59:13.447] [Server thread/WARN] [net.minecraft.server.MinecraftServer/]: Can't keep up! Is the server overloaded? Running 6085ms or 121 ticks behind
[10sept.2026 22:59:33.454] [Server thread/WARN] [net.minecraft.server.MinecraftServer/]: Can't keep up! Is the server overloaded? Running 5043ms or 100 ticks behind
[10sept.2026 22:59:54.166] [Server thread/WARN] [net.minecraft.server.MinecraftServer/]: Can't keep up! Is the server overloaded? Running 5755ms or 115 ticks behind
[10sept.2026 23:02:23.295] [Server thread/INFO] [net.minecraft.world.entity.npc.Villager/]: Villager Villager['Robbin'/223, l='ServerLevel[world]', x=708.60, y=67.00, z=1006.01] died, message: 'Robbin hit the ground too hard'
[10sept.2026 23:02:23.296] [Server thread/INFO] [net.minecraft.world.entity.LivingEntity/]: Named entity Villager['Robbin'/223, l='ServerLevel[world]', x=708.60, y=67.00, z=1006.01] died: Robbin hit the ground too hard
[10sept.2026 23:04:44.579] [Server thread/INFO] [AllTheLeaks/]: Listing events...
[10sept.2026 23:04:44.579] [Server thread/INFO] [AllTheLeaks/]: Server Player Logout: 1
[10sept.2026 23:04:44.579] [Server thread/INFO] [AllTheLeaks/]: Listing memory leaks so far...
[10sept.2026 23:04:44.579] [Server thread/INFO] [AllTheLeaks/]: B: 858MB / C: 1108MB / Diff: +250MB
[10sept.2026 23:04:44.580] [Server thread/INFO] [AllTheLeaks/]: No memory leak detected!
[10sept.2026 23:14:44.567] [Server thread/INFO] [AllTheLeaks/]: Listing events...
[10sept.2026 23:14:44.568] [Server thread/INFO] [AllTheLeaks/]: Server Player Logout: 1
[10sept.2026 23:14:44.568] [Server thread/INFO] [AllTheLeaks/]: Listing memory leaks so far...
[10sept.2026 23:14:44.568] [Server thread/INFO] [AllTheLeaks/]: B: 858MB / C: 1106MB / Diff: +248MB
[10sept.2026 23:14:44.569] [Server thread/INFO] [AllTheLeaks/]: No memory leak detected!
[10sept.2026 23:21:09.813] [Server thread/INFO] [net.minecraft.server.MinecraftServer/]: <Parmenyyon> Casque plus de batterie
[10sept.2026 23:21:12.937] [Server thread/INFO] [net.minecraft.server.MinecraftServer/]: <Zakohen> okok
[10sept.2026 23:21:13.141] [Server thread/INFO] [net.minecraft.server.MinecraftServer/]: <Parmenyyon> Plus de mic
[10sept.2026 23:21:38.987] [Server thread/INFO] [net.minecraft.server.MinecraftServer/]: <Parmenyyon> Tu fais un escalier pour monter pour accéder aux tours
[10sept.2026 23:21:46.529] [Server thread/INFO] [net.minecraft.server.MinecraftServer/]: <Zakohen> yep
[10sept.2026 23:21:48.780] [Server thread/INFO] [net.minecraft.server.MinecraftServer/]: <Zakohen> je capte
[10sept.2026 23:21:57.429] [Server thread/INFO] [net.minecraft.server.MinecraftServer/]: <Parmenyyon> Mais tu me diras, tu peux accéder aux tours depuis l'intérieur
[10sept.2026 23:22:02.683] [Server thread/INFO] [net.minecraft.server.MinecraftServer/]: <Zakohen> vrai
[10sept.2026 23:22:05.183] [Server thread/INFO] [net.minecraft.server.MinecraftServer/]: <Parmenyyon> Donc j'ai pas de réponse solide
[10sept.2026 23:22:12.238] [Server thread/INFO] [net.minecraft.server.MinecraftServer/]: <Zakohen> ahah
[10sept.2026 23:22:15.949] [Server thread/INFO] [net.minecraft.server.MinecraftServer/]: <Parmenyyon> Maintenant je pars
[10sept.2026 23:22:18.830] [Server thread/INFO] [net.minecraft.server.MinecraftServer/]: <Zakohen> bonne nuit
[10sept.2026 23:22:19.931] [Server thread/INFO] [net.minecraft.server.MinecraftServer/]: <Parmenyyon> Aurevoir
[10sept.2026 23:22:22.009] [Server thread/INFO] [net.minecraft.server.network.ServerGamePacketListenerImpl/]: Parmenyyon lost connection: Disconnected
[10sept.2026 23:22:22.011] [Server thread/INFO] [net.minecraft.server.MinecraftServer/]: Parmenyyon left the game
[10sept.2026 23:22:22.064] [Server thread/INFO] [net.minecraft.server.MinecraftServer/]: <Zakohen> mais rien que pour le style
[10sept.2026 23:22:31.048] [Server thread/WARN] [net.minecraft.server.MinecraftServer/]: Can't keep up! Is the server overloaded? Running 2022ms or 40 ticks behind
[10sept.2026 23:24:46.445] [Server thread/INFO] [AllTheLeaks/]: Listing events...
[10sept.2026 23:24:46.445] [Server thread/INFO] [AllTheLeaks/]: Server Player Logout: 2
[10sept.2026 23:24:46.445] [Server thread/INFO] [AllTheLeaks/]: Listing memory leaks so far...
[10sept.2026 23:24:46.446] [Server thread/INFO] [AllTheLeaks/]: B: 858MB / C: 1115MB / Diff: +257MB
[10sept.2026 23:24:46.446] [Server thread/INFO] [AllTheLeaks/]: Memory Leaks detected: (/atl force_refresh to update)
[10sept.2026 23:24:46.446] [Server thread/INFO] [AllTheLeaks/]: | Player:
[10sept.2026 23:24:46.446] [Server thread/INFO] [AllTheLeaks/]: |- ServerPlayer (minecraft): 1
[10sept.2026 23:27:15.147] [Server thread/WARN] [net.minecraft.server.MinecraftServer/]: Can't keep up! Is the server overloaded? Running 2007ms or 40 ticks behind
[10sept.2026 23:34:48.422] [Server thread/INFO] [AllTheLeaks/]: Listing events...
[10sept.2026 23:34:48.422] [Server thread/INFO] [AllTheLeaks/]: Server Player Logout: 2
[10sept.2026 23:34:48.422] [Server thread/INFO] [AllTheLeaks/]: Listing memory leaks so far...
[10sept.2026 23:34:48.423] [Server thread/INFO] [AllTheLeaks/]: B: 858MB / C: 1096MB / Diff: +238MB
[10sept.2026 23:34:48.423] [Server thread/INFO] [AllTheLeaks/]: Memory Leaks detected: (/atl force_refresh to update)
[10sept.2026 23:34:48.423] [Server thread/INFO] [AllTheLeaks/]: | Player:
[10sept.2026 23:34:48.423] [Server thread/INFO] [AllTheLeaks/]: |- ServerPlayer (minecraft): 1
[10sept.2026 23:35:07.128] [Server thread/INFO] [net.minecraft.server.network.ServerGamePacketListenerImpl/]: Zakohen lost connection: Disconnected
[10sept.2026 23:35:07.129] [Server thread/INFO] [net.minecraft.server.MinecraftServer/]: Zakohen left the game
[10sept.2026 23:35:18.732] [Server thread/INFO] [net.minecraft.server.MinecraftServer/]: Stopping the server
[10sept.2026 23:35:19.045] [Server thread/INFO] [net.minecraft.server.MinecraftServer/]: Stopping server
[10sept.2026 23:35:19.103] [Server thread/INFO] [net.minecraft.server.MinecraftServer/]: Saving players
[10sept.2026 23:35:19.104] [Server thread/INFO] [net.minecraft.server.MinecraftServer/]: Saving worlds
[10sept.2026 23:35:19.176] [Server thread/INFO] [net.minecraft.server.MinecraftServer/]: Saving chunks for level 'ServerLevel[world]'/minecraft:overworld
[10sept.2026 23:35:19.232] [Server thread/INFO] [net.minecraft.server.MinecraftServer/]: Saving chunks for level 'ServerLevel[world]'/minecraft:the_nether
[10sept.2026 23:35:19.249] [Server thread/INFO] [net.minecraft.server.MinecraftServer/]: Saving chunks for level 'ServerLevel[world]'/irons_spellbooks:pocket_dimension
[10sept.2026 23:35:19.250] [Server thread/INFO] [net.minecraft.server.MinecraftServer/]: Saving chunks for level 'ServerLevel[world]'/minecraft:the_end
[10sept.2026 23:35:19.254] [Server thread/INFO] [net.minecraft.server.MinecraftServer/]: ThreadedAnvilChunkStorage (world): All chunks are saved
[10sept.2026 23:35:19.254] [Server thread/INFO] [net.minecraft.server.MinecraftServer/]: ThreadedAnvilChunkStorage (DIM-1): All chunks are saved
[10sept.2026 23:35:19.254] [Server thread/INFO] [net.minecraft.server.MinecraftServer/]: ThreadedAnvilChunkStorage (pocket_dimension): All chunks are saved
[10sept.2026 23:35:19.255] [Server thread/INFO] [net.minecraft.server.MinecraftServer/]: ThreadedAnvilChunkStorage (DIM1): All chunks are saved
[10sept.2026 23:35:19.255] [Server thread/INFO] [net.minecraft.server.MinecraftServer/]: ThreadedAnvilChunkStorage: All dimensions are saved
[10sept.2026 23:35:19.772] [Server thread/INFO] [Framework/]: Unloading server configs...
[10sept.2026 23:35:19.776] [Server thread/INFO] [Framework/]: Sending config unload event for refurbished_furniture.server.toml
[10sept.2026 23:35:19.783] [Server thread/INFO] [Framework/]: Sending config unload event for goblintraders-entities.toml
[10sept.2026 23:35:19.783] [Server thread/INFO] [Framework/]: Finished unloading server configs
[10sept.2026 23:35:19.794] [Server thread/INFO] [Puzzles Lib/]: Dispatching unloading event for config easyanvils-server.toml
